date,ip,payroll,unemployment,cpi,core_cpi,m2,fed_funds,yield_10y,yield_2y,term_spread,breakeven_5y
2018-01-01,101.4625,147660.0,4.0,248.859,255.204,13910.2,1.41,2.58,2.03,,
2018-01-02,,,,,,,,,,0.54,1.9
2018-01-03,,,,,,,,,,0.5,1.87
2018-01-04,,,,,,,,,,0.5,1.92
2018-01-05,,,,,,,,,,0.51,1.95
2018-01-08,,,,,,,,,,0.53,1.91
2018-01-09,,,,,,,,,,0.57,1.95
2018-01-10,,,,,,,,,,0.57,1.94
2018-01-11,,,,,,,,,,0.56,1.89
2018-01-12,,,,,,,,,,0.56,1.92
2018-01-15,,,,,,,,,,,
2018-01-16,,,,,,,,,,0.51,1.94
2018-01-17,,,,,,,,,,0.52,1.9
2018-01-18,,,,,,,,,,0.57,1.99
2018-01-19,,,,,,,,,,0.58,2.0
2018-01-22,,,,,,,,,,0.58,2.0
2018-01-23,,,,,,,,,,0.57,1.92
2018-01-24,,,,,,,,,,0.57,1.96
2018-01-25,,,,,,,,,,0.55,1.91
2018-01-26,,,,,,,,,,0.53,1.93
2018-01-29,,,,,,,,,,0.59,1.92
2018-01-30,,,,,,,,,,0.6,1.97
2018-01-31,,,,,,,,,,0.58,1.98
2018-02-01,101.7085,148054.0,4.1,249.529,255.711,13947.2,1.42,2.86,2.18,0.62,1.93
2018-02-02,,,,,,,,,,0.69,1.93
2018-02-05,,,,,,,,,,0.69,1.95
2018-02-06,,,,,,,,,,0.69,1.88
2018-02-07,,,,,,,,,,0.69,1.9
2018-02-08,,,,,,,,,,0.72,1.89
2018-02-09,,,,,,,,,,0.78,1.83
2018-02-12,,,,,,,,,,0.77,1.84
2018-02-13,,,,,,,,,,0.73,1.88
2018-02-14,,,,,,,,,,0.74,1.91
2018-02-15,,,,,,,,,,0.71,2.0
2018-02-16,,,,,,,,,,0.66,2.0
2018-02-19,,,,,,,,,,,
2018-02-20,,,,,,,,,,0.63,2.04
2018-02-21,,,,,,,,,,0.68,2.06
2018-02-22,,,,,,,,,,0.67,2.06
2018-02-23,,,,,,,,,,0.63,2.04
2018-02-26,,,,,,,,,,0.64,2.07
2018-02-27,,,,,,,,,,0.63,2.09
2018-02-28,,,,,,,,,,0.62,2.04
2018-03-01,102.2067,148280.0,4.0,249.577,256.271,14003.5,1.51,2.84,2.28,0.59,2.03
2018-03-02,,,,,,,,,,0.61,2.03
2018-03-05,,,,,,,,,,0.64,2.05
2018-03-06,,,,,,,,,,0.63,2.1
2018-03-07,,,,,,,,,,0.64,2.1
2018-03-08,,,,,,,,,,0.61,2.08
2018-03-09,,,,,,,,,,0.63,1.96
2018-03-12,,,,,,,,,,0.6,2.02
2018-03-13,,,,,,,,,,0.58,2.05
2018-03-14,,,,,,,,,,0.55,2.04
2018-03-15,,,,,,,,,,0.53,2.07
2018-03-16,,,,,,,,,,0.54,2.05
2018-03-19,,,,,,,,,,0.54,2.04
2018-03-20,,,,,,,,,,0.55,2.05
2018-03-21,,,,,,,,,,0.58,1.96
2018-03-22,,,,,,,,,,0.54,2.03
2018-03-23,,,,,,,,,,0.54,2.01
2018-03-26,,,,,,,,,,0.52,2.01
2018-03-27,,,,,,,,,,0.52,1.94
2018-03-28,,,,,,,,,,0.49,1.91
2018-03-29,,,,,,,,,,0.47,1.92
2018-03-30,,,,,,,,,,,
2018-04-01,103.3329,148420.0,4.0,250.227,256.63,14021.4,1.69,2.87,2.38,,
2018-04-02,,,,,,,,,,0.48,1.99
2018-04-03,,,,,,,,,,0.51,1.99
2018-04-04,,,,,,,,,,0.51,2.04
2018-04-05,,,,,,,,,,0.53,1.93
2018-04-06,,,,,,,,,,0.5,2.01
2018-04-09,,,,,,,,,,0.49,2.02
2018-04-10,,,,,,,,,,0.48,2.0
2018-04-11,,,,,,,,,,0.47,2.06
2018-04-12,,,,,,,,,,0.49,2.05
2018-04-13,,,,,,,,,,0.45,2.01
2018-04-16,,,,,,,,,,0.44,2.08
2018-04-17,,,,,,,,,,0.41,2.01
2018-04-18,,,,,,,,,,0.45,2.04
2018-04-19,,,,,,,,,,0.48,2.12
2018-04-20,,,,,,,,,,0.5,2.1
2018-04-23,,,,,,,,,,0.49,2.11
2018-04-24,,,,,,,,,,0.52,2.1
2018-04-25,,,,,,,,,,0.54,2.09
2018-04-26,,,,,,,,,,0.51,2.1
2018-04-27,,,,,,,,,,0.47,2.09
2018-04-30,,,,,,,,,,0.46,2.1
2018-05-01,102.4024,148742.0,3.8,250.792,257.145,14077.4,1.7,2.98,2.51,0.47,2.09
2018-05-02,,,,,,,,,,0.48,2.09
2018-05-03,,,,,,,,,,0.45,2.09
2018-05-04,,,,,,,,,,0.44,2.09
2018-05-07,,,,,,,,,,0.46,2.11
2018-05-08,,,,,,,,,,0.46,2.1
2018-05-09,,,,,,,,,,0.46,2.13
2018-05-10,,,,,,,,,,0.43,2.12
2018-05-11,,,,,,,,,,0.43,2.13
2018-05-14,,,,,,,,,,0.45,2.12
2018-05-15,,,,,,,,,,0.5,2.15
2018-05-16,,,,,,,,,,0.51,2.16
2018-05-17,,,,,,,,,,0.54,2.16
2018-05-18,,,,,,,,,,0.51,2.14
2018-05-21,,,,,,,,,,0.48,2.15
2018-05-22,,,,,,,,,,0.47,2.13
2018-05-23,,,,,,,,,,0.48,2.12
2018-05-24,,,,,,,,,,0.48,2.11
2018-05-25,,,,,,,,,,0.45,2.04
2018-05-28,,,,,,,,,,,
2018-05-29,,,,,,,,,,0.45,1.98
2018-05-30,,,,,,,,,,0.42,2.0
2018-05-31,,,,,,,,,,0.43,2.03
2018-06-01,103.198,148960.0,4.0,251.018,257.399,14137.7,1.82,2.91,2.53,0.42,2.06
2018-06-04,,,,,,,,,,0.42,2.06
2018-06-05,,,,,,,,,,0.43,2.05
2018-06-06,,,,,,,,,,0.45,2.06
2018-06-07,,,,,,,,,,0.43,2.08
2018-06-08,,,,,,,,,,0.43,2.06
2018-06-11,,,,,,,,,,0.44,2.08
2018-06-12,,,,,,,,,,0.42,2.07
2018-06-13,,,,,,,,,,0.39,2.09
2018-06-14,,,,,,,,,,0.35,2.07
2018-06-15,,,,,,,,,,0.38,2.08
2018-06-18,,,,,,,,,,0.36,2.08
2018-06-19,,,,,,,,,,0.35,2.07
2018-06-20,,,,,,,,,,0.37,2.06
2018-06-21,,,,,,,,,,0.34,2.05
2018-06-22,,,,,,,,,,0.34,2.07
2018-06-25,,,,,,,,,,0.33,2.06
2018-06-26,,,,,,,,,,0.35,2.07
2018-06-27,,,,,,,,,,0.31,2.07
2018-06-28,,,,,,,,,,0.32,2.07
2018-06-29,,,,,,,,,,0.33,2.06
2018-07-01,103.3646,149020.0,3.8,251.214,257.699,14171.1,1.91,2.89,2.61,,
2018-07-02,,,,,,,,,,0.3,2.07
2018-07-03,,,,,,,,,,0.3,2.08
2018-07-04,,,,,,,,,,,
2018-07-05,,,,,,,,,,0.29,2.1
2018-07-06,,,,,,,,,,0.29,2.08
2018-07-09,,,,,,,,,,0.29,2.1
2018-07-10,,,,,,,,,,0.28,2.09
2018-07-11,,,,,,,,,,0.27,2.07
2018-07-12,,,,,,,,,,0.25,2.06
2018-07-13,,,,,,,,,,0.24,2.07
2018-07-16,,,,,,,,,,0.26,2.05
2018-07-17,,,,,,,,,,0.24,2.03
2018-07-18,,,,,,,,,,0.28,2.03
2018-07-19,,,,,,,,,,0.24,2.01
2018-07-20,,,,,,,,,,0.29,2.02
2018-07-23,,,,,,,,,,0.32,2.01
2018-07-24,,,,,,,,,,0.32,2.0
2018-07-25,,,,,,,,,,0.28,2.01
2018-07-26,,,,,,,,,,0.29,2.0
2018-07-27,,,,,,,,,,0.29,2.0
2018-07-30,,,,,,,,,,0.32,2.01
2018-07-31,,,,,,,,,,0.29,2.0
2018-08-01,104.0327,149277.0,3.8,251.663,257.891,14219.4,1.91,2.89,2.64,0.33,2.0
2018-08-02,,,,,,,,,,0.32,1.99
2018-08-03,,,,,,,,,,0.32,2.0
2018-08-06,,,,,,,,,,0.3,1.98
2018-08-07,,,,,,,,,,0.3,2.0
2018-08-08,,,,,,,,,,0.28,1.98
2018-08-09,,,,,,,,,,0.29,1.97
2018-08-10,,,,,,,,,,0.26,1.98
2018-08-13,,,,,,,,,,0.27,1.99
2018-08-14,,,,,,,,,,0.26,1.99
2018-08-15,,,,,,,,,,0.25,1.97
2018-08-16,,,,,,,,,,0.24,1.97
2018-08-17,,,,,,,,,,0.26,1.96
2018-08-20,,,,,,,,,,0.22,1.95
2018-08-21,,,,,,,,,,0.24,1.97
2018-08-22,,,,,,,,,,0.22,1.96
2018-08-23,,,,,,,,,,0.21,1.99
2018-08-24,,,,,,,,,,0.19,1.99
2018-08-27,,,,,,,,,,0.18,2.0
2018-08-28,,,,,,,,,,0.21,1.99
2018-08-29,,,,,,,,,,0.22,2.0
2018-08-30,,,,,,,,,,0.22,1.99
2018-08-31,,,,,,,,,,0.24,1.98
2018-09-01,104.1004,149358.0,3.7,252.182,258.368,14253.8,1.95,3.0,2.77,,
2018-09-03,,,,,,,,,,,
2018-09-04,,,,,,,,,,0.24,1.99
2018-09-05,,,,,,,,,,0.24,1.98
2018-09-06,,,,,,,,,,0.24,1.97
2018-09-07,,,,,,,,,,0.23,1.98
2018-09-10,,,,,,,,,,0.21,1.98
2018-09-11,,,,,,,,,,0.22,2.01
2018-09-12,,,,,,,,,,0.23,2.02
2018-09-13,,,,,,,,,,0.21,1.98
2018-09-14,,,,,,,,,,0.21,2.0
2018-09-17,,,,,,,,,,0.21,1.99
2018-09-18,,,,,,,,,,0.24,2.01
2018-09-19,,,,,,,,,,0.27,2.02
2018-09-20,,,,,,,,,,0.26,2.02
2018-09-21,,,,,,,,,,0.26,2.02
2018-09-24,,,,,,,,,,0.25,2.03
2018-09-25,,,,,,,,,,0.27,2.05
2018-09-26,,,,,,,,,,0.23,2.04
2018-09-27,,,,,,,,,,0.23,2.04
2018-09-28,,,,,,,,,,0.24,2.03
2018-10-01,103.9856,149527.0,3.8,252.772,258.917,14265.4,2.19,3.15,2.86,0.27,2.04
2018-10-02,,,,,,,,,,0.23,2.03
2018-10-03,,,,,,,,,,0.3,2.07
2018-10-04,,,,,,,,,,0.32,2.06
2018-10-05,,,,,,,,,,0.35,2.05
2018-10-08,,,,,,,,,,,
2018-10-09,,,,,,,,,,0.33,2.05
2018-10-10,,,,,,,,,,0.34,2.04
2018-10-11,,,,,,,,,,0.29,1.99
2018-10-12,,,,,,,,,,0.3,1.99
2018-10-15,,,,,,,,,,0.31,2.0
2018-10-16,,,,,,,,,,0.29,2.01
2018-10-17,,,,,,,,,,0.3,2.0
2018-10-18,,,,,,,,,,0.3,1.99
2018-10-19,,,,,,,,,,0.28,1.98
2018-10-22,,,,,,,,,,0.28,1.98
2018-10-23,,,,,,,,,,0.28,1.94
2018-10-24,,,,,,,,,,0.26,1.93
2018-10-25,,,,,,,,,,0.28,1.91
2018-10-26,,,,,,,,,,0.27,1.93
2018-10-29,,,,,,,,,,0.27,1.92
2018-10-30,,,,,,,,,,0.28,1.91
2018-10-31,,,,,,,,,,0.28,1.9
2018-11-01,104.0681,149617.0,3.8,252.594,259.439,14285.7,2.2,3.12,2.86,0.3,1.88
2018-11-02,,,,,,,,,,0.31,1.91
2018-11-05,,,,,,,,,,0.29,1.91
2018-11-06,,,,,,,,,,0.29,1.92
2018-11-07,,,,,,,,,,0.26,1.93
2018-11-08,,,,,,,,,,0.26,1.92
2018-11-09,,,,,,,,,,0.25,1.9
2018-11-12,,,,,,,,,,,
2018-11-13,,,,,,,,,,0.25,1.88
2018-11-14,,,,,,,,,,0.26,1.85
2018-11-15,,,,,,,,,,0.25,1.85
2018-11-16,,,,,,,,,,0.27,1.88
2018-11-19,,,,,,,,,,0.27,1.85
2018-11-20,,,,,,,,,,0.27,1.82
2018-11-21,,,,,,,,,,0.25,1.81
2018-11-22,,,,,,,,,,,
2018-11-23,,,,,,,,,,0.24,1.77
2018-11-26,,,,,,,,,,0.23,1.78
2018-11-27,,,,,,,,,,0.23,1.73
2018-11-28,,,,,,,,,,0.25,1.74
2018-11-29,,,,,,,,,,0.22,1.79
2018-11-30,,,,,,,,,,0.21,1.77
2018-12-01,104.0936,149809.0,3.9,252.767,260.063,14407.5,2.27,2.83,2.68,,
2018-12-03,,,,,,,,,,0.15,1.76
2018-12-04,,,,,,,,,,0.11,1.74
2018-12-05,,,,,,,,,,,
2018-12-06,,,,,,,,,,0.12,1.69
2018-12-07,,,,,,,,,,0.13,1.68
2018-12-10,,,,,,,,,,0.13,1.65
2018-12-11,,,,,,,,,,0.11,1.62
2018-12-12,,,,,,,,,,0.14,1.62
2018-12-13,,,,,,,,,,0.16,1.62
2018-12-14,,,,,,,,,,0.16,1.6
2018-12-17,,,,,,,,,,0.16,1.58
2018-12-18,,,,,,,,,,0.17,1.58
2018-12-19,,,,,,,,,,0.14,1.56
2018-12-20,,,,,,,,,,0.12,1.53
2018-12-21,,,,,,,,,,0.16,1.55
2018-12-24,,,,,,,,,,0.19,1.52
2018-12-25,,,,,,,,,,,
2018-12-26,,,,,,,,,,0.2,1.57
2018-12-27,,,,,,,,,,0.21,1.53
2018-12-28,,,,,,,,,,0.2,1.52
2018-12-31,,,,,,,,,,0.21,1.51
2019-01-01,103.4021,150060.0,4.0,252.561,260.766,14471.5,2.4,2.71,2.54,,
2019-01-02,,,,,,,,,,0.16,1.49
2019-01-03,,,,,,,,,,0.17,1.49
2019-01-04,,,,,,,,,,0.17,1.58
2019-01-07,,,,,,,,,,0.17,1.61
2019-01-08,,,,,,,,,,0.15,1.66
2019-01-09,,,,,,,,,,0.18,1.68
2019-01-10,,,,,,,,,,0.18,1.65
2019-01-11,,,,,,,,,,0.16,1.66
2019-01-14,,,,,,,,,,0.18,1.64
2019-01-15,,,,,,,,,,0.19,1.63
2019-01-16,,,,,,,,,,0.18,1.64
2019-01-17,,,,,,,,,,0.19,1.64
2019-01-18,,,,,,,,,,0.17,1.67
2019-01-21,,,,,,,,,,,
2019-01-22,,,,,,,,,,0.16,1.63
2019-01-23,,,,,,,,,,0.18,1.64
2019-01-24,,,,,,,,,,0.16,1.62
2019-01-25,,,,,,,,,,0.16,1.64
2019-01-28,,,,,,,,,,0.15,1.62
2019-01-29,,,,,,,,,,0.16,1.62
2019-01-30,,,,,,,,,,0.18,1.68
2019-01-31,,,,,,,,,,0.18,1.7
2019-02-01,102.8371,150067.0,3.8,253.319,261.186,14506.7,2.4,2.68,2.5,0.18,1.72
2019-02-04,,,,,,,,,,0.2,1.72
2019-02-05,,,,,,,,,,0.18,1.72
2019-02-06,,,,,,,,,,0.18,1.71
2019-02-07,,,,,,,,,,0.17,1.69
2019-02-08,,,,,,,,,,0.18,1.69
2019-02-11,,,,,,,,,,0.17,1.69
2019-02-12,,,,,,,,,,0.18,1.71
2019-02-13,,,,,,,,,,0.18,1.76
2019-02-14,,,,,,,,,,0.16,1.74
2019-02-15,,,,,,,,,,0.14,1.75
2019-02-18,,,,,,,,,,,
2019-02-19,,,,,,,,,,0.15,1.76
2019-02-20,,,,,,,,,,0.15,1.79
2019-02-21,,,,,,,,,,0.16,1.8
2019-02-22,,,,,,,,,,0.17,1.82
2019-02-25,,,,,,,,,,0.16,1.82
2019-02-26,,,,,,,,,,0.16,1.82
2019-02-27,,,,,,,,,,0.19,1.84
2019-02-28,,,,,,,,,,0.21,1.84
2019-03-01,102.8757,150295.0,3.8,254.277,261.567,14550.5,2.41,2.57,2.41,0.21,1.85
2019-03-04,,,,,,,,,,0.17,1.84
2019-03-05,,,,,,,,,,0.17,1.83
2019-03-06,,,,,,,,,,0.17,1.81
2019-03-07,,,,,,,,,,0.17,1.8
2019-03-08,,,,,,,,,,0.17,1.8
2019-03-11,,,,,,,,,,0.17,1.82
2019-03-12,,,,,,,,,,0.16,1.81
2019-03-13,,,,,,,,,,0.16,1.84
2019-03-14,,,,,,,,,,0.17,1.85
2019-03-15,,,,,,,,,,0.16,1.86
2019-03-18,,,,,,,,,,0.15,1.88
2019-03-19,,,,,,,,,,0.15,1.85
2019-03-20,,,,,,,,,,0.14,1.88
2019-03-21,,,,,,,,,,0.13,1.86
2019-03-22,,,,,,,,,,0.13,1.8
2019-03-25,,,,,,,,,,0.17,1.77
2019-03-26,,,,,,,,,,0.17,1.75
2019-03-27,,,,,,,,,,0.17,1.74
2019-03-28,,,,,,,,,,0.16,1.72
2019-03-29,,,,,,,,,,0.14,1.78
2019-04-01,102.274,150591.0,3.7,255.233,261.997,14579.0,2.42,2.53,2.34,0.16,1.82
2019-04-02,,,,,,,,,,0.18,1.81
2019-04-03,,,,,,,,,,0.19,1.81
2019-04-04,,,,,,,,,,0.18,1.81
2019-04-05,,,,,,,,,,0.15,1.79
2019-04-08,,,,,,,,,,0.16,1.81
2019-04-09,,,,,,,,,,0.16,1.8
2019-04-10,,,,,,,,,,0.17,1.83
2019-04-11,,,,,,,,,,0.16,1.82
2019-04-12,,,,,,,,,,0.16,1.86
2019-04-15,,,,,,,,,,0.15,1.85
2019-04-16,,,,,,,,,,0.19,1.86
2019-04-17,,,,,,,,,,0.19,1.84
2019-04-18,,,,,,,,,,0.19,1.86
2019-04-19,,,,,,,,,,,
2019-04-22,,,,,,,,,,0.21,1.87
2019-04-23,,,,,,,,,,0.21,1.87
2019-04-24,,,,,,,,,,0.21,1.87
2019-04-25,,,,,,,,,,0.21,1.86
2019-04-26,,,,,,,,,,0.23,1.86
2019-04-29,,,,,,,,,,0.24,1.86
2019-04-30,,,,,,,,,,0.24,1.85
2019-05-01,102.392,150618.0,3.6,255.296,262.217,14678.3,2.39,2.4,2.21,0.21,1.83
2019-05-02,,,,,,,,,,0.2,1.78
2019-05-03,,,,,,,,,,0.21,1.8
2019-05-06,,,,,,,,,,0.2,1.81
2019-05-07,,,,,,,,,,0.17,1.76
2019-05-08,,,,,,,,,,0.19,1.75
2019-05-09,,,,,,,,,,0.19,1.73
2019-05-10,,,,,,,,,,0.21,1.75
2019-05-13,,,,,,,,,,0.22,1.73
2019-05-14,,,,,,,,,,0.22,1.75
2019-05-15,,,,,,,,,,0.21,1.74
2019-05-16,,,,,,,,,,0.2,1.75
2019-05-17,,,,,,,,,,0.19,1.71
2019-05-20,,,,,,,,,,0.2,1.71
2019-05-21,,,,,,,,,,0.17,1.72
2019-05-22,,,,,,,,,,0.16,1.68
2019-05-23,,,,,,,,,,0.19,1.62
2019-05-24,,,,,,,,,,0.16,1.62
2019-05-27,,,,,,,,,,,
2019-05-28,,,,,,,,,,0.14,1.58
2019-05-29,,,,,,,,,,0.16,1.59
2019-05-30,,,,,,,,,,0.16,1.59
2019-05-31,,,,,,,,,,0.19,1.58
2019-06-01,102.4375,150838.0,3.6,255.213,262.739,14798.6,2.38,2.07,1.81,,
2019-06-03,,,,,,,,,,0.25,1.56
2019-06-04,,,,,,,,,,0.24,1.59
2019-06-05,,,,,,,,,,0.29,1.59
2019-06-06,,,,,,,,,,0.24,1.58
2019-06-07,,,,,,,,,,0.24,1.61
2019-06-10,,,,,,,,,,0.25,1.6
2019-06-11,,,,,,,,,,0.22,1.57
2019-06-12,,,,,,,,,,0.25,1.53
2019-06-13,,,,,,,,,,0.27,1.51
2019-06-14,,,,,,,,,,0.25,1.48
2019-06-17,,,,,,,,,,0.23,1.45
2019-06-18,,,,,,,,,,0.2,1.49
2019-06-19,,,,,,,,,,0.29,1.53
2019-06-20,,,,,,,,,,0.29,1.58
2019-06-21,,,,,,,,,,0.3,1.6
2019-06-24,,,,,,,,,,0.3,1.57
2019-06-25,,,,,,,,,,0.29,1.52
2019-06-26,,,,,,,,,,0.28,1.56
2019-06-27,,,,,,,,,,0.27,1.53
2019-06-28,,,,,,,,,,0.25,1.53
2019-07-01,101.9408,150937.0,3.7,255.802,263.28,14881.8,2.4,2.06,1.84,0.25,1.53
2019-07-02,,,,,,,,,,0.21,1.5
2019-07-03,,,,,,,,,,0.19,1.51
2019-07-04,,,,,,,,,,,
2019-07-05,,,,,,,,,,0.17,1.55
2019-07-08,,,,,,,,,,0.17,1.55
2019-07-09,,,,,,,,,,0.15,1.56
2019-07-10,,,,,,,,,,0.25,1.59
2019-07-11,,,,,,,,,,0.28,1.63
2019-07-12,,,,,,,,,,0.28,1.62
2019-07-15,,,,,,,,,,0.26,1.61
2019-07-16,,,,,,,,,,0.26,1.63
2019-07-17,,,,,,,,,,0.23,1.6
2019-07-18,,,,,,,,,,0.27,1.6
2019-07-19,,,,,,,,,,0.25,1.6
2019-07-22,,,,,,,,,,0.25,1.59
2019-07-23,,,,,,,,,,0.25,1.61
2019-07-24,,,,,,,,,,0.22,1.59
2019-07-25,,,,,,,,,,0.22,1.6
2019-07-26,,,,,,,,,,0.22,1.57
2019-07-29,,,,,,,,,,0.21,1.57
2019-07-30,,,,,,,,,,0.21,1.58
2019-07-31,,,,,,,,,,0.13,1.56
2019-08-01,102.639,151169.0,3.6,256.036,263.877,14964.1,2.13,1.63,1.57,0.17,1.47
2019-08-02,,,,,,,,,,0.14,1.45
2019-08-05,,,,,,,,,,0.16,1.39
2019-08-06,,,,,,,,,,0.13,1.4
2019-08-07,,,,,,,,,,0.12,1.38
2019-08-08,,,,,,,,,,0.1,1.43
2019-08-09,,,,,,,,,,0.11,1.44
2019-08-12,,,,,,,,,,0.07,1.39
2019-08-13,,,,,,,,,,0.02,1.44
2019-08-14,,,,,,,,,,0.01,1.36
2019-08-15,,,,,,,,,,0.04,1.34
2019-08-16,,,,,,,,,,0.07,1.34
2019-08-19,,,,,,,,,,0.07,1.36
2019-08-20,,,,,,,,,,0.05,1.34
2019-08-21,,,,,,,,,,0.03,1.34
2019-08-22,,,,,,,,,,0.01,1.35
2019-08-23,,,,,,,,,,0.01,1.35
2019-08-26,,,,,,,,,,0.0,1.34
2019-08-27,,,,,,,,,,-0.04,1.36
2019-08-28,,,,,,,,,,-0.03,1.36
2019-08-29,,,,,,,,,,-0.03,1.39
2019-08-30,,,,,,,,,,0.0,1.35
2019-09-01,102.2917,151365.0,3.5,256.43,264.388,15062.4,2.04,1.7,1.65,,
2019-09-02,,,,,,,,,,,
2019-09-03,,,,,,,,,,0.0,1.29
2019-09-04,,,,,,,,,,0.04,1.31
2019-09-05,,,,,,,,,,0.02,1.35
2019-09-06,,,,,,,,,,0.02,1.35
2019-09-09,,,,,,,,,,0.05,1.38
2019-09-10,,,,,,,,,,0.05,1.4
2019-09-11,,,,,,,,,,0.07,1.4
2019-09-12,,,,,,,,,,0.07,1.43
2019-09-13,,,,,,,,,,0.11,1.46
2019-09-16,,,,,,,,,,0.1,1.48
2019-09-17,,,,,,,,,,0.09,1.46
2019-09-18,,,,,,,,,,0.03,1.4
2019-09-19,,,,,,,,,,0.05,1.41
2019-09-20,,,,,,,,,,0.05,1.42
2019-09-23,,,,,,,,,,0.04,1.42
2019-09-24,,,,,,,,,,0.04,1.39
2019-09-25,,,,,,,,,,0.05,1.41
2019-09-26,,,,,,,,,,0.04,1.4
2019-09-27,,,,,,,,,,0.06,1.36
2019-09-30,,,,,,,,,,0.05,1.35
2019-10-01,101.4281,151460.0,3.6,257.155,264.97,15197.3,1.83,1.71,1.55,0.09,1.33
2019-10-02,,,,,,,,,,0.12,1.29
2019-10-03,,,,,,,,,,0.15,1.25
2019-10-04,,,,,,,,,,0.12,1.27
2019-10-07,,,,,,,,,,0.1,1.27
2019-10-08,,,,,,,,,,0.12,1.25
2019-10-09,,,,,,,,,,0.12,1.24
2019-10-10,,,,,,,,,,0.14,1.29
2019-10-11,,,,,,,,,,0.13,1.34
2019-10-14,,,,,,,,,,,
2019-10-15,,,,,,,,,,0.16,1.33
2019-10-16,,,,,,,,,,0.17,1.35
2019-10-17,,,,,,,,,,0.16,1.52
2019-10-18,,,,,,,,,,0.18,1.52
2019-10-21,,,,,,,,,,0.18,1.53
2019-10-22,,,,,,,,,,0.18,1.53
2019-10-23,,,,,,,,,,0.19,1.52
2019-10-24,,,,,,,,,,0.19,1.52
2019-10-25,,,,,,,,,,0.17,1.55
2019-10-28,,,,,,,,,,0.21,1.53
2019-10-29,,,,,,,,,,0.2,1.51
2019-10-30,,,,,,,,,,0.17,1.47
2019-10-31,,,,,,,,,,0.17,1.44
2019-11-01,101.9372,151667.0,3.6,257.879,265.548,15305.1,1.55,1.81,1.61,0.17,1.5
2019-11-04,,,,,,,,,,0.19,1.56
2019-11-05,,,,,,,,,,0.23,1.58
2019-11-06,,,,,,,,,,0.2,1.57
2019-11-07,,,,,,,,,,0.24,1.61
2019-11-08,,,,,,,,,,0.26,1.63
2019-11-11,,,,,,,,,,,
2019-11-12,,,,,,,,,,0.26,1.6
2019-11-13,,,,,,,,,,0.25,1.58
2019-11-14,,,,,,,,,,0.24,1.54
2019-11-15,,,,,,,,,,0.23,1.52
2019-11-18,,,,,,,,,,0.21,1.54
2019-11-19,,,,,,,,,,0.19,1.53
2019-11-20,,,,,,,,,,0.17,1.51
2019-11-21,,,,,,,,,,0.17,1.53
2019-11-22,,,,,,,,,,0.16,1.53
2019-11-25,,,,,,,,,,0.15,1.53
2019-11-26,,,,,,,,,,0.16,1.52
2019-11-27,,,,,,,,,,0.14,1.54
2019-11-28,,,,,,,,,,,
2019-11-29,,,,,,,,,,0.17,1.5
2019-12-01,101.7003,151794.0,3.6,258.63,266.02,15373.7,1.55,1.86,1.61,,
2019-12-02,,,,,,,,,,0.22,1.54
2019-12-03,,,,,,,,,,0.19,1.51
2019-12-04,,,,,,,,,,0.19,1.54
2019-12-05,,,,,,,,,,0.22,1.55
2019-12-06,,,,,,,,,,0.23,1.59
2019-12-09,,,,,,,,,,0.2,1.59
2019-12-10,,,,,,,,,,0.2,1.59
2019-12-11,,,,,,,,,,0.18,1.6
2019-12-12,,,,,,,,,,0.24,1.62
2019-12-13,,,,,,,,,,0.21,1.62
2019-12-16,,,,,,,,,,0.24,1.64
2019-12-17,,,,,,,,,,0.26,1.65
2019-12-18,,,,,,,,,,0.29,1.68
2019-12-19,,,,,,,,,,0.3,1.68
2019-12-20,,,,,,,,,,0.29,1.67
2019-12-23,,,,,,,,,,0.29,1.67
2019-12-24,,,,,,,,,,0.28,1.67
2019-12-25,,,,,,,,,,,
2019-12-26,,,,,,,,,,0.26,1.66
2019-12-27,,,,,,,,,,0.29,1.64
2019-12-30,,,,,,,,,,0.32,1.66
2019-12-31,,,,,,,,,,0.34,1.68
2020-01-01,101.0338,152031.0,3.6,259.127,266.716,15443.2,1.55,1.76,1.52,,
2020-01-02,,,,,,,,,,0.3,1.72
2020-01-03,,,,,,,,,,0.27,1.69
2020-01-06,,,,,,,,,,0.27,1.69
2020-01-07,,,,,,,,,,0.29,1.67
2020-01-08,,,,,,,,,,0.29,1.68
2020-01-09,,,,,,,,,,0.27,1.67
2020-01-10,,,,,,,,,,0.27,1.67
2020-01-13,,,,,,,,,,0.27,1.7
2020-01-14,,,,,,,,,,0.24,1.7
2020-01-15,,,,,,,,,,0.23,1.67
2020-01-16,,,,,,,,,,0.23,1.68
2020-01-17,,,,,,,,,,0.26,1.68
2020-01-20,,,,,,,,,,,
2020-01-21,,,,,,,,,,0.25,1.66
2020-01-22,,,,,,,,,,0.24,1.64
2020-01-23,,,,,,,,,,0.23,1.64
2020-01-24,,,,,,,,,,0.21,1.62
2020-01-27,,,,,,,,,,0.17,1.56
2020-01-28,,,,,,,,,,0.2,1.59
2020-01-29,,,,,,,,,,0.18,1.58
2020-01-30,,,,,,,,,,0.16,1.59
2020-01-31,,,,,,,,,,0.18,1.6
2020-02-01,101.3735,152293.0,3.5,259.25,267.37,15497.1,1.58,1.5,1.33,,
2020-02-03,,,,,,,,,,0.18,1.56
2020-02-04,,,,,,,,,,0.2,1.58
2020-02-05,,,,,,,,,,0.22,1.61
2020-02-06,,,,,,,,,,0.21,1.61
2020-02-07,,,,,,,,,,0.18,1.61
2020-02-10,,,,,,,,,,0.19,1.62
2020-02-11,,,,,,,,,,0.18,1.6
2020-02-12,,,,,,,,,,0.18,1.64
2020-02-13,,,,,,,,,,0.17,1.65
2020-02-14,,,,,,,,,,0.17,1.64
2020-02-17,,,,,,,,,,,
2020-02-18,,,,,,,,,,0.14,1.64
2020-02-19,,,,,,,,,,0.14,1.65
2020-02-20,,,,,,,,,,0.13,1.63
2020-02-21,,,,,,,,,,0.12,1.6
2020-02-24,,,,,,,,,,0.12,1.57
2020-02-25,,,,,,,,,,0.13,1.52
2020-02-26,,,,,,,,,,0.17,1.5
2020-02-27,,,,,,,,,,0.19,1.48
2020-02-28,,,,,,,,,,0.27,1.33
2020-03-01,97.4078,150895.0,4.4,258.076,267.054,16025.9,0.65,0.87,0.45,,
2020-03-02,,,,,,,,,,0.26,1.32
2020-03-03,,,,,,,,,,0.31,1.34
2020-03-04,,,,,,,,,,0.35,1.34
2020-03-05,,,,,,,,,,0.33,1.28
2020-03-06,,,,,,,,,,0.25,1.14
2020-03-09,,,,,,,,,,0.16,0.8
2020-03-10,,,,,,,,,,0.26,0.77
2020-03-11,,,,,,,,,,0.32,0.69
2020-03-12,,,,,,,,,,0.38,0.63
2020-03-13,,,,,,,,,,0.45,0.53
2020-03-16,,,,,,,,,,0.37,0.3
2020-03-17,,,,,,,,,,0.55,0.16
2020-03-18,,,,,,,,,,0.64,0.16
2020-03-19,,,,,,,,,,0.68,0.14
2020-03-20,,,,,,,,,,0.55,0.31
2020-03-23,,,,,,,,,,0.48,0.37
2020-03-24,,,,,,,,,,0.46,0.55
2020-03-25,,,,,,,,,,0.54,0.69
2020-03-26,,,,,,,,,,0.53,0.72
2020-03-27,,,,,,,,,,0.47,0.54
2020-03-30,,,,,,,,,,0.47,0.57
2020-03-31,,,,,,,,,,0.47,0.49
2020-04-01,84.5619,130426.0,14.8,256.032,265.746,17039.1,0.05,0.66,0.22,0.39,0.56
2020-04-02,,,,,,,,,,0.4,0.73
2020-04-03,,,,,,,,,,0.39,0.78
2020-04-06,,,,,,,,,,0.4,0.85
2020-04-07,,,,,,,,,,0.47,0.86
2020-04-08,,,,,,,,,,0.5,0.87
2020-04-09,,,,,,,,,,0.5,0.9
2020-04-10,,,,,,,,,,,
2020-04-13,,,,,,,,,,0.51,0.94
2020-04-14,,,,,,,,,,0.53,0.94
2020-04-15,,,,,,,,,,0.43,0.87
2020-04-16,,,,,,,,,,0.41,0.7
2020-04-17,,,,,,,,,,0.45,0.67
2020-04-20,,,,,,,,,,0.43,0.56
2020-04-21,,,,,,,,,,0.38,0.58
2020-04-22,,,,,,,,,,0.41,0.69
2020-04-23,,,,,,,,,,0.39,0.67
2020-04-24,,,,,,,,,,0.38,0.72
2020-04-27,,,,,,,,,,0.43,0.78
2020-04-28,,,,,,,,,,0.42,0.76
2020-04-29,,,,,,,,,,0.43,0.78
2020-04-30,,,,,,,,,,0.44,0.72
2020-05-01,85.9604,133040.0,13.2,255.802,265.412,17886.4,0.05,0.67,0.17,0.44,0.68
2020-05-04,,,,,,,,,,0.45,0.69
2020-05-05,,,,,,,,,,0.47,0.71
2020-05-06,,,,,,,,,,0.55,0.71
2020-05-07,,,,,,,,,,0.5,0.7
2020-05-08,,,,,,,,,,0.53,0.74
2020-05-11,,,,,,,,,,0.56,0.75
2020-05-12,,,,,,,,,,0.52,0.72
2020-05-13,,,,,,,,,,0.48,0.71
2020-05-14,,,,,,,,,,0.47,0.71
2020-05-15,,,,,,,,,,0.48,0.75
2020-05-18,,,,,,,,,,0.55,0.84
2020-05-19,,,,,,,,,,0.53,0.82
2020-05-20,,,,,,,,,,0.52,0.83
2020-05-21,,,,,,,,,,0.51,0.81
2020-05-22,,,,,,,,,,0.49,0.8
2020-05-25,,,,,,,,,,,
2020-05-26,,,,,,,,,,0.51,0.82
2020-05-27,,,,,,,,,,0.49,0.82
2020-05-28,,,,,,,,,,0.53,0.86
2020-05-29,,,,,,,,,,0.49,0.83
2020-06-01,91.5934,137671.0,11.0,257.042,265.849,18173.5,0.08,0.73,0.19,0.52,0.84
2020-06-02,,,,,,,,,,0.51,0.84
2020-06-03,,,,,,,,,,0.58,0.88
2020-06-04,,,,,,,,,,0.63,0.88
2020-06-05,,,,,,,,,,0.69,0.95
2020-06-08,,,,,,,,,,0.66,0.98
2020-06-09,,,,,,,,,,0.64,0.98
2020-06-10,,,,,,,,,,0.58,1.0
2020-06-11,,,,,,,,,,0.47,0.95
2020-06-12,,,,,,,,,,0.52,0.95
2020-06-15,,,,,,,,,,0.52,0.98
2020-06-16,,,,,,,,,,0.54,1.02
2020-06-17,,,,,,,,,,0.55,1.01
2020-06-18,,,,,,,,,,0.52,1.12
2020-06-19,,,,,,,,,,0.51,1.06
2020-06-22,,,,,,,,,,0.52,1.11
2020-06-23,,,,,,,,,,0.54,1.14
2020-06-24,,,,,,,,,,0.5,1.1
2020-06-25,,,,,,,,,,0.51,1.11
2020-06-26,,,,,,,,,,0.47,1.11
2020-06-29,,,,,,,,,,0.48,1.14
2020-06-30,,,,,,,,,,0.5,1.16
2020-07-01,95.0256,139255.0,10.2,258.352,267.389,18330.1,0.09,0.62,0.15,0.52,1.17
2020-07-02,,,,,,,,,,0.52,1.21
2020-07-03,,,,,,,,,,,
2020-07-06,,,,,,,,,,0.53,1.28
2020-07-07,,,,,,,,,,0.49,1.26
2020-07-08,,,,,,,,,,0.51,1.25
2020-07-09,,,,,,,,,,0.46,1.22
2020-07-10,,,,,,,,,,0.49,1.25
2020-07-13,,,,,,,,,,0.48,1.27
2020-07-14,,,,,,,,,,0.49,1.27
2020-07-15,,,,,,,,,,0.48,1.28
2020-07-16,,,,,,,,,,0.46,1.3
2020-07-17,,,,,,,,,,0.5,1.35
2020-07-20,,,,,,,,,,0.46,1.37
2020-07-21,,,,,,,,,,0.47,1.4
2020-07-22,,,,,,,,,,0.46,1.4
2020-07-23,,,,,,,,,,0.43,1.37
2020-07-24,,,,,,,,,,0.45,1.35
2020-07-27,,,,,,,,,,0.47,1.38
2020-07-28,,,,,,,,,,0.45,1.36
2020-07-29,,,,,,,,,,0.46,1.38
2020-07-30,,,,,,,,,,0.44,1.37
2020-07-31,,,,,,,,,,0.44,1.4
2020-08-01,95.9549,140821.0,8.4,259.316,268.422,18396.3,0.1,0.65,0.14,,
2020-08-03,,,,,,,,,,0.45,1.46
2020-08-04,,,,,,,,,,0.41,1.45
2020-08-05,,,,,,,,,,0.44,1.52
2020-08-06,,,,,,,,,,0.44,1.53
2020-08-07,,,,,,,,,,0.44,1.5
2020-08-10,,,,,,,,,,0.45,1.49
2020-08-11,,,,,,,,,,0.48,1.5
2020-08-12,,,,,,,,,,0.53,1.56
2020-08-13,,,,,,,,,,0.55,1.56
2020-08-14,,,,,,,,,,0.57,1.53
2020-08-17,,,,,,,,,,0.55,1.54
2020-08-18,,,,,,,,,,0.53,1.55
2020-08-19,,,,,,,,,,0.54,1.55
2020-08-20,,,,,,,,,,0.52,1.48
2020-08-21,,,,,,,,,,0.48,1.52
2020-08-24,,,,,,,,,,0.51,1.57
2020-08-25,,,,,,,,,,0.54,1.6
2020-08-26,,,,,,,,,,0.53,1.63
2020-08-27,,,,,,,,,,0.58,1.65
2020-08-28,,,,,,,,,,0.6,1.68
2020-08-31,,,,,,,,,,0.58,1.69
2020-09-01,95.9669,141770.0,7.8,259.997,268.933,18628.8,0.09,0.68,0.13,0.55,1.65
2020-09-02,,,,,,,,,,0.52,1.61
2020-09-03,,,,,,,,,,0.5,1.53
2020-09-04,,,,,,,,,,0.58,1.57
2020-09-07,,,,,,,,,,,
2020-09-08,,,,,,,,,,0.55,1.55
2020-09-09,,,,,,,,,,0.57,1.57
2020-09-10,,,,,,,,,,0.54,1.54
2020-09-11,,,,,,,,,,0.54,1.53
2020-09-14,,,,,,,,,,0.54,1.54
2020-09-15,,,,,,,,,,0.54,1.54
2020-09-16,,,,,,,,,,0.55,1.57
2020-09-17,,,,,,,,,,0.56,1.57
2020-09-18,,,,,,,,,,0.56,1.58
2020-09-21,,,,,,,,,,0.54,1.5
2020-09-22,,,,,,,,,,0.55,1.5
2020-09-23,,,,,,,,,,0.54,1.48
2020-09-24,,,,,,,,,,0.53,1.45
2020-09-25,,,,,,,,,,0.54,1.43
2020-09-28,,,,,,,,,,0.53,1.48
2020-09-29,,,,,,,,,,0.55,1.49
2020-09-30,,,,,,,,,,0.56,1.5
2020-10-01,96.7394,142460.0,6.9,260.319,269.306,18783.4,0.09,0.79,0.15,0.54,1.48
2020-10-02,,,,,,,,,,0.57,1.48
2020-10-05,,,,,,,,,,0.64,1.52
2020-10-06,,,,,,,,,,0.62,1.51
2020-10-07,,,,,,,,,,0.65,1.54
2020-10-08,,,,,,,,,,0.65,1.56
2020-10-09,,,,,,,,,,0.63,1.56
2020-10-12,,,,,,,,,,,
2020-10-13,,,,,,,,,,0.58,1.52
2020-10-14,,,,,,,,,,0.59,1.52
2020-10-15,,,,,,,,,,0.6,1.52
2020-10-16,,,,,,,,,,0.62,1.53
2020-10-19,,,,,,,,,,0.62,1.53
2020-10-20,,,,,,,,,,0.67,1.53
2020-10-21,,,,,,,,,,0.69,1.56
2020-10-22,,,,,,,,,,0.71,1.68
2020-10-23,,,,,,,,,,0.67,1.66
2020-10-26,,,,,,,,,,0.65,1.63
2020-10-27,,,,,,,,,,0.63,1.64
2020-10-28,,,,,,,,,,0.63,1.61
2020-10-29,,,,,,,,,,0.69,1.61
2020-10-30,,,,,,,,,,0.74,1.59
2020-11-01,97.0816,142733.0,6.7,260.911,269.981,19012.1,0.09,0.87,0.17,,
2020-11-02,,,,,,,,,,0.71,1.6
2020-11-03,,,,,,,,,,0.73,1.62
2020-11-04,,,,,,,,,,0.64,1.56
2020-11-05,,,,,,,,,,0.65,1.55
2020-11-06,,,,,,,,,,0.67,1.54
2020-11-09,,,,,,,,,,0.79,1.63
2020-11-10,,,,,,,,,,0.79,1.69
2020-11-11,,,,,,,,,,,
2020-11-12,,,,,,,,,,0.71,1.63
2020-11-13,,,,,,,,,,0.72,1.64
2020-11-16,,,,,,,,,,0.72,1.64
2020-11-17,,,,,,,,,,0.69,1.63
2020-11-18,,,,,,,,,,0.72,1.63
2020-11-19,,,,,,,,,,0.68,1.62
2020-11-20,,,,,,,,,,0.67,1.61
2020-11-23,,,,,,,,,,0.7,1.62
2020-11-24,,,,,,,,,,0.72,1.65
2020-11-25,,,,,,,,,,0.71,1.67
2020-11-26,,,,,,,,,,,
2020-11-27,,,,,,,,,,0.68,1.67
2020-11-30,,,,,,,,,,0.68,1.68
2020-12-01,98.363,142548.0,6.7,262.045,270.341,19165.9,0.09,0.93,0.14,0.75,1.72
2020-12-02,,,,,,,,,,0.79,1.76
2020-12-03,,,,,,,,,,0.76,1.78
2020-12-04,,,,,,,,,,0.81,1.83
2020-12-07,,,,,,,,,,0.8,1.84
2020-12-08,,,,,,,,,,0.78,1.84
2020-12-09,,,,,,,,,,0.79,1.84
2020-12-10,,,,,,,,,,0.78,1.83
2020-12-11,,,,,,,,,,0.79,1.82
2020-12-14,,,,,,,,,,0.77,1.84
2020-12-15,,,,,,,,,,0.81,1.86
2020-12-16,,,,,,,,,,0.79,1.9
2020-12-17,,,,,,,,,,0.81,1.9
2020-12-18,,,,,,,,,,0.82,1.92
2020-12-21,,,,,,,,,,0.82,1.9
2020-12-22,,,,,,,,,,0.8,1.92
2020-12-23,,,,,,,,,,0.83,1.93
2020-12-24,,,,,,,,,,0.81,1.92
2020-12-25,,,,,,,,,,,
2020-12-28,,,,,,,,,,0.81,1.92
2020-12-29,,,,,,,,,,0.82,1.9
2020-12-30,,,,,,,,,,0.81,1.92
2020-12-31,,,,,,,,,,0.8,1.95
2021-01-01,98.8822,142863.0,6.4,262.687,270.387,19392.5,0.09,1.08,0.13,,
2021-01-04,,,,,,,,,,0.82,1.98
2021-01-05,,,,,,,,,,0.83,2.01
2021-01-06,,,,,,,,,,0.9,2.04
2021-01-07,,,,,,,,,,0.94,2.09
2021-01-08,,,,,,,,,,0.99,2.07
2021-01-11,,,,,,,,,,1.01,2.04
2021-01-12,,,,,,,,,,1.01,2.06
2021-01-13,,,,,,,,,,0.96,2.04
2021-01-14,,,,,,,,,,0.99,2.09
2021-01-15,,,,,,,,,,0.98,2.09
2021-01-18,,,,,,,,,,,
2021-01-19,,,,,,,,,,0.96,2.12
2021-01-20,,,,,,,,,,0.97,2.15
2021-01-21,,,,,,,,,,0.99,2.18
2021-01-22,,,,,,,,,,0.97,2.16
2021-01-25,,,,,,,,,,0.92,2.15
2021-01-26,,,,,,,,,,0.94,2.15
2021-01-27,,,,,,,,,,0.92,2.15
2021-01-28,,,,,,,,,,0.95,2.18
2021-01-29,,,,,,,,,,1.0,2.21
2021-02-01,95.6149,143380.0,6.2,263.579,270.793,19628.2,0.08,1.26,0.12,0.98,2.18
2021-02-02,,,,,,,,,,1.01,2.23
2021-02-03,,,,,,,,,,1.04,2.27
2021-02-04,,,,,,,,,,1.04,2.25
2021-02-05,,,,,,,,,,1.1,2.28
2021-02-08,,,,,,,,,,1.08,2.31
2021-02-09,,,,,,,,,,1.07,2.31
2021-02-10,,,,,,,,,,1.04,2.31
2021-02-11,,,,,,,,,,1.05,2.32
2021-02-12,,,,,,,,,,1.09,2.35
2021-02-15,,,,,,,,,,,
2021-02-16,,,,,,,,,,1.17,2.37
2021-02-17,,,,,,,,,,1.18,2.35
2021-02-18,,,,,,,,,,1.18,2.29
2021-02-19,,,,,,,,,,1.23,2.29
2021-02-22,,,,,,,,,,1.26,2.35
2021-02-23,,,,,,,,,,1.26,2.35
2021-02-24,,,,,,,,,,1.26,2.38
2021-02-25,,,,,,,,,,1.37,2.34
2021-02-26,,,,,,,,,,1.3,2.39
2021-03-01,98.3856,144232.0,6.1,264.961,271.459,19852.2,0.07,1.61,0.15,1.32,2.4
2021-03-02,,,,,,,,,,1.29,2.43
2021-03-03,,,,,,,,,,1.33,2.45
2021-03-04,,,,,,,,,,1.4,2.43
2021-03-05,,,,,,,,,,1.42,2.43
2021-03-08,,,,,,,,,,1.42,2.42
2021-03-09,,,,,,,,,,1.38,2.41
2021-03-10,,,,,,,,,,1.37,2.47
2021-03-11,,,,,,,,,,1.4,2.51
2021-03-12,,,,,,,,,,1.5,2.51
2021-03-15,,,,,,,,,,1.48,2.54
2021-03-16,,,,,,,,,,1.47,2.59
2021-03-17,,,,,,,,,,1.5,2.58
2021-03-18,,,,,,,,,,1.55,2.5
2021-03-19,,,,,,,,,,1.58,2.51
2021-03-22,,,,,,,,,,1.54,2.51
2021-03-23,,,,,,,,,,1.48,2.48
2021-03-24,,,,,,,,,,1.48,2.53
2021-03-25,,,,,,,,,,1.49,2.54
2021-03-26,,,,,,,,,,1.53,2.57
2021-03-29,,,,,,,,,,1.59,2.56
2021-03-30,,,,,,,,,,1.57,2.52
2021-03-31,,,,,,,,,,1.58,2.54
2021-04-01,98.5587,144587.0,6.1,266.614,273.66,20189.0,0.07,1.64,0.16,1.52,2.55
2021-04-02,,,,,,,,,,1.53,2.58
2021-04-05,,,,,,,,,,1.56,2.55
2021-04-06,,,,,,,,,,1.51,2.52
2021-04-07,,,,,,,,,,1.52,2.53
2021-04-08,,,,,,,,,,1.5,2.55
2021-04-09,,,,,,,,,,1.51,2.51
2021-04-12,,,,,,,,,,1.51,2.52
2021-04-13,,,,,,,,,,1.48,2.54
2021-04-14,,,,,,,,,,1.48,2.56
2021-04-15,,,,,,,,,,1.4,2.55
2021-04-16,,,,,,,,,,1.43,2.57
2021-04-19,,,,,,,,,,1.45,2.56
2021-04-20,,,,,,,,,,1.43,2.52
2021-04-21,,,,,,,,,,1.42,2.53
2021-04-22,,,,,,,,,,1.41,2.42
2021-04-23,,,,,,,,,,1.42,2.44
2021-04-26,,,,,,,,,,1.4,2.47
2021-04-27,,,,,,,,,,1.46,2.51
2021-04-28,,,,,,,,,,1.46,2.54
2021-04-29,,,,,,,,,,1.49,2.56
2021-04-30,,,,,,,,,,1.49,2.57
2021-05-01,99.4333,145065.0,5.8,268.383,275.465,20457.0,0.06,1.62,0.16,,
2021-05-03,,,,,,,,,,1.47,2.6
2021-05-04,,,,,,,,,,1.45,2.62
2021-05-05,,,,,,,,,,1.43,2.68
2021-05-06,,,,,,,,,,1.42,2.66
2021-05-07,,,,,,,,,,1.46,2.65
2021-05-10,,,,,,,,,,1.47,2.71
2021-05-11,,,,,,,,,,1.48,2.68
2021-05-12,,,,,,,,,,1.53,2.72
2021-05-13,,,,,,,,,,1.5,2.65
2021-05-14,,,,,,,,,,1.47,2.68
2021-05-17,,,,,,,,,,1.48,2.72
2021-05-18,,,,,,,,,,1.48,2.72
2021-05-19,,,,,,,,,,1.52,2.66
2021-05-20,,,,,,,,,,1.48,2.59
2021-05-21,,,,,,,,,,1.46,2.62
2021-05-24,,,,,,,,,,1.46,2.64
2021-05-25,,,,,,,,,,1.41,2.63
2021-05-26,,,,,,,,,,1.44,2.6
2021-05-27,,,,,,,,,,1.47,2.59
2021-05-28,,,,,,,,,,1.44,2.57
2021-05-31,,,,,,,,,,,
2021-06-01,99.7987,145820.0,5.9,270.654,277.651,20499.2,0.08,1.52,0.2,1.46,2.6
2021-06-02,,,,,,,,,,1.46,2.59
2021-06-03,,,,,,,,,,1.47,2.56
2021-06-04,,,,,,,,,,1.42,2.54
2021-06-07,,,,,,,,,,1.41,2.51
2021-06-08,,,,,,,,,,1.39,2.47
2021-06-09,,,,,,,,,,1.34,2.41
2021-06-10,,,,,,,,,,1.31,2.47
2021-06-11,,,,,,,,,,1.31,2.43
2021-06-14,,,,,,,,,,1.35,2.44
2021-06-15,,,,,,,,,,1.35,2.46
2021-06-16,,,,,,,,,,1.36,2.41
2021-06-17,,,,,,,,,,1.29,2.31
2021-06-18,,,,,,,,,,1.19,2.37
2021-06-21,,,,,,,,,,1.23,2.41
2021-06-22,,,,,,,,,,1.23,2.46
2021-06-23,,,,,,,,,,1.24,2.49
2021-06-24,,,,,,,,,,1.23,2.45
2021-06-25,,,,,,,,,,1.26,2.46
2021-06-28,,,,,,,,,,1.24,2.45
2021-06-29,,,,,,,,,,1.22,2.46
2021-06-30,,,,,,,,,,1.2,2.47
2021-07-01,100.2519,146762.0,5.4,271.903,278.648,20654.4,0.1,1.32,0.22,1.23,2.49
2021-07-02,,,,,,,,,,1.2,2.49
2021-07-05,,,,,,,,,,,
2021-07-06,,,,,,,,,,1.15,2.48
2021-07-07,,,,,,,,,,1.11,2.43
2021-07-08,,,,,,,,,,1.11,2.38
2021-07-09,,,,,,,,,,1.14,2.44
2021-07-12,,,,,,,,,,1.15,2.48
2021-07-13,,,,,,,,,,1.16,2.56
2021-07-14,,,,,,,,,,1.14,2.53
2021-07-15,,,,,,,,,,1.08,2.53
2021-07-16,,,,,,,,,,1.06,2.52
2021-07-19,,,,,,,,,,0.98,2.41
2021-07-20,,,,,,,,,,1.03,2.4
2021-07-21,,,,,,,,,,1.08,2.45
2021-07-22,,,,,,,,,,1.07,2.46
2021-07-23,,,,,,,,,,1.08,2.53
2021-07-26,,,,,,,,,,1.07,2.59
2021-07-27,,,,,,,,,,1.05,2.55
2021-07-28,,,,,,,,,,1.06,2.57
2021-07-29,,,,,,,,,,1.08,2.58
2021-07-30,,,,,,,,,,1.05,2.56
2021-08-01,100.0437,147314.0,5.1,272.676,278.997,20837.0,0.09,1.28,0.22,,
2021-08-02,,,,,,,,,,1.03,2.51
2021-08-03,,,,,,,,,,1.02,2.51
2021-08-04,,,,,,,,,,1.02,2.5
2021-08-05,,,,,,,,,,1.02,2.46
2021-08-06,,,,,,,,,,1.1,2.5
2021-08-09,,,,,,,,,,1.1,2.5
2021-08-10,,,,,,,,,,1.12,2.53
2021-08-11,,,,,,,,,,1.12,2.55
2021-08-12,,,,,,,,,,1.13,2.55
2021-08-13,,,,,,,,,,1.06,2.52
2021-08-16,,,,,,,,,,1.05,2.5
2021-08-17,,,,,,,,,,1.03,2.49
2021-08-18,,,,,,,,,,1.04,2.48
2021-08-19,,,,,,,,,,1.02,2.45
2021-08-20,,,,,,,,,,1.03,2.4
2021-08-23,,,,,,,,,,1.02,2.43
2021-08-24,,,,,,,,,,1.05,2.45
2021-08-25,,,,,,,,,,1.12,2.51
2021-08-26,,,,,,,,,,1.09,2.5
2021-08-27,,,,,,,,,,1.09,2.53
2021-08-30,,,,,,,,,,1.09,2.51
2021-08-31,,,,,,,,,,1.1,2.48
2021-09-01,98.8579,147771.0,4.7,273.91,279.698,21004.6,0.08,1.37,0.24,1.11,2.48
2021-09-02,,,,,,,,,,1.09,2.47
2021-09-03,,,,,,,,,,1.12,2.48
2021-09-06,,,,,,,,,,,
2021-09-07,,,,,,,,,,1.16,2.51
2021-09-08,,,,,,,,,,1.13,2.53
2021-09-09,,,,,,,,,,1.07,2.55
2021-09-10,,,,,,,,,,1.12,2.55
2021-09-13,,,,,,,,,,1.12,2.53
2021-09-14,,,,,,,,,,1.07,2.49
2021-09-15,,,,,,,,,,1.1,2.51
2021-09-16,,,,,,,,,,1.11,2.53
2021-09-17,,,,,,,,,,1.14,2.51
2021-09-20,,,,,,,,,,1.08,2.43
2021-09-21,,,,,,,,,,1.11,2.44
2021-09-22,,,,,,,,,,1.07,2.41
2021-09-23,,,,,,,,,,1.14,2.48
2021-09-24,,,,,,,,,,1.18,2.47
2021-09-27,,,,,,,,,,1.17,2.5
2021-09-28,,,,,,,,,,1.23,2.53
2021-09-29,,,,,,,,,,1.25,2.52
2021-09-30,,,,,,,,,,1.24,2.51
2021-10-01,100.1861,148572.0,4.5,276.55,281.668,21168.0,0.08,1.58,0.39,1.21,2.51
2021-10-04,,,,,,,,,,1.22,2.53
2021-10-05,,,,,,,,,,1.26,2.59
2021-10-06,,,,,,,,,,1.23,2.57
2021-10-07,,,,,,,,,,1.26,2.61
2021-10-08,,,,,,,,,,1.29,2.64
2021-10-11,,,,,,,,,,,
2021-10-12,,,,,,,,,,1.24,2.64
2021-10-13,,,,,,,,,,1.19,2.68
2021-10-14,,,,,,,,,,1.16,2.69
2021-10-15,,,,,,,,,,1.18,2.71
2021-10-18,,,,,,,,,,1.15,2.71
2021-10-19,,,,,,,,,,1.24,2.71
2021-10-20,,,,,,,,,,1.25,2.77
2021-10-21,,,,,,,,,,1.23,2.94
2021-10-22,,,,,,,,,,1.18,2.91
2021-10-25,,,,,,,,,,1.17,2.95
2021-10-26,,,,,,,,,,1.16,2.99
2021-10-27,,,,,,,,,,1.04,2.96
2021-10-28,,,,,,,,,,1.07,2.9
2021-10-29,,,,,,,,,,1.07,2.89
2021-11-01,100.8654,149230.0,4.1,278.919,283.406,21337.9,0.08,1.56,0.51,1.08,2.86
2021-11-02,,,,,,,,,,1.1,2.84
2021-11-03,,,,,,,,,,1.13,2.86
2021-11-04,,,,,,,,,,1.12,2.88
2021-11-05,,,,,,,,,,1.06,2.87
2021-11-08,,,,,,,,,,1.06,2.94
2021-11-09,,,,,,,,,,1.05,2.96
2021-11-10,,,,,,,,,,1.05,3.08
2021-11-11,,,,,,,,,,,
2021-11-12,,,,,,,,,,1.05,3.11
2021-11-15,,,,,,,,,,1.1,3.17
2021-11-16,,,,,,,,,,1.09,3.17
2021-11-17,,,,,,,,,,1.08,3.14
2021-11-18,,,,,,,,,,1.07,3.11
2021-11-19,,,,,,,,,,1.02,3.02
2021-11-22,,,,,,,,,,1.0,2.98
2021-11-23,,,,,,,,,,1.07,3.0
2021-11-24,,,,,,,,,,1.0,3.03
2021-11-25,,,,,,,,,,,
2021-11-26,,,,,,,,,,0.98,2.92
2021-11-29,,,,,,,,,,1.01,2.91
2021-11-30,,,,,,,,,,0.91,2.8
2021-12-01,100.5726,149816.0,3.9,280.845,285.18,21494.0,0.08,1.47,0.68,0.87,2.7
2021-12-02,,,,,,,,,,0.81,2.73
2021-12-03,,,,,,,,,,0.75,2.72
2021-12-06,,,,,,,,,,0.78,2.79
2021-12-07,,,,,,,,,,0.78,2.84
2021-12-08,,,,,,,,,,0.84,2.88
2021-12-09,,,,,,,,,,0.79,2.8
2021-12-10,,,,,,,,,,0.81,2.76
2021-12-13,,,,,,,,,,0.76,2.73
2021-12-14,,,,,,,,,,0.77,2.66
2021-12-15,,,,,,,,,,0.78,2.67
2021-12-16,,,,,,,,,,0.8,2.7
2021-12-17,,,,,,,,,,0.75,2.65
2021-12-20,,,,,,,,,,0.78,2.65
2021-12-21,,,,,,,,,,0.78,2.69
2021-12-22,,,,,,,,,,0.78,2.7
2021-12-23,,,,,,,,,,0.79,2.72
2021-12-24,,,,,,,,,,,
2021-12-27,,,,,,,,,,0.72,2.75
2021-12-28,,,,,,,,,,0.75,2.78
2021-12-29,,,,,,,,,,0.8,2.83
2021-12-30,,,,,,,,,,0.79,2.86
2021-12-31,,,,,,,,,,0.79,2.87
2022-01-01,100.1856,150006.0,4.0,282.543,286.757,21614.0,0.08,1.76,0.98,,
2022-01-03,,,,,,,,,,0.85,2.95
2022-01-04,,,,,,,,,,0.89,2.93
2022-01-05,,,,,,,,,,0.88,2.87
2022-01-06,,,,,,,,,,0.85,2.77
2022-01-07,,,,,,,,,,0.89,2.78
2022-01-10,,,,,,,,,,0.86,2.77
2022-01-11,,,,,,,,,,0.85,2.87
2022-01-12,,,,,,,,,,0.82,2.82
2022-01-13,,,,,,,,,,0.79,2.77
2022-01-14,,,,,,,,,,0.79,2.79
2022-01-17,,,,,,,,,,,
2022-01-18,,,,,,,,,,0.81,2.8
2022-01-19,,,,,,,,,,0.79,2.73
2022-01-20,,,,,,,,,,0.75,2.74
2022-01-21,,,,,,,,,,0.74,2.7
2022-01-24,,,,,,,,,,0.76,2.74
2022-01-25,,,,,,,,,,0.76,2.78
2022-01-26,,,,,,,,,,0.72,2.75
2022-01-27,,,,,,,,,,0.63,2.76
2022-01-28,,,,,,,,,,0.63,2.8
2022-01-31,,,,,,,,,,0.61,2.82
2022-02-01,100.8064,150825.0,3.9,284.5,288.273,21712.7,0.08,1.93,1.44,0.63,2.8
2022-02-02,,,,,,,,,,0.62,2.79
2022-02-03,,,,,,,,,,0.63,2.76
2022-02-04,,,,,,,,,,0.62,2.78
2022-02-07,,,,,,,,,,0.62,2.75
2022-02-08,,,,,,,,,,0.61,2.77
2022-02-09,,,,,,,,,,0.58,2.78
2022-02-10,,,,,,,,,,0.42,2.81
2022-02-11,,,,,,,,,,0.42,2.82
2022-02-14,,,,,,,,,,0.4,2.91
2022-02-15,,,,,,,,,,0.47,2.89
2022-02-16,,,,,,,,,,0.51,2.87
2022-02-17,,,,,,,,,,0.48,2.87
2022-02-18,,,,,,,,,,0.45,2.86
2022-02-21,,,,,,,,,,,
2022-02-22,,,,,,,,,,0.38,2.89
2022-02-23,,,,,,,,,,0.41,3.01
2022-02-24,,,,,,,,,,0.42,3.05
2022-02-25,,,,,,,,,,0.42,3.02
2022-02-28,,,,,,,,,,0.39,3.11
2022-03-01,101.3907,151315.0,3.7,287.674,289.056,21749.8,0.2,2.13,1.91,0.41,3.14
2022-03-02,,,,,,,,,,0.36,3.23
2022-03-03,,,,,,,,,,0.33,3.17
2022-03-04,,,,,,,,,,0.24,3.19
2022-03-07,,,,,,,,,,0.23,3.29
2022-03-08,,,,,,,,,,0.23,3.43
2022-03-09,,,,,,,,,,0.26,3.33
2022-03-10,,,,,,,,,,0.26,3.42
2022-03-11,,,,,,,,,,0.25,3.52
2022-03-14,,,,,,,,,,0.27,3.5
2022-03-15,,,,,,,,,,0.3,3.42
2022-03-16,,,,,,,,,,0.24,3.34
2022-03-17,,,,,,,,,,0.26,3.51
2022-03-18,,,,,,,,,,0.17,3.48
2022-03-21,,,,,,,,,,0.18,3.52
2022-03-22,,,,,,,,,,0.2,3.52
2022-03-23,,,,,,,,,,0.19,3.57
2022-03-24,,,,,,,,,,0.21,3.57
2022-03-25,,,,,,,,,,0.18,3.59
2022-03-28,,,,,,,,,,0.11,3.56
2022-03-29,,,,,,,,,,0.06,3.4
2022-03-30,,,,,,,,,,0.04,3.41
2022-03-31,,,,,,,,,,0.04,3.34
2022-04-01,101.44,151623.0,3.7,288.561,290.514,21780.3,0.33,2.75,2.54,-0.05,3.28
2022-04-04,,,,,,,,,,-0.01,3.28
2022-04-05,,,,,,,,,,0.03,3.31
2022-04-06,,,,,,,,,,0.11,3.28
2022-04-07,,,,,,,,,,0.19,3.26
2022-04-08,,,,,,,,,,0.19,3.33
2022-04-11,,,,,,,,,,0.29,3.37
2022-04-12,,,,,,,,,,0.33,3.31
2022-04-13,,,,,,,,,,0.33,3.25
2022-04-14,,,,,,,,,,0.36,3.33
2022-04-15,,,,,,,,,,,
2022-04-18,,,,,,,,,,0.39,3.36
2022-04-19,,,,,,,,,,0.32,3.36
2022-04-20,,,,,,,,,,0.25,3.36
2022-04-21,,,,,,,,,,0.22,3.37
2022-04-22,,,,,,,,,,0.18,3.37
2022-04-25,,,,,,,,,,0.18,3.27
2022-04-26,,,,,,,,,,0.23,3.25
2022-04-27,,,,,,,,,,0.24,3.28
2022-04-28,,,,,,,,,,0.22,3.39
2022-04-29,,,,,,,,,,0.19,3.3
2022-05-01,101.3335,151924.0,3.6,291.298,292.063,21723.2,0.77,2.9,2.62,,
2022-05-02,,,,,,,,,,0.26,3.21
2022-05-03,,,,,,,,,,0.19,3.21
2022-05-04,,,,,,,,,,0.27,3.24
2022-05-05,,,,,,,,,,0.34,3.23
2022-05-06,,,,,,,,,,0.4,3.22
2022-05-09,,,,,,,,,,0.44,3.06
2022-05-10,,,,,,,,,,0.37,2.92
2022-05-11,,,,,,,,,,0.25,3.0
2022-05-12,,,,,,,,,,0.28,2.89
2022-05-13,,,,,,,,,,0.32,3.03
2022-05-16,,,,,,,,,,0.3,3.04
2022-05-17,,,,,,,,,,0.27,3.08
2022-05-18,,,,,,,,,,0.21,3.05
2022-05-19,,,,,,,,,,0.21,2.97
2022-05-20,,,,,,,,,,0.18,2.88
2022-05-23,,,,,,,,,,0.21,2.92
2022-05-24,,,,,,,,,,0.26,2.87
2022-05-25,,,,,,,,,,0.27,2.88
2022-05-26,,,,,,,,,,0.29,2.96
2022-05-27,,,,,,,,,,0.27,2.95
2022-05-30,,,,,,,,,,,
2022-05-31,,,,,,,,,,0.32,2.96
2022-06-01,101.018,152358.0,3.6,294.957,294.05,21676.8,1.21,3.14,3.0,0.28,2.96
2022-06-02,,,,,,,,,,0.27,2.97
2022-06-03,,,,,,,,,,0.3,3.04
2022-06-06,,,,,,,,,,0.31,3.05
2022-06-07,,,,,,,,,,0.23,3.03
2022-06-08,,,,,,,,,,0.25,3.06
2022-06-09,,,,,,,,,,0.21,3.08
2022-06-10,,,,,,,,,,0.09,3.13
2022-06-13,,,,,,,,,,0.03,3.11
2022-06-14,,,,,,,,,,0.04,2.88
2022-06-15,,,,,,,,,,0.13,3.0
2022-06-16,,,,,,,,,,0.14,2.87
2022-06-17,,,,,,,,,,0.08,2.8
2022-06-20,,,,,,,,,,,
2022-06-21,,,,,,,,,,0.1,2.84
2022-06-22,,,,,,,,,,0.1,2.74
2022-06-23,,,,,,,,,,0.08,2.69
2022-06-24,,,,,,,,,,0.09,2.82
2022-06-27,,,,,,,,,,0.12,2.79
2022-06-28,,,,,,,,,,0.1,2.73
2022-06-29,,,,,,,,,,0.04,2.59
2022-06-30,,,,,,,,,,0.06,2.58
2022-07-01,101.223,153072.0,3.5,294.913,295.088,21676.5,1.68,2.9,3.04,0.04,2.6
2022-07-04,,,,,,,,,,,
2022-07-05,,,,,,,,,,0.0,2.51
2022-07-06,,,,,,,,,,-0.04,2.48
2022-07-07,,,,,,,,,,-0.02,2.53
2022-07-08,,,,,,,,,,-0.03,2.62
2022-07-11,,,,,,,,,,-0.08,2.56
2022-07-12,,,,,,,,,,-0.07,2.5
2022-07-13,,,,,,,,,,-0.22,2.51
2022-07-14,,,,,,,,,,-0.19,2.54
2022-07-15,,,,,,,,,,-0.2,2.59
2022-07-18,,,,,,,,,,-0.19,2.63
2022-07-19,,,,,,,,,,-0.22,2.67
2022-07-20,,,,,,,,,,-0.21,2.67
2022-07-21,,,,,,,,,,-0.19,2.55
2022-07-22,,,,,,,,,,-0.21,2.56
2022-07-25,,,,,,,,,,-0.19,2.58
2022-07-26,,,,,,,,,,-0.21,2.56
2022-07-27,,,,,,,,,,-0.18,2.61
2022-07-28,,,,,,,,,,-0.17,2.67
2022-07-29,,,,,,,,,,-0.22,2.73
2022-08-01,101.0963,153362.0,3.6,295.097,296.535,21644.0,2.33,2.9,3.25,-0.3,2.72
2022-08-02,,,,,,,,,,-0.31,2.69
2022-08-03,,,,,,,,,,-0.37,2.72
2022-08-04,,,,,,,,,,-0.35,2.64
2022-08-05,,,,,,,,,,-0.41,2.64
2022-08-08,,,,,,,,,,-0.44,2.65
2022-08-09,,,,,,,,,,-0.48,2.66
2022-08-10,,,,,,,,,,-0.45,2.61
2022-08-11,,,,,,,,,,-0.36,2.67
2022-08-12,,,,,,,,,,-0.41,2.67
2022-08-15,,,,,,,,,,-0.41,2.62
2022-08-16,,,,,,,,,,-0.43,2.61
2022-08-17,,,,,,,,,,-0.39,2.65
2022-08-18,,,,,,,,,,-0.34,2.7
2022-08-19,,,,,,,,,,-0.27,2.72
2022-08-22,,,,,,,,,,-0.29,2.74
2022-08-23,,,,,,,,,,-0.24,2.77
2022-08-24,,,,,,,,,,-0.25,2.79
2022-08-25,,,,,,,,,,-0.32,2.77
2022-08-26,,,,,,,,,,-0.33,2.73
2022-08-29,,,,,,,,,,-0.3,2.71
2022-08-30,,,,,,,,,,-0.35,2.67
2022-08-31,,,,,,,,,,-0.3,2.58
2022-09-01,101.2918,153582.0,3.5,296.349,298.226,21560.6,2.56,3.52,3.86,-0.25,2.52
2022-09-02,,,,,,,,,,-0.2,2.55
2022-09-05,,,,,,,,,,,
2022-09-06,,,,,,,,,,-0.17,2.56
2022-09-07,,,,,,,,,,-0.18,2.51
2022-09-08,,,,,,,,,,-0.19,2.46
2022-09-09,,,,,,,,,,-0.23,2.51
2022-09-12,,,,,,,,,,-0.21,2.52
2022-09-13,,,,,,,,,,-0.33,2.56
2022-09-14,,,,,,,,,,-0.37,2.62
2022-09-15,,,,,,,,,,-0.42,2.57
2022-09-16,,,,,,,,,,-0.4,2.49
2022-09-19,,,,,,,,,,-0.46,2.44
2022-09-20,,,,,,,,,,-0.39,2.48
2022-09-21,,,,,,,,,,-0.51,2.47
2022-09-22,,,,,,,,,,-0.41,2.45
2022-09-23,,,,,,,,,,-0.51,2.38
2022-09-26,,,,,,,,,,-0.39,2.33
2022-09-27,,,,,,,,,,-0.33,2.35
2022-09-28,,,,,,,,,,-0.35,2.37
2022-09-29,,,,,,,,,,-0.4,2.18
2022-09-30,,,,,,,,,,-0.39,2.14
2022-10-01,101.2529,153939.0,3.6,298.007,299.399,21465.8,3.08,3.98,4.38,,
2022-10-03,,,,,,,,,,-0.45,2.26
2022-10-04,,,,,,,,,,-0.48,2.28
2022-10-05,,,,,,,,,,-0.39,2.26
2022-10-06,,,,,,,,,,-0.4,2.29
2022-10-07,,,,,,,,,,-0.41,2.36
2022-10-10,,,,,,,,,,,
2022-10-11,,,,,,,,,,-0.37,2.36
2022-10-12,,,,,,,,,,-0.37,2.32
2022-10-13,,,,,,,,,,-0.5,2.38
2022-10-14,,,,,,,,,,-0.48,2.44
2022-10-17,,,,,,,,,,-0.43,2.48
2022-10-18,,,,,,,,,,-0.42,2.42
2022-10-19,,,,,,,,,,-0.41,2.46
2022-10-20,,,,,,,,,,-0.38,2.65
2022-10-21,,,,,,,,,,-0.28,2.69
2022-10-24,,,,,,,,,,-0.25,2.72
2022-10-25,,,,,,,,,,-0.32,2.62
2022-10-26,,,,,,,,,,-0.35,2.56
2022-10-27,,,,,,,,,,-0.34,2.57
2022-10-28,,,,,,,,,,-0.39,2.62
2022-10-31,,,,,,,,,,-0.41,2.67
2022-11-01,100.9552,154242.0,3.6,298.786,300.325,21408.6,3.78,3.89,4.5,-0.47,2.65
2022-11-02,,,,,,,,,,-0.51,2.68
2022-11-03,,,,,,,,,,-0.57,2.54
2022-11-04,,,,,,,,,,-0.49,2.61
2022-11-07,,,,,,,,,,-0.5,2.67
2022-11-08,,,,,,,,,,-0.53,2.61
2022-11-09,,,,,,,,,,-0.49,2.53
2022-11-10,,,,,,,,,,-0.52,2.47
2022-11-11,,,,,,,,,,,
2022-11-14,,,,,,,,,,-0.52,2.42
2022-11-15,,,,,,,,,,-0.57,2.4
2022-11-16,,,,,,,,,,-0.68,2.35
2022-11-17,,,,,,,,,,-0.66,2.32
2022-11-18,,,,,,,,,,-0.69,2.28
2022-11-21,,,,,,,,,,-0.65,2.34
2022-11-22,,,,,,,,,,-0.71,2.35
2022-11-23,,,,,,,,,,-0.75,2.33
2022-11-24,,,,,,,,,,,
2022-11-25,,,,,,,,,,-0.74,2.34
2022-11-28,,,,,,,,,,-0.77,2.29
2022-11-29,,,,,,,,,,-0.73,2.3
2022-11-30,,,,,,,,,,-0.7,2.41
2022-12-01,99.7664,154342.0,3.5,298.832,301.394,21266.4,4.1,3.62,4.29,-0.72,2.45
2022-12-02,,,,,,,,,,-0.77,2.51
2022-12-05,,,,,,,,,,-0.81,2.46
2022-12-06,,,,,,,,,,-0.83,2.38
2022-12-07,,,,,,,,,,-0.84,2.33
2022-12-08,,,,,,,,,,-0.83,2.36
2022-12-09,,,,,,,,,,-0.76,2.3
2022-12-12,,,,,,,,,,-0.78,2.35
2022-12-13,,,,,,,,,,-0.71,2.31
2022-12-14,,,,,,,,,,-0.74,2.25
2022-12-15,,,,,,,,,,-0.79,2.21
2022-12-16,,,,,,,,,,-0.69,2.14
2022-12-19,,,,,,,,,,-0.68,2.19
2022-12-20,,,,,,,,,,-0.56,2.26
2022-12-21,,,,,,,,,,-0.53,2.31
2022-12-22,,,,,,,,,,-0.57,2.24
2022-12-23,,,,,,,,,,-0.56,2.29
2022-12-26,,,,,,,,,,,
2022-12-27,,,,,,,,,,-0.48,2.33
2022-12-28,,,,,,,,,,-0.43,2.33
2022-12-29,,,,,,,,,,-0.51,2.32
2022-12-30,,,,,,,,,,-0.53,2.33
2023-01-01,100.505,154776.0,3.5,300.42,302.642,21249.4,4.33,3.53,4.21,,
2023-01-02,,,,,,,,,,,
2023-01-03,,,,,,,,,,-0.61,2.29
2023-01-04,,,,,,,,,,-0.67,2.21
2023-01-05,,,,,,,,,,-0.74,2.22
2023-01-06,,,,,,,,,,-0.69,2.18
2023-01-09,,,,,,,,,,-0.66,2.18
2023-01-10,,,,,,,,,,-0.63,2.2
2023-01-11,,,,,,,,,,-0.66,2.21
2023-01-12,,,,,,,,,,-0.69,2.21
2023-01-13,,,,,,,,,,-0.73,2.2
2023-01-16,,,,,,,,,,,
2023-01-17,,,,,,,,,,-0.65,2.18
2023-01-18,,,,,,,,,,-0.69,2.09
2023-01-19,,,,,,,,,,-0.7,2.21
2023-01-20,,,,,,,,,,-0.66,2.23
2023-01-23,,,,,,,,,,-0.69,2.28
2023-01-24,,,,,,,,,,-0.66,2.29
2023-01-25,,,,,,,,,,-0.65,2.28
2023-01-26,,,,,,,,,,-0.68,2.32
2023-01-27,,,,,,,,,,-0.67,2.33
2023-01-30,,,,,,,,,,-0.7,2.3
2023-01-31,,,,,,,,,,-0.69,2.27
2023-02-01,100.6416,155066.0,3.6,301.45,304.123,21226.9,4.57,3.75,4.53,-0.7,2.29
2023-02-02,,,,,,,,,,-0.69,2.26
2023-02-03,,,,,,,,,,-0.77,2.27
2023-02-06,,,,,,,,,,-0.81,2.33
2023-02-07,,,,,,,,,,-0.8,2.4
2023-02-08,,,,,,,,,,-0.82,2.46
2023-02-09,,,,,,,,,,-0.81,2.45
2023-02-10,,,,,,,,,,-0.76,2.47
2023-02-13,,,,,,,,,,-0.8,2.44
2023-02-14,,,,,,,,,,-0.83,2.45
2023-02-15,,,,,,,,,,-0.81,2.51
2023-02-16,,,,,,,,,,-0.76,2.52
2023-02-17,,,,,,,,,,-0.78,2.5
2023-02-20,,,,,,,,,,,
2023-02-21,,,,,,,,,,-0.72,2.58
2023-02-22,,,,,,,,,,-0.73,2.52
2023-02-23,,,,,,,,,,-0.78,2.5
2023-02-24,,,,,,,,,,-0.83,2.47
2023-02-27,,,,,,,,,,-0.86,2.49
2023-02-28,,,,,,,,,,-0.89,2.58
2023-03-01,101.0205,155134.0,3.5,301.821,305.147,20917.4,4.65,3.66,4.3,-0.88,2.59
2023-03-02,,,,,,,,,,-0.81,2.65
2023-03-03,,,,,,,,,,-0.89,2.71
2023-03-06,,,,,,,,,,-0.91,2.7
2023-03-07,,,,,,,,,,-1.03,2.54
2023-03-08,,,,,,,,,,-1.07,2.47
2023-03-09,,,,,,,,,,-0.97,2.43
2023-03-10,,,,,,,,,,-0.9,2.34
2023-03-13,,,,,,,,,,-0.48,2.26
2023-03-14,,,,,,,,,,-0.56,2.35
2023-03-15,,,,,,,,,,-0.42,2.33
2023-03-16,,,,,,,,,,-0.58,2.26
2023-03-17,,,,,,,,,,-0.42,2.1
2023-03-20,,,,,,,,,,-0.45,2.14
2023-03-21,,,,,,,,,,-0.58,2.25
2023-03-22,,,,,,,,,,-0.48,2.31
2023-03-23,,,,,,,,,,-0.38,2.26
2023-03-24,,,,,,,,,,-0.38,2.21
2023-03-27,,,,,,,,,,-0.41,2.27
2023-03-28,,,,,,,,,,-0.47,2.34
2023-03-29,,,,,,,,,,-0.51,2.38
2023-03-30,,,,,,,,,,-0.55,2.4
2023-03-31,,,,,,,,,,-0.58,2.4
2023-04-01,101.253,155375.0,3.4,302.845,306.534,20770.4,4.83,3.46,4.02,,
2023-04-03,,,,,,,,,,-0.54,2.39
2023-04-04,,,,,,,,,,-0.49,2.32
2023-04-05,,,,,,,,,,-0.49,2.29
2023-04-06,,,,,,,,,,-0.52,2.31
2023-04-07,,,,,,,,,,-0.58,2.33
2023-04-10,,,,,,,,,,-0.59,2.34
2023-04-11,,,,,,,,,,-0.6,2.36
2023-04-12,,,,,,,,,,-0.54,2.29
2023-04-13,,,,,,,,,,-0.51,2.29
2023-04-14,,,,,,,,,,-0.56,2.31
2023-04-17,,,,,,,,,,-0.58,2.35
2023-04-18,,,,,,,,,,-0.61,2.33
2023-04-19,,,,,,,,,,-0.64,2.33
2023-04-20,,,,,,,,,,-0.6,2.28
2023-04-21,,,,,,,,,,-0.6,2.3
2023-04-24,,,,,,,,,,-0.6,2.33
2023-04-25,,,,,,,,,,-0.46,2.26
2023-04-26,,,,,,,,,,-0.47,2.26
2023-04-27,,,,,,,,,,-0.54,2.29
2023-04-28,,,,,,,,,,-0.6,2.2
2023-05-01,100.9286,155655.0,3.6,303.334,307.652,20840.8,5.06,3.57,4.13,-0.55,2.24
2023-05-02,,,,,,,,,,-0.53,2.18
2023-05-03,,,,,,,,,,-0.51,2.19
2023-05-04,,,,,,,,,,-0.38,2.13
2023-05-05,,,,,,,,,,-0.48,2.19
2023-05-08,,,,,,,,,,-0.48,2.22
2023-05-09,,,,,,,,,,-0.48,2.22
2023-05-10,,,,,,,,,,-0.47,2.13
2023-05-11,,,,,,,,,,-0.5,2.1
2023-05-12,,,,,,,,,,-0.52,2.11
2023-05-15,,,,,,,,,,-0.49,2.12
2023-05-16,,,,,,,,,,-0.52,2.11
2023-05-17,,,,,,,,,,-0.55,2.16
2023-05-18,,,,,,,,,,-0.59,2.16
2023-05-19,,,,,,,,,,-0.58,2.19
2023-05-22,,,,,,,,,,-0.57,2.18
2023-05-23,,,,,,,,,,-0.56,2.21
2023-05-24,,,,,,,,,,-0.58,2.14
2023-05-25,,,,,,,,,,-0.67,2.12
2023-05-26,,,,,,,,,,-0.74,2.13
2023-05-29,,,,,,,,,,,
2023-05-30,,,,,,,,,,-0.77,2.12
2023-05-31,,,,,,,,,,-0.76,2.07
2023-06-01,100.1196,155880.0,3.6,304.014,308.322,20823.8,5.08,3.75,4.64,-0.72,2.07
2023-06-02,,,,,,,,,,-0.81,2.13
2023-06-05,,,,,,,,,,-0.77,2.15
2023-06-06,,,,,,,,,,-0.81,2.14
2023-06-07,,,,,,,,,,-0.77,2.15
2023-06-08,,,,,,,,,,-0.79,2.14
2023-06-09,,,,,,,,,,-0.84,2.13
2023-06-12,,,,,,,,,,-0.82,2.09
2023-06-13,,,,,,,,,,-0.83,2.12
2023-06-14,,,,,,,,,,-0.91,2.15
2023-06-15,,,,,,,,,,-0.9,2.16
2023-06-16,,,,,,,,,,-0.93,2.17
2023-06-19,,,,,,,,,,,
2023-06-20,,,,,,,,,,-0.94,2.14
2023-06-21,,,,,,,,,,-0.96,2.15
2023-06-22,,,,,,,,,,-0.97,2.18
2023-06-23,,,,,,,,,,-0.97,2.16
2023-06-26,,,,,,,,,,-0.93,2.13
2023-06-27,,,,,,,,,,-0.97,2.12
2023-06-28,,,,,,,,,,-1.0,2.12
2023-06-29,,,,,,,,,,-1.02,2.15
2023-06-30,,,,,,,,,,-1.06,2.18
2023-07-01,100.9067,156043.0,3.5,304.609,308.96,20815.5,5.12,3.9,4.83,,
2023-07-03,,,,,,,,,,-1.08,2.21
2023-07-04,,,,,,,,,,,
2023-07-05,,,,,,,,,,-0.99,2.2
2023-07-06,,,,,,,,,,-0.94,2.22
2023-07-07,,,,,,,,,,-0.88,2.22
2023-07-10,,,,,,,,,,-0.84,2.19
2023-07-11,,,,,,,,,,-0.89,2.16
2023-07-12,,,,,,,,,,-0.86,2.18
2023-07-13,,,,,,,,,,-0.83,2.16
2023-07-14,,,,,,,,,,-0.91,2.15
2023-07-17,,,,,,,,,,-0.93,2.16
2023-07-18,,,,,,,,,,-0.94,2.13
2023-07-19,,,,,,,,,,-0.99,2.13
2023-07-20,,,,,,,,,,-0.95,2.21
2023-07-21,,,,,,,,,,-0.98,2.23
2023-07-24,,,,,,,,,,-0.95,2.28
2023-07-25,,,,,,,,,,-0.94,2.26
2023-07-26,,,,,,,,,,-0.96,2.24
2023-07-27,,,,,,,,,,-0.9,2.27
2023-07-28,,,,,,,,,,-0.91,2.28
2023-07-31,,,,,,,,,,-0.91,2.27
2023-08-01,100.8393,156261.0,3.7,306.082,309.58,20792.5,5.33,4.17,4.9,-0.87,2.26
2023-08-02,,,,,,,,,,-0.8,2.25
2023-08-03,,,,,,,,,,-0.7,2.24
2023-08-04,,,,,,,,,,-0.73,2.26
2023-08-07,,,,,,,,,,-0.67,2.29
2023-08-08,,,,,,,,,,-0.72,2.24
2023-08-09,,,,,,,,,,-0.79,2.23
2023-08-10,,,,,,,,,,-0.73,2.25
2023-08-11,,,,,,,,,,-0.73,2.3
2023-08-14,,,,,,,,,,-0.77,2.29
2023-08-15,,,,,,,,,,-0.71,2.24
2023-08-16,,,,,,,,,,-0.69,2.23
2023-08-17,,,,,,,,,,-0.64,2.24
2023-08-18,,,,,,,,,,-0.66,2.22
2023-08-21,,,,,,,,,,-0.63,2.25
2023-08-22,,,,,,,,,,-0.68,2.27
2023-08-23,,,,,,,,,,-0.76,2.26
2023-08-24,,,,,,,,,,-0.75,2.24
2023-08-25,,,,,,,,,,-0.78,2.25
2023-08-28,,,,,,,,,,-0.78,2.21
2023-08-29,,,,,,,,,,-0.75,2.18
2023-08-30,,,,,,,,,,-0.78,2.16
2023-08-31,,,,,,,,,,-0.76,2.15
2023-09-01,101.0211,156417.0,3.7,307.276,310.539,20771.8,5.33,4.38,5.02,-0.69,2.17
2023-09-04,,,,,,,,,,,
2023-09-05,,,,,,,,,,-0.67,2.21
2023-09-06,,,,,,,,,,-0.71,2.23
2023-09-07,,,,,,,,,,-0.67,2.24
2023-09-08,,,,,,,,,,-0.72,2.26
2023-09-11,,,,,,,,,,-0.68,2.26
2023-09-12,,,,,,,,,,-0.71,2.27
2023-09-13,,,,,,,,,,-0.71,2.28
2023-09-14,,,,,,,,,,-0.71,2.27
2023-09-15,,,,,,,,,,-0.69,2.27
2023-09-18,,,,,,,,,,-0.73,2.29
2023-09-19,,,,,,,,,,-0.71,2.3
2023-09-20,,,,,,,,,,-0.77,2.27
2023-09-21,,,,,,,,,,-0.63,2.29
2023-09-22,,,,,,,,,,-0.66,2.29
2023-09-25,,,,,,,,,,-0.54,2.25
2023-09-26,,,,,,,,,,-0.48,2.2
2023-09-27,,,,,,,,,,-0.49,2.23
2023-09-28,,,,,,,,,,-0.45,2.27
2023-09-29,,,,,,,,,,-0.44,2.22
2023-10-01,100.4689,156576.0,3.9,307.696,311.457,20737.1,5.33,4.8,5.07,,
2023-10-02,,,,,,,,,,-0.43,2.23
2023-10-03,,,,,,,,,,-0.34,2.21
2023-10-04,,,,,,,,,,-0.32,2.18
2023-10-05,,,,,,,,,,-0.31,2.14
2023-10-06,,,,,,,,,,-0.3,2.17
2023-10-09,,,,,,,,,,,
2023-10-10,,,,,,,,,,-0.3,2.18
2023-10-11,,,,,,,,,,-0.41,2.2
2023-10-12,,,,,,,,,,-0.36,2.23
2023-10-13,,,,,,,,,,-0.41,2.26
2023-10-16,,,,,,,,,,-0.38,2.3
2023-10-17,,,,,,,,,,-0.36,2.32
2023-10-18,,,,,,,,,,-0.28,2.35
2023-10-19,,,,,,,,,,-0.16,2.52
2023-10-20,,,,,,,,,,-0.14,2.47
2023-10-23,,,,,,,,,,-0.19,2.41
2023-10-24,,,,,,,,,,-0.19,2.38
2023-10-25,,,,,,,,,,-0.13,2.4
2023-10-26,,,,,,,,,,-0.16,2.37
2023-10-27,,,,,,,,,,-0.15,2.39
2023-10-30,,,,,,,,,,-0.15,2.4
2023-10-31,,,,,,,,,,-0.19,2.4
2023-11-01,100.8639,156703.0,3.7,308.148,312.392,20743.4,5.33,4.5,4.88,-0.18,2.36
2023-11-02,,,,,,,,,,-0.31,2.35
2023-11-03,,,,,,,,,,-0.26,2.32
2023-11-06,,,,,,,,,,-0.26,2.35
2023-11-07,,,,,,,,,,-0.33,2.32
2023-11-08,,,,,,,,,,-0.44,2.29
2023-11-09,,,,,,,,,,-0.41,2.3
2023-11-10,,,,,,,,,,-0.43,2.28
2023-11-13,,,,,,,,,,-0.39,2.29
2023-11-14,,,,,,,,,,-0.36,2.23
2023-11-15,,,,,,,,,,-0.37,2.24
2023-11-16,,,,,,,,,,-0.38,2.2
2023-11-17,,,,,,,,,,-0.44,2.23
2023-11-20,,,,,,,,,,-0.47,2.26
2023-11-21,,,,,,,,,,-0.45,2.19
2023-11-22,,,,,,,,,,-0.47,2.21
2023-11-23,,,,,,,,,,,
2023-11-24,,,,,,,,,,-0.45,2.21
2023-11-27,,,,,,,,,,-0.45,2.12
2023-11-28,,,,,,,,,,-0.39,2.15
2023-11-29,,,,,,,,,,-0.37,2.14
2023-11-30,,,,,,,,,,-0.36,2.15
2023-12-01,100.6031,156857.0,3.8,308.741,313.195,20745.1,5.33,4.02,4.46,-0.34,2.12
2023-12-04,,,,,,,,,,-0.36,2.13
2023-12-05,,,,,,,,,,-0.39,2.09
2023-12-06,,,,,,,,,,-0.48,2.05
2023-12-07,,,,,,,,,,-0.44,2.06
2023-12-08,,,,,,,,,,-0.48,2.11
2023-12-11,,,,,,,,,,-0.48,2.11
2023-12-12,,,,,,,,,,-0.53,2.08
2023-12-13,,,,,,,,,,-0.42,2.08
2023-12-14,,,,,,,,,,-0.45,2.18
2023-12-15,,,,,,,,,,-0.53,2.17
2023-12-18,,,,,,,,,,-0.48,2.18
2023-12-19,,,,,,,,,,-0.48,2.17
2023-12-20,,,,,,,,,,-0.48,2.16
2023-12-21,,,,,,,,,,-0.44,2.18
2023-12-22,,,,,,,,,,-0.41,2.16
2023-12-25,,,,,,,,,,,
2023-12-26,,,,,,,,,,-0.37,2.17
2023-12-27,,,,,,,,,,-0.41,2.12
2023-12-28,,,,,,,,,,-0.42,2.11
2023-12-29,,,,,,,,,,-0.35,2.12
2024-01-01,99.2223,157032.0,3.7,309.698,314.319,20815.3,5.33,4.06,4.32,,
2024-01-02,,,,,,,,,,-0.38,2.17
2024-01-03,,,,,,,,,,-0.42,2.17
2024-01-04,,,,,,,,,,-0.39,2.18
2024-01-05,,,,,,,,,,-0.35,2.19
2024-01-08,,,,,,,,,,-0.35,2.19
2024-01-09,,,,,,,,,,-0.34,2.17
2024-01-10,,,,,,,,,,-0.33,2.18
2024-01-11,,,,,,,,,,-0.28,2.18
2024-01-12,,,,,,,,,,-0.18,2.22
2024-01-15,,,,,,,,,,,
2024-01-16,,,,,,,,,,-0.15,2.24
2024-01-17,,,,,,,,,,-0.24,2.24
2024-01-18,,,,,,,,,,-0.2,2.28
2024-01-19,,,,,,,,,,-0.24,2.3
2024-01-22,,,,,,,,,,-0.26,2.27
2024-01-23,,,,,,,,,,-0.17,2.26
2024-01-24,,,,,,,,,,-0.16,2.23
2024-01-25,,,,,,,,,,-0.14,2.24
2024-01-26,,,,,,,,,,-0.19,2.26
2024-01-29,,,,,,,,,,-0.21,2.26
2024-01-30,,,,,,,,,,-0.3,2.25
2024-01-31,,,,,,,,,,-0.28,2.24
2024-02-01,100.285,157238.0,3.9,310.967,315.564,20903.0,5.33,4.21,4.54,-0.33,2.17
2024-02-02,,,,,,,,,,-0.33,2.19
2024-02-05,,,,,,,,,,-0.29,2.26
2024-02-06,,,,,,,,,,-0.3,2.24
2024-02-07,,,,,,,,,,-0.32,2.26
2024-02-08,,,,,,,,,,-0.31,2.28
2024-02-09,,,,,,,,,,-0.31,2.28
2024-02-12,,,,,,,,,,-0.29,2.27
2024-02-13,,,,,,,,,,-0.33,2.33
2024-02-14,,,,,,,,,,-0.29,2.34
2024-02-15,,,,,,,,,,-0.32,2.35
2024-02-16,,,,,,,,,,-0.34,2.38
2024-02-19,,,,,,,,,,,
2024-02-20,,,,,,,,,,-0.32,2.37
2024-02-21,,,,,,,,,,-0.32,2.39
2024-02-22,,,,,,,,,,-0.36,2.37
2024-02-23,,,,,,,,,,-0.41,2.34
2024-02-26,,,,,,,,,,-0.41,2.36
2024-02-27,,,,,,,,,,-0.39,2.38
2024-02-28,,,,,,,,,,-0.37,2.38
2024-02-29,,,,,,,,,,-0.39,2.4
2024-03-01,100.4575,157466.0,3.9,312.345,316.792,20943.8,5.33,4.21,4.59,-0.35,2.4
2024-03-04,,,,,,,,,,-0.39,2.42
2024-03-05,,,,,,,,,,-0.41,2.39
2024-03-06,,,,,,,,,,-0.44,2.38
2024-03-07,,,,,,,,,,-0.41,2.34
2024-03-08,,,,,,,,,,-0.39,2.34
2024-03-11,,,,,,,,,,-0.41,2.32
2024-03-12,,,,,,,,,,-0.42,2.35
2024-03-13,,,,,,,,,,-0.42,2.37
2024-03-14,,,,,,,,,,-0.39,2.37
2024-03-15,,,,,,,,,,-0.41,2.39
2024-03-18,,,,,,,,,,-0.39,2.39
2024-03-19,,,,,,,,,,-0.38,2.38
2024-03-20,,,,,,,,,,-0.32,2.4
2024-03-21,,,,,,,,,,-0.35,2.43
2024-03-22,,,,,,,,,,-0.37,2.41
2024-03-25,,,,,,,,,,-0.29,2.41
2024-03-26,,,,,,,,,,-0.32,2.38
2024-03-27,,,,,,,,,,-0.34,2.37
2024-03-28,,,,,,,,,,-0.39,2.38
2024-03-29,,,,,,,,,,,
2024-04-01,100.2434,157530.0,3.9,313.023,317.649,20969.9,5.33,4.54,4.87,-0.39,2.41
2024-04-02,,,,,,,,,,-0.34,2.44
2024-04-03,,,,,,,,,,-0.32,2.43
2024-04-04,,,,,,,,,,-0.34,2.42
2024-04-05,,,,,,,,,,-0.34,2.45
2024-04-08,,,,,,,,,,-0.36,2.47
2024-04-09,,,,,,,,,,-0.38,2.44
2024-04-10,,,,,,,,,,-0.42,2.49
2024-04-11,,,,,,,,,,-0.37,2.48
2024-04-12,,,,,,,,,,-0.38,2.47
2024-04-15,,,,,,,,,,-0.3,2.52
2024-04-16,,,,,,,,,,-0.3,2.52
2024-04-17,,,,,,,,,,-0.34,2.47
2024-04-18,,,,,,,,,,-0.34,2.44
2024-04-19,,,,,,,,,,-0.35,2.44
2024-04-22,,,,,,,,,,-0.35,2.45
2024-04-23,,,,,,,,,,-0.25,2.44
2024-04-24,,,,,,,,,,-0.24,2.42
2024-04-25,,,,,,,,,,-0.26,2.43
2024-04-26,,,,,,,,,,-0.29,2.44
2024-04-29,,,,,,,,,,-0.34,2.43
2024-04-30,,,,,,,,,,-0.35,2.43
2024-05-01,100.863,157608.0,3.9,313.175,318.095,21032.0,5.33,4.48,4.86,-0.33,2.39
2024-05-02,,,,,,,,,,-0.29,2.37
2024-05-03,,,,,,,,,,-0.31,2.35
2024-05-06,,,,,,,,,,-0.33,2.34
2024-05-07,,,,,,,,,,-0.35,2.32
2024-05-08,,,,,,,,,,-0.36,2.31
2024-05-09,,,,,,,,,,-0.35,2.34
2024-05-10,,,,,,,,,,-0.37,2.34
2024-05-13,,,,,,,,,,-0.37,2.33
2024-05-14,,,,,,,,,,-0.36,2.32
2024-05-15,,,,,,,,,,-0.37,2.29
2024-05-16,,,,,,,,,,-0.4,2.3
2024-05-17,,,,,,,,,,-0.41,2.32
2024-05-20,,,,,,,,,,-0.38,2.33
2024-05-21,,,,,,,,,,-0.41,2.33
2024-05-22,,,,,,,,,,-0.43,2.33
2024-05-23,,,,,,,,,,-0.44,2.31
2024-05-24,,,,,,,,,,-0.47,2.33
2024-05-27,,,,,,,,,,,
2024-05-28,,,,,,,,,,-0.4,2.33
2024-05-29,,,,,,,,,,-0.35,2.36
2024-05-30,,,,,,,,,,-0.37,2.35
2024-05-31,,,,,,,,,,-0.38,2.34
2024-06-01,100.894,157695.0,4.1,313.044,318.39,21094.6,5.33,4.31,4.74,,
2024-06-03,,,,,,,,,,-0.41,2.31
2024-06-04,,,,,,,,,,-0.44,2.28
2024-06-05,,,,,,,,,,-0.43,2.27
2024-06-06,,,,,,,,,,-0.44,2.25
2024-06-07,,,,,,,,,,-0.44,2.28
2024-06-10,,,,,,,,,,-0.4,2.27
2024-06-11,,,,,,,,,,-0.42,2.25
2024-06-12,,,,,,,,,,-0.44,2.17
2024-06-13,,,,,,,,,,-0.44,2.14
2024-06-14,,,,,,,,,,-0.47,2.11
2024-06-17,,,,,,,,,,-0.47,2.16
2024-06-18,,,,,,,,,,-0.47,2.17
2024-06-19,,,,,,,,,,,
2024-06-20,,,,,,,,,,-0.45,2.21
2024-06-21,,,,,,,,,,-0.45,2.19
2024-06-24,,,,,,,,,,-0.46,2.18
2024-06-25,,,,,,,,,,-0.42,2.17
2024-06-26,,,,,,,,,,-0.39,2.2
2024-06-27,,,,,,,,,,-0.41,2.22
2024-06-28,,,,,,,,,,-0.35,2.24
2024-07-01,99.9757,157748.0,4.2,313.569,318.94,21122.6,5.33,4.25,4.5,-0.29,2.29
2024-07-02,,,,,,,,,,-0.31,2.26
2024-07-03,,,,,,,,,,-0.35,2.23
2024-07-04,,,,,,,,,,,
2024-07-05,,,,,,,,,,-0.32,2.22
2024-07-08,,,,,,,,,,-0.34,2.22
2024-07-09,,,,,,,,,,-0.32,2.21
2024-07-10,,,,,,,,,,-0.34,2.22
2024-07-11,,,,,,,,,,-0.3,2.18
2024-07-12,,,,,,,,,,-0.27,2.15
2024-07-15,,,,,,,,,,-0.21,2.2
2024-07-16,,,,,,,,,,-0.26,2.2
2024-07-17,,,,,,,,,,-0.26,2.19
2024-07-18,,,,,,,,,,-0.26,2.19
2024-07-19,,,,,,,,,,-0.24,2.18
2024-07-22,,,,,,,,,,-0.24,2.18
2024-07-23,,,,,,,,,,-0.15,2.17
2024-07-24,,,,,,,,,,-0.09,2.13
2024-07-25,,,,,,,,,,-0.14,2.13
2024-07-26,,,,,,,,,,-0.16,2.13
2024-07-29,,,,,,,,,,-0.19,2.13
2024-07-30,,,,,,,,,,-0.2,2.12
2024-07-31,,,,,,,,,,-0.2,2.13
2024-08-01,100.4309,157757.0,4.2,314.062,319.75,21204.7,5.33,3.87,3.97,-0.17,2.06
2024-08-02,,,,,,,,,,-0.08,1.89
2024-08-05,,,,,,,,,,-0.11,1.91
2024-08-06,,,,,,,,,,-0.09,1.96
2024-08-07,,,,,,,,,,-0.04,1.97
2024-08-08,,,,,,,,,,-0.05,1.98
2024-08-09,,,,,,,,,,-0.11,1.96
2024-08-12,,,,,,,,,,-0.11,1.98
2024-08-13,,,,,,,,,,-0.08,1.96
2024-08-14,,,,,,,,,,-0.11,1.93
2024-08-15,,,,,,,,,,-0.16,1.99
2024-08-16,,,,,,,,,,-0.17,1.97
2024-08-19,,,,,,,,,,-0.2,1.94
2024-08-20,,,,,,,,,,-0.17,1.95
2024-08-21,,,,,,,,,,-0.13,1.94
2024-08-22,,,,,,,,,,-0.13,1.96
2024-08-23,,,,,,,,,,-0.09,2.01
2024-08-26,,,,,,,,,,-0.09,2.02
2024-08-27,,,,,,,,,,0.0,2.02
2024-08-28,,,,,,,,,,0.01,1.99
2024-08-29,,,,,,,,,,0.0,2.01
2024-08-30,,,,,,,,,,0.0,2.01
2024-09-01,99.8084,157912.0,4.1,314.732,320.732,21289.0,5.13,3.72,3.62,,
2024-09-02,,,,,,,,,,,
2024-09-03,,,,,,,,,,-0.04,1.95
2024-09-04,,,,,,,,,,0.01,1.9
2024-09-05,,,,,,,,,,-0.02,1.87
2024-09-06,,,,,,,,,,0.06,1.86
2024-09-09,,,,,,,,,,0.02,1.88
2024-09-10,,,,,,,,,,0.06,1.86
2024-09-11,,,,,,,,,,0.03,1.9
2024-09-12,,,,,,,,,,0.04,1.93
2024-09-13,,,,,,,,,,0.09,1.95
2024-09-16,,,,,,,,,,0.07,1.94
2024-09-17,,,,,,,,,,0.06,1.97
2024-09-18,,,,,,,,,,0.09,1.98
2024-09-19,,,,,,,,,,0.14,2.04
2024-09-20,,,,,,,,,,0.18,2.02
2024-09-23,,,,,,,,,,0.18,2.04
2024-09-24,,,,,,,,,,0.25,2.06
2024-09-25,,,,,,,,,,0.26,2.06
2024-09-26,,,,,,,,,,0.19,2.03
2024-09-27,,,,,,,,,,0.2,2.03
2024-09-30,,,,,,,,,,0.15,2.07
2024-10-01,99.4695,157945.0,4.1,315.631,321.731,21337.0,4.83,4.1,3.97,0.13,2.07
2024-10-02,,,,,,,,,,0.16,2.1
2024-10-03,,,,,,,,,,0.15,2.11
2024-10-04,,,,,,,,,,0.05,2.14
2024-10-07,,,,,,,,,,0.04,2.17
2024-10-08,,,,,,,,,,0.06,2.17
2024-10-09,,,,,,,,,,0.07,2.21
2024-10-10,,,,,,,,,,0.11,2.26
2024-10-11,,,,,,,,,,0.13,2.25
2024-10-14,,,,,,,,,,,
2024-10-15,,,,,,,,,,0.08,2.22
2024-10-16,,,,,,,,,,0.09,2.19
2024-10-17,,,,,,,,,,0.13,2.22
2024-10-18,,,,,,,,,,0.13,2.23
2024-10-21,,,,,,,,,,0.17,2.23
2024-10-22,,,,,,,,,,0.17,2.25
2024-10-23,,,,,,,,,,0.17,2.23
2024-10-24,,,,,,,,,,0.14,2.33
2024-10-25,,,,,,,,,,0.14,2.32
2024-10-28,,,,,,,,,,0.16,2.31
2024-10-29,,,,,,,,,,0.17,2.33
2024-10-30,,,,,,,,,,0.14,2.37
2024-10-31,,,,,,,,,,0.12,2.38
2024-11-01,99.2925,158079.0,4.2,316.528,322.657,21440.0,4.64,4.36,4.26,0.16,2.37
2024-11-04,,,,,,,,,,0.14,2.32
2024-11-05,,,,,,,,,,0.07,2.32
2024-11-06,,,,,,,,,,0.15,2.46
2024-11-07,,,,,,,,,,0.1,2.4
2024-11-08,,,,,,,,,,0.04,2.43
2024-11-11,,,,,,,,,,,
2024-11-12,,,,,,,,,,0.09,2.43
2024-11-13,,,,,,,,,,0.17,2.42
2024-11-14,,,,,,,,,,0.09,2.4
2024-11-15,,,,,,,,,,0.12,2.39
2024-11-18,,,,,,,,,,0.13,2.41
2024-11-19,,,,,,,,,,0.12,2.41
2024-11-20,,,,,,,,,,0.1,2.43
2024-11-21,,,,,,,,,,0.09,2.42
2024-11-22,,,,,,,,,,0.04,2.43
2024-11-25,,,,,,,,,,0.06,2.35
2024-11-26,,,,,,,,,,0.09,2.33
2024-11-27,,,,,,,,,,0.06,2.32
2024-11-28,,,,,,,,,,,
2024-11-29,,,,,,,,,,0.05,2.33
2024-12-01,100.3273,158316.0,4.1,317.604,323.259,21458.4,4.48,4.39,4.23,,
2024-12-02,,,,,,,,,,0.02,2.33
2024-12-03,,,,,,,,,,0.06,2.36
2024-12-04,,,,,,,,,,0.06,2.37
2024-12-05,,,,,,,,,,0.02,2.35
2024-12-06,,,,,,,,,,0.05,2.31
2024-12-09,,,,,,,,,,0.07,2.33
2024-12-10,,,,,,,,,,0.07,2.34
2024-12-11,,,,,,,,,,0.11,2.38
2024-12-12,,,,,,,,,,0.14,2.39
2024-12-13,,,,,,,,,,0.15,2.4
2024-12-16,,,,,,,,,,0.14,2.38
2024-12-17,,,,,,,,,,0.15,2.36
2024-12-18,,,,,,,,,,0.15,2.38
2024-12-19,,,,,,,,,,0.25,2.35
2024-12-20,,,,,,,,,,0.22,2.34
2024-12-23,,,,,,,,,,0.29,2.38
2024-12-24,,,,,,,,,,0.3,2.39
2024-12-25,,,,,,,,,,,
2024-12-26,,,,,,,,,,0.28,2.39
2024-12-27,,,,,,,,,,0.31,2.38
2024-12-30,,,,,,,,,,0.31,2.35
2024-12-31,,,,,,,,,,0.33,2.38
2025-01-01,100.0647,158268.0,4.0,318.961,324.638,21519.7,4.33,4.63,4.27,,
2025-01-02,,,,,,,,,,0.32,2.41
2025-01-03,,,,,,,,,,0.32,2.4
2025-01-06,,,,,,,,,,0.34,2.4
2025-01-07,,,,,,,,,,0.37,2.44
2025-01-08,,,,,,,,,,0.39,2.47
2025-01-09,,,,,,,,,,0.41,2.46
2025-01-10,,,,,,,,,,0.37,2.51
2025-01-13,,,,,,,,,,0.39,2.55
2025-01-14,,,,,,,,,,0.41,2.55
2025-01-15,,,,,,,,,,0.39,2.52
2025-01-16,,,,,,,,,,0.38,2.51
2025-01-17,,,,,,,,,,0.34,2.52
2025-01-20,,,,,,,,,,,
2025-01-21,,,,,,,,,,0.28,2.47
2025-01-22,,,,,,,,,,0.31,2.48
2025-01-23,,,,,,,,,,0.36,2.52
2025-01-24,,,,,,,,,,0.36,2.52
2025-01-27,,,,,,,,,,0.36,2.49
2025-01-28,,,,,,,,,,0.36,2.52
2025-01-29,,,,,,,,,,0.34,2.52
2025-01-30,,,,,,,,,,0.34,2.5
2025-01-31,,,,,,,,,,0.36,2.54
2025-02-01,101.0993,158310.0,4.2,319.679,325.465,21587.5,4.33,4.45,4.21,,
2025-02-03,,,,,,,,,,0.28,2.61
2025-02-04,,,,,,,,,,0.31,2.59
2025-02-05,,,,,,,,,,0.26,2.57
2025-02-06,,,,,,,,,,0.24,2.57
2025-02-07,,,,,,,,,,0.2,2.59
2025-02-10,,,,,,,,,,0.23,2.6
2025-02-11,,,,,,,,,,0.25,2.64
2025-02-12,,,,,,,,,,0.26,2.66
2025-02-13,,,,,,,,,,0.21,2.64
2025-02-14,,,,,,,,,,0.21,2.62
2025-02-17,,,,,,,,,,,
2025-02-18,,,,,,,,,,0.26,2.65
2025-02-19,,,,,,,,,,0.25,2.66
2025-02-20,,,,,,,,,,0.22,2.66
2025-02-21,,,,,,,,,,0.23,2.61
2025-02-24,,,,,,,,,,0.27,2.61
2025-02-25,,,,,,,,,,0.23,2.57
2025-02-26,,,,,,,,,,0.2,2.54
2025-02-27,,,,,,,,,,0.22,2.57
2025-02-28,,,,,,,,,,0.25,2.58
2025-03-01,101.0404,158377.0,4.2,319.785,325.69,21657.8,4.33,4.28,3.97,,
2025-03-03,,,,,,,,,,0.2,2.59
2025-03-04,,,,,,,,,,0.26,2.59
2025-03-05,,,,,,,,,,0.29,2.56
2025-03-06,,,,,,,,,,0.33,2.53
2025-03-07,,,,,,,,,,0.33,2.52
2025-03-10,,,,,,,,,,0.33,2.49
2025-03-11,,,,,,,,,,0.34,2.5
2025-03-12,,,,,,,,,,0.31,2.53
2025-03-13,,,,,,,,,,0.33,2.48
2025-03-14,,,,,,,,,,0.29,2.48
2025-03-17,,,,,,,,,,0.25,2.48
2025-03-18,,,,,,,,,,0.25,2.46
2025-03-19,,,,,,,,,,0.26,2.5
2025-03-20,,,,,,,,,,0.29,2.51
2025-03-21,,,,,,,,,,0.31,2.51
2025-03-24,,,,,,,,,,0.3,2.54
2025-03-25,,,,,,,,,,0.35,2.56
2025-03-26,,,,,,,,,,0.37,2.56
2025-03-27,,,,,,,,,,0.41,2.6
2025-03-28,,,,,,,,,,0.38,2.58
2025-03-31,,,,,,,,,,0.34,2.61
2025-04-01,101.1279,158485.0,4.2,320.302,326.467,21792.0,4.33,4.28,3.78,0.3,2.54
2025-04-02,,,,,,,,,,0.29,2.51
2025-04-03,,,,,,,,,,0.35,2.5
2025-04-04,,,,,,,,,,0.33,2.34
2025-04-07,,,,,,,,,,0.42,2.31
2025-04-08,,,,,,,,,,0.55,2.35
2025-04-09,,,,,,,,,,0.43,2.45
2025-04-10,,,,,,,,,,0.56,2.32
2025-04-11,,,,,,,,,,0.52,2.33
2025-04-14,,,,,,,,,,0.54,2.35
2025-04-15,,,,,,,,,,0.51,2.31
2025-04-16,,,,,,,,,,0.52,2.29
2025-04-17,,,,,,,,,,0.53,2.26
2025-04-18,,,,,,,,,,,
2025-04-21,,,,,,,,,,0.67,2.25
2025-04-22,,,,,,,,,,0.65,2.3
2025-04-23,,,,,,,,,,0.59,2.33
2025-04-24,,,,,,,,,,0.55,2.35
2025-04-25,,,,,,,,,,0.55,2.32
2025-04-28,,,,,,,,,,0.56,2.32
2025-04-29,,,,,,,,,,0.54,2.29
2025-04-30,,,,,,,,,,0.57,2.29
2025-05-01,100.9655,158498.0,4.3,320.62,326.893,21849.5,4.33,4.42,3.92,0.55,2.3
2025-05-02,,,,,,,,,,0.5,2.31
2025-05-05,,,,,,,,,,0.53,2.33
2025-05-06,,,,,,,,,,0.52,2.34
2025-05-07,,,,,,,,,,0.48,2.33
2025-05-08,,,,,,,,,,0.47,2.39
2025-05-09,,,,,,,,,,0.49,2.39
2025-05-12,,,,,,,,,,0.47,2.35
2025-05-13,,,,,,,,,,0.47,2.38
2025-05-14,,,,,,,,,,0.48,2.44
2025-05-15,,,,,,,,,,0.49,2.41
2025-05-16,,,,,,,,,,0.45,2.42
2025-05-19,,,,,,,,,,0.49,2.43
2025-05-20,,,,,,,,,,0.51,2.42
2025-05-21,,,,,,,,,,0.58,2.43
2025-05-22,,,,,,,,,,0.54,2.42
2025-05-23,,,,,,,,,,0.51,2.4
2025-05-26,,,,,,,,,,,
2025-05-27,,,,,,,,,,0.51,2.41
2025-05-28,,,,,,,,,,0.51,2.39
2025-05-29,,,,,,,,,,0.51,2.38
2025-05-30,,,,,,,,,,0.52,2.39
2025-06-01,101.4785,158478.0,4.1,321.435,327.658,21967.8,4.33,4.38,3.89,,
2025-06-02,,,,,,,,,,0.52,2.38
2025-06-03,,,,,,,,,,0.5,2.38
2025-06-04,,,,,,,,,,0.5,2.32
2025-06-05,,,,,,,,,,0.48,2.31
2025-06-06,,,,,,,,,,0.47,2.35
2025-06-09,,,,,,,,,,0.48,2.34
2025-06-10,,,,,,,,,,0.46,2.32
2025-06-11,,,,,,,,,,0.47,2.3
2025-06-12,,,,,,,,,,0.46,2.28
2025-06-13,,,,,,,,,,0.45,2.31
2025-06-16,,,,,,,,,,0.49,2.32
2025-06-17,,,,,,,,,,0.45,2.35
2025-06-18,,,,,,,,,,0.44,2.36
2025-06-19,,,,,,,,,,,
2025-06-20,,,,,,,,,,0.48,2.37
2025-06-23,,,,,,,,,,0.5,2.33
2025-06-24,,,,,,,,,,0.55,2.3
2025-06-25,,,,,,,,,,0.55,2.28
2025-06-26,,,,,,,,,,0.56,2.29
2025-06-27,,,,,,,,,,0.56,2.31
2025-06-30,,,,,,,,,,0.52,2.31
2025-07-01,101.894,158542.0,4.3,322.169,328.682,22046.6,4.33,4.39,3.88,0.48,2.32
2025-07-02,,,,,,,,,,0.52,2.34
2025-07-03,,,,,,,,,,0.47,2.37
2025-07-04,,,,,,,,,,,
2025-07-07,,,,,,,,,,0.5,2.4
2025-07-08,,,,,,,,,,0.52,2.39
2025-07-09,,,,,,,,,,0.48,2.38
2025-07-10,,,,,,,,,,0.49,2.39
2025-07-11,,,,,,,,,,0.53,2.44
2025-07-14,,,,,,,,,,0.53,2.45
2025-07-15,,,,,,,,,,0.55,2.48
2025-07-16,,,,,,,,,,0.58,2.49
2025-07-17,,,,,,,,,,0.56,2.53
2025-07-18,,,,,,,,,,0.56,2.5
2025-07-21,,,,,,,,,,0.53,2.49
2025-07-22,,,,,,,,,,0.52,2.47
2025-07-23,,,,,,,,,,0.52,2.44
2025-07-24,,,,,,,,,,0.52,2.5
2025-07-25,,,,,,,,,,0.49,2.47
2025-07-28,,,,,,,,,,0.51,2.47
2025-07-29,,,,,,,,,,0.48,2.48
2025-07-30,,,,,,,,,,0.44,2.48
2025-07-31,,,,,,,,,,0.43,2.46
2025-08-01,101.6247,158472.0,4.3,323.291,329.7,22105.5,4.33,4.26,3.7,0.54,2.38
2025-08-04,,,,,,,,,,0.53,2.41
2025-08-05,,,,,,,,,,0.5,2.41
2025-08-06,,,,,,,,,,0.53,2.4
2025-08-07,,,,,,,,,,0.51,2.41
2025-08-08,,,,,,,,,,0.51,2.46
2025-08-11,,,,,,,,,,0.51,2.46
2025-08-12,,,,,,,,,,0.57,2.43
2025-08-13,,,,,,,,,,0.57,2.42
2025-08-14,,,,,,,,,,0.55,2.43
2025-08-15,,,,,,,,,,0.58,2.42
2025-08-18,,,,,,,,,,0.57,2.42
2025-08-19,,,,,,,,,,0.55,2.39
2025-08-20,,,,,,,,,,0.55,2.4
2025-08-21,,,,,,,,,,0.54,2.44
2025-08-22,,,,,,,,,,0.58,2.48
2025-08-25,,,,,,,,,,0.55,2.49
2025-08-26,,,,,,,,,,0.65,2.5
2025-08-27,,,,,,,,,,0.65,2.5
2025-08-28,,,,,,,,,,0.6,2.49
2025-08-29,,,,,,,,,,0.64,2.47
2025-09-01,101.668,158548.0,4.4,324.245,330.418,22188.6,4.22,4.12,3.57,,
2025-09-02,,,,,,,,,,0.62,2.48
2025-09-03,,,,,,,,,,0.61,2.46
2025-09-04,,,,,,,,,,0.58,2.44
2025-09-05,,,,,,,,,,0.59,2.42
2025-09-08,,,,,,,,,,0.56,2.41
2025-09-09,,,,,,,,,,0.54,2.43
2025-09-10,,,,,,,,,,0.5,2.41
2025-09-11,,,,,,,,,,0.49,2.41
2025-09-12,,,,,,,,,,0.5,2.42
2025-09-15,,,,,,,,,,0.51,2.41
2025-09-16,,,,,,,,,,0.53,2.42
2025-09-17,,,,,,,,,,0.54,2.43
2025-09-18,,,,,,,,,,0.54,2.44
2025-09-19,,,,,,,,,,0.57,2.43
2025-09-22,,,,,,,,,,0.54,2.42
2025-09-23,,,,,,,,,,0.59,2.42
2025-09-24,,,,,,,,,,0.59,2.42
2025-09-25,,,,,,,,,,0.54,2.42
2025-09-26,,,,,,,,,,0.57,2.42
2025-09-29,,,,,,,,,,0.52,2.41
2025-09-30,,,,,,,,,,0.56,2.42
2025-10-01,101.2075,158408.0,,,,22260.1,4.09,4.06,3.52,0.57,2.39
2025-10-02,,,,,,,,,,0.55,2.37
2025-10-03,,,,,,,,,,0.55,2.38
2025-10-06,,,,,,,,,,0.58,2.38
2025-10-07,,,,,,,,,,0.57,2.39
2025-10-08,,,,,,,,,,0.55,2.39
2025-10-09,,,,,,,,,,0.54,2.39
2025-10-10,,,,,,,,,,0.53,2.35
2025-10-13,,,,,,,,,,,
2025-10-14,,,,,,,,,,0.55,2.33
2025-10-15,,,,,,,,,,0.55,2.33
2025-10-16,,,,,,,,,,0.58,2.29
2025-10-17,,,,,,,,,,0.56,2.29
2025-10-20,,,,,,,,,,0.54,2.28
2025-10-21,,,,,,,,,,0.53,2.3
2025-10-22,,,,,,,,,,0.52,2.32
2025-10-23,,,,,,,,,,0.53,2.42
2025-10-24,,,,,,,,,,0.54,2.4
2025-10-27,,,,,,,,,,0.53,2.37
2025-10-28,,,,,,,,,,0.52,2.36
2025-10-29,,,,,,,,,,0.49,2.37
2025-10-30,,,,,,,,,,0.5,2.38
2025-10-31,,,,,,,,,,0.51,2.4
2025-11-01,101.3605,158449.0,4.5,325.063,331.043,22280.9,3.88,4.09,3.55,,
2025-11-03,,,,,,,,,,0.53,2.41
2025-11-04,,,,,,,,,,0.52,2.38
2025-11-05,,,,,,,,,,0.54,2.39
2025-11-06,,,,,,,,,,0.54,2.37
2025-11-07,,,,,,,,,,0.56,2.36
2025-11-10,,,,,,,,,,0.55,2.38
2025-11-11,,,,,,,,,,,
2025-11-12,,,,,,,,,,0.52,2.37
2025-11-13,,,,,,,,,,0.53,2.37
2025-11-14,,,,,,,,,,0.52,2.38
2025-11-17,,,,,,,,,,0.53,2.37
2025-11-18,,,,,,,,,,0.54,2.36
2025-11-19,,,,,,,,,,0.55,2.36
2025-11-20,,,,,,,,,,0.55,2.34
2025-11-21,,,,,,,,,,0.55,2.32
2025-11-24,,,,,,,,,,0.58,2.3
2025-11-25,,,,,,,,,,0.58,2.27
2025-11-26,,,,,,,,,,0.55,2.29
2025-11-27,,,,,,,,,,,
2025-11-28,,,,,,,,,,0.55,2.29
2025-12-01,101.6781,158432.0,4.4,326.031,331.814,22366.2,3.72,4.14,3.5,0.55,2.31
2025-12-02,,,,,,,,,,0.58,2.3
2025-12-03,,,,,,,,,,0.57,2.29
2025-12-04,,,,,,,,,,0.59,2.33
2025-12-05,,,,,,,,,,0.58,2.34
2025-12-08,,,,,,,,,,0.6,2.32
2025-12-09,,,,,,,,,,0.57,2.32
2025-12-10,,,,,,,,,,0.59,2.32
2025-12-11,,,,,,,,,,0.62,2.32
2025-12-12,,,,,,,,,,0.67,2.32
2025-12-15,,,,,,,,,,0.67,2.29
2025-12-16,,,,,,,,,,0.67,2.25
2025-12-17,,,,,,,,,,0.67,2.26
2025-12-18,,,,,,,,,,0.66,2.26
2025-12-19,,,,,,,,,,0.68,2.27
2025-12-22,,,,,,,,,,0.73,2.25
2025-12-23,,,,,,,,,,0.7,2.24
2025-12-24,,,,,,,,,,0.68,2.24
2025-12-25,,,,,,,,,,,
2025-12-26,,,,,,,,,,0.68,2.22
2025-12-29,,,,,,,,,,0.67,2.23
2025-12-30,,,,,,,,,,0.69,2.25
2025-12-31,,,,,,,,,,0.71,2.26
2026-01-01,102.3963,158558.0,4.3,326.588,332.793,22442.1,3.64,4.21,3.54,,
2026-01-02,,,,,,,,,,0.72,2.28
2026-01-05,,,,,,,,,,0.71,2.29
2026-01-06,,,,,,,,,,0.71,2.3
2026-01-07,,,,,,,,,,0.68,2.3
2026-01-08,,,,,,,,,,0.7,2.31
2026-01-09,,,,,,,,,,0.64,2.32
2026-01-12,,,,,,,,,,0.65,2.36
2026-01-13,,,,,,,,,,0.65,2.37
2026-01-14,,,,,,,,,,0.64,2.36
2026-01-15,,,,,,,,,,0.61,2.36
2026-01-16,,,,,,,,,,0.65,2.39
2026-01-19,,,,,,,,,,,
2026-01-20,,,,,,,,,,0.7,2.4
2026-01-21,,,,,,,,,,0.66,2.42
2026-01-22,,,,,,,,,,0.65,2.42
2026-01-23,,,,,,,,,,0.64,2.46
2026-01-26,,,,,,,,,,0.66,2.45
2026-01-27,,,,,,,,,,0.71,2.47
2026-01-28,,,,,,,,,,0.7,2.5
2026-01-29,,,,,,,,,,0.71,2.52
2026-01-30,,,,,,,,,,0.74,2.53
2026-02-01,102.551,158466.0,4.4,327.46,333.512,,3.64,4.13,3.47,,
2026-02-02,,,,,,,,,,0.72,2.52
2026-02-03,,,,,,,,,,0.71,2.53
2026-02-04,,,,,,,,,,0.72,2.51
2026-02-05,,,,,,,,,,0.74,2.48
2026-02-06,,,,,,,,,,0.72,2.5
2026-02-09,,,,,,,,,,0.74,2.5
2026-02-10,,,,,,,,,,0.71,2.47
2026-02-11,,,,,,,,,,0.66,2.49
2026-02-12,,,,,,,,,,0.62,2.45
2026-02-13,,,,,,,,,,0.64,2.42
2026-02-16,,,,,,,,,,,
2026-02-17,,,,,,,,,,0.62,2.39
2026-02-18,,,,,,,,,,0.62,2.43
2026-02-19,,,,,,,,,,0.61,2.43
2026-02-20,,,,,,,,,,0.6,2.43
2026-02-23,,,,,,,,,,0.6,2.4
2026-02-24,,,,,,,,,,0.61,2.4
2026-02-25,,,,,,,,,,0.6,2.42
2026-02-26,,,,,,,,,,0.6,2.43
2026-02-27,,,,,,,,,,0.59,2.4
2026-03-02,,,,,,,,,,0.58,2.46
2026-03-03,,,,,,,,,,0.55,2.46
2026-03-04,,,,,,,,,,0.55,2.46
2026-03-05,,,,,,,,,,0.56,2.51
2026-03-06,,,,,,,,,,0.59,2.56
2026-03-09,,,,,,,,,,0.56,2.56
2026-03-10,,,,,,,,,,0.58,2.53
2026-03-11,,,,,,,,,,0.57,2.58
2026-03-12,,,,,,,,,,0.51,2.63
2026-03-13,,,,,,,,,,0.55,2.61
2026-03-16,,,,,,,,,,0.55,2.58
2026-03-17,,,,,,,,,,0.52,2.62
