date,CGB,CSI300,STAR50
2018-01-02,109.52,4.136,
2018-01-03,109.564,4.158,
2018-01-04,109.584,4.171,
2018-01-05,109.593,4.187,
2018-01-08,109.656,4.204,
2018-01-09,109.677,4.238,
2018-01-10,109.669,4.256,
2018-01-11,109.571,4.25,
2018-01-12,109.667,4.273,
2018-01-15,109.542,4.265,
2018-01-16,109.545,4.308,
2018-01-17,109.531,4.295,
2018-01-18,109.414,4.323,
2018-01-19,109.557,4.335,
2018-01-22,109.645,4.39,
2018-01-23,109.686,4.388,
2018-01-24,109.815,4.391,
2018-01-25,109.908,4.363,
2018-01-26,109.937,4.385,
2018-01-29,109.992,4.302,
2018-01-30,109.986,4.258,
2018-01-31,109.845,4.271,
2018-02-01,109.868,4.241,
2018-02-02,109.92,4.267,
2018-02-05,109.996,4.263,
2018-02-06,109.982,4.143,
2018-02-07,110.047,4.045,
2018-02-08,110.039,4.012,
2018-02-09,110.389,3.827,
2018-02-12,110.514,3.882,
2018-02-13,110.512,3.929,
2018-02-14,110.52,3.964,
2018-02-22,110.369,4.046,
2018-02-23,110.328,4.068,
2018-02-26,110.373,4.12,
2018-02-27,110.494,4.061,
2018-02-28,110.646,4.02,
2018-03-01,110.9,4.049,
2018-03-02,110.976,4.022,
2018-03-05,110.995,4.013,
2018-03-06,110.999,4.073,
2018-03-07,110.937,4.04,
2018-03-08,110.97,4.081,
2018-03-09,110.861,4.111,
2018-03-12,110.843,4.123,
2018-03-13,110.813,4.079,
2018-03-14,110.764,4.065,
2018-03-15,110.779,4.095,
2018-03-16,110.815,4.05,
2018-03-19,110.852,4.072,
2018-03-20,110.829,4.07,
2018-03-21,110.831,4.049,
2018-03-22,110.832,4.013,
2018-03-23,111.05,3.894,
2018-03-26,111.497,3.876,
2018-03-27,111.339,3.911,
2018-03-28,111.288,3.832,
2018-03-29,111.009,3.902,
2018-03-30,111.213,3.896,
2018-04-02,111.194,3.883,
2018-04-03,111.306,3.858,
2018-04-04,111.334,3.848,
2018-04-09,111.492,3.853,
2018-04-10,111.506,3.928,
2018-04-11,111.517,3.933,
2018-04-12,111.586,3.892,
2018-04-13,111.776,3.865,
2018-04-16,112.086,3.804,
2018-04-17,112.004,3.748,
2018-04-18,112.494,3.756,
2018-04-19,112.264,3.809,
2018-04-20,112.115,3.75,
2018-04-23,112.105,3.766,
2018-04-24,112.252,3.845,
2018-04-25,112.344,3.822,
2018-04-26,112.311,3.746,
2018-04-27,112.359,3.754,
2018-05-02,112.275,3.766,
2018-05-03,112.428,3.788,
2018-05-04,112.301,3.77,
2018-05-07,112.302,3.831,
2018-05-08,112.202,3.881,
2018-05-09,112.007,3.87,
2018-05-10,112.011,3.896,
2018-05-11,112.083,3.873,
2018-05-14,112.089,3.907,
2018-05-15,112.066,3.922,
2018-05-16,112.087,3.89,
2018-05-17,112.044,3.857,
2018-05-18,112.047,3.899,
2018-05-21,112.063,3.918,
2018-05-22,112.116,3.902,
2018-05-23,112.214,3.851,
2018-05-24,112.295,3.82,
2018-05-25,112.493,3.811,
2018-05-28,112.31,3.835,
2018-05-29,112.172,3.799,
2018-05-30,112.138,3.727,
2018-05-31,112.149,3.803,
2018-06-01,112.189,3.777,
2018-06-04,112.273,3.814,
2018-06-05,112.154,3.846,
2018-06-06,112.147,3.839,
2018-06-07,112.118,3.838,
2018-06-08,112.131,3.787,
2018-06-11,112.245,3.797,
2018-06-12,112.08,3.835,
2018-06-13,112.093,3.796,
2018-06-14,112.097,3.786,
2018-06-15,112.156,3.78,
2018-06-19,112.418,3.65,
2018-06-20,112.403,3.65,
2018-06-21,112.34,3.62,
2018-06-22,112.416,3.636,
2018-06-25,112.562,3.585,
2018-06-26,112.604,3.55,
2018-06-27,112.547,3.466,
2018-06-28,112.239,3.446,
2018-06-29,112.856,3.537,
2018-07-02,112.842,3.443,
2018-07-03,112.773,3.43,
2018-07-04,113.0,3.394,
2018-07-05,112.996,3.366,
2018-07-06,112.991,3.395,
2018-07-09,112.935,3.494,
2018-07-10,112.841,3.503,
2018-07-11,112.806,3.445,
2018-07-12,112.773,3.528,
2018-07-13,112.898,3.534,
2018-07-16,113.097,3.519,
2018-07-17,113.243,3.497,
2018-07-18,113.281,3.481,
2018-07-19,113.398,3.483,
2018-07-20,113.35,3.55,
2018-07-23,113.459,3.573,
2018-07-24,113.212,3.639,
2018-07-25,113.225,3.638,
2018-07-26,113.41,3.591,
2018-07-27,113.239,3.582,
2018-07-30,113.31,3.562,
2018-07-31,113.418,3.575,
2018-08-01,113.71,3.495,
2018-08-02,113.797,3.417,
2018-08-03,113.893,3.369,
2018-08-06,113.97,3.334,
2018-08-07,114.035,3.427,
2018-08-08,113.92,3.377,
2018-08-09,113.777,3.458,
2018-08-10,113.65,3.464,
2018-08-13,113.51,3.449,
2018-08-14,113.758,3.434,
2018-08-15,113.421,3.352,
2018-08-16,113.382,3.338,
2018-08-17,112.513,3.287,
2018-08-20,112.679,3.322,
2018-08-21,112.684,3.379,
2018-08-22,112.737,3.373,
2018-08-23,112.851,3.383,
2018-08-24,113.014,3.388,
2018-08-27,112.978,3.473,
2018-08-28,113.136,3.463,
2018-08-29,113.29,3.45,
2018-08-30,113.281,3.416,
2018-08-31,113.459,3.39,
2018-09-03,113.31,3.383,
2018-09-04,113.141,3.424,
2018-09-05,113.278,3.353,
2018-09-06,113.233,3.324,
2018-09-07,113.142,3.346,
2018-09-10,113.16,3.298,
2018-09-11,112.951,3.286,
2018-09-12,113.132,3.263,
2018-09-13,113.103,3.298,
2018-09-14,113.082,3.303,
2018-09-17,113.083,3.272,
2018-09-18,113.05,3.335,
2018-09-19,113.088,3.38,
2018-09-20,113.124,3.378,
2018-09-21,113.26,3.484,
2018-09-25,113.258,3.449,
2018-09-26,113.375,3.487,
2018-09-27,113.428,3.472,
2018-09-28,113.728,3.508,
2018-10-08,114.0,3.341,
2018-10-09,113.995,3.348,
2018-10-10,113.546,3.346,
2018-10-11,113.938,3.174,
2018-10-12,114.067,3.233,
2018-10-15,114.199,3.186,
2018-10-16,114.189,3.165,
2018-10-17,114.25,3.176,
2018-10-18,114.48,3.106,
2018-10-19,114.513,3.185,
2018-10-22,114.328,3.353,
2018-10-23,114.354,3.24,
2018-10-24,114.375,3.245,
2018-10-25,114.298,3.261,
2018-10-26,114.296,3.228,
2018-10-29,114.308,3.131,
2018-10-30,114.267,3.168,
2018-10-31,114.305,3.205,
2018-11-01,114.39,3.228,
2018-11-02,114.171,3.363,
2018-11-05,114.331,3.32,
2018-11-06,114.445,3.299,
2018-11-07,114.62,3.272,
2018-11-08,114.766,3.269,
2018-11-09,114.701,3.228,
2018-11-12,114.932,3.264,
2018-11-13,114.826,3.298,
2018-11-14,115.037,3.258,
2018-11-15,115.429,3.301,
2018-11-16,115.548,3.311,
2018-11-19,115.505,3.348,
2018-11-20,115.265,3.275,
2018-11-21,115.329,3.278,
2018-11-22,115.26,3.269,
2018-11-23,114.691,3.184,
2018-11-26,114.685,3.189,
2018-11-27,114.718,3.186,
2018-11-28,114.722,3.234,
2018-11-29,114.725,3.202,
2018-11-30,114.755,3.235,
2018-12-03,114.84,3.319,
2018-12-04,115.175,3.324,
2018-12-05,115.441,3.309,
2018-12-06,115.697,3.242,
2018-12-07,115.651,3.235,
2018-12-10,115.832,3.205,
2018-12-11,115.988,3.218,
2018-12-12,116.007,3.229,
2018-12-13,115.819,3.284,
2018-12-14,115.665,3.227,
2018-12-17,115.76,3.223,
2018-12-18,115.85,3.183,
2018-12-19,115.995,3.15,
2018-12-20,115.804,3.127,
2018-12-21,116.047,3.088,
2018-12-24,116.031,3.095,
2018-12-25,115.982,3.076,
2018-12-26,115.969,3.059,
2018-12-27,116.008,3.052,
2018-12-28,116.593,3.059,
2019-01-02,116.267,3.017,
2019-01-03,116.32,3.017,
2019-01-04,116.527,3.094,
2019-01-07,116.638,3.107,
2019-01-08,116.622,3.107,
2019-01-09,116.624,3.13,
2019-01-10,116.617,3.133,
2019-01-11,116.571,3.156,
2019-01-14,116.47,3.129,
2019-01-15,116.504,3.188,
2019-01-16,116.599,3.129,
2019-01-17,116.671,3.112,
2019-01-18,116.603,3.166,
2019-01-21,116.48,3.183,
2019-01-22,116.515,3.143,
2019-01-23,116.488,3.135,
2019-01-24,116.525,3.159,
2019-01-25,116.521,3.183,
2019-01-28,116.498,3.179,
2019-01-29,116.57,3.193,
2019-01-30,116.654,3.172,
2019-01-31,116.724,3.202,
2019-02-01,116.83,3.255,
2019-02-11,116.942,3.3,
2019-02-12,117.009,3.324,
2019-02-13,117.032,3.393,
2019-02-14,116.944,3.397,
2019-02-15,117.068,3.341,
2019-02-18,116.939,3.438,
2019-02-19,116.883,3.429,
2019-02-20,116.923,3.438,
2019-02-21,116.881,3.434,
2019-02-22,116.806,3.526,
2019-02-25,116.56,3.775,
2019-02-26,116.256,3.69,
2019-02-27,116.599,3.67,
2019-02-28,116.444,3.663,
2019-03-01,116.422,3.738,
2019-03-04,116.363,3.777,
2019-03-05,116.312,3.809,
2019-03-06,116.238,3.835,
2019-03-07,116.357,3.793,
2019-03-08,116.488,3.661,
2019-03-11,116.393,3.71,
2019-03-12,116.43,3.735,
2019-03-13,116.443,3.713,
2019-03-14,116.367,3.686,
2019-03-15,116.366,3.735,
2019-03-18,116.353,3.85,
2019-03-19,116.363,3.822,
2019-03-20,116.394,3.822,
2019-03-21,116.399,3.824,
2019-03-22,116.484,3.829,
2019-03-25,116.693,3.734,
2019-03-26,116.856,3.695,
2019-03-27,116.768,3.727,
2019-03-28,116.876,3.717,
2019-03-29,116.862,3.869,
2019-04-01,116.739,3.969,
2019-04-02,116.721,3.962,
2019-04-03,116.456,4.015,
2019-04-04,116.424,4.062,
2019-04-08,116.134,4.036,
2019-04-09,116.142,4.06,
2019-04-10,115.776,4.066,
2019-04-11,116.177,3.996,
2019-04-12,116.061,3.982,
2019-04-15,115.873,3.957,
2019-04-16,115.785,4.077,
2019-04-17,115.857,4.067,
2019-04-18,115.859,4.06,
2019-04-19,115.958,4.12,
2019-04-22,116.027,4.017,
2019-04-23,115.929,4.01,
2019-04-24,115.787,4.016,
2019-04-25,115.916,3.933,
2019-04-26,116.007,3.879,
2019-04-29,115.839,3.894,
2019-04-30,116.084,3.896,
2019-05-06,116.1,3.673,
2019-05-07,116.343,3.707,
2019-05-08,116.337,3.659,
2019-05-09,116.38,3.607,
2019-05-10,116.385,3.72,
2019-05-13,116.485,3.652,
2019-05-14,116.387,3.634,
2019-05-15,116.382,3.712,
2019-05-16,116.421,3.73,
2019-05-17,116.583,3.646,
2019-05-20,116.576,3.606,
2019-05-21,116.485,3.651,
2019-05-22,116.458,3.642,
2019-05-23,116.575,3.584,
2019-05-24,116.661,3.59,
2019-05-27,116.454,3.633,
2019-05-28,116.612,3.65,
2019-05-29,116.696,3.652,
2019-05-30,116.82,3.65,
2019-05-31,116.956,3.632,
2019-06-03,116.996,3.64,
2019-06-04,117.001,3.607,
2019-06-05,117.056,3.599,
2019-06-06,116.992,3.568,
2019-06-10,116.928,3.614,
2019-06-11,116.732,3.727,
2019-06-12,116.794,3.699,
2019-06-13,116.794,3.692,
2019-06-14,116.944,3.67,
2019-06-17,117.003,3.673,
2019-06-18,117.029,3.681,
2019-06-19,117.061,3.735,
2019-06-20,117.09,3.843,
2019-06-21,117.203,3.85,
2019-06-24,117.157,3.856,
2019-06-25,117.189,3.817,
2019-06-26,117.175,3.818,
2019-06-27,117.147,3.86,
2019-06-28,117.163,3.859,
2019-07-01,117.184,3.954,
2019-07-02,117.319,3.96,
2019-07-03,117.699,3.927,
2019-07-04,117.55,3.901,
2019-07-05,117.527,3.921,
2019-07-08,117.513,3.831,
2019-07-09,117.58,3.822,
2019-07-10,117.511,3.823,
2019-07-11,117.514,3.824,
2019-07-12,117.513,3.855,
2019-07-15,117.553,3.869,
2019-07-16,117.556,3.853,
2019-07-17,117.555,3.847,
2019-07-18,117.602,3.822,
2019-07-19,117.637,3.862,
2019-07-22,117.642,3.832,
2019-07-23,117.682,3.841,
2019-07-24,117.67,3.872,
2019-07-25,117.641,3.907,
2019-07-26,117.661,3.912,
2019-07-29,117.647,3.906,
2019-07-30,117.641,3.924,
2019-07-31,117.69,3.896,
2019-08-01,117.756,3.86,
2019-08-02,117.94,3.801,
2019-08-05,118.29,3.735,
2019-08-06,118.494,3.696,
2019-08-07,118.132,3.672,
2019-08-08,118.146,3.726,
2019-08-09,118.427,3.697,
2019-08-12,118.64,3.756,
2019-08-13,118.629,3.724,
2019-08-14,118.51,3.738,
2019-08-15,118.526,3.753,
2019-08-16,118.428,3.769,
2019-08-19,118.232,3.859,
2019-08-20,118.22,3.843,
2019-08-21,118.265,3.842,
2019-08-22,118.233,3.85,
2019-08-23,118.027,3.877,
2019-08-26,118.258,3.834,
2019-08-27,118.22,3.874,
2019-08-28,118.24,3.862,
2019-08-29,118.27,3.851,
2019-08-30,118.191,3.861,
2019-09-02,118.149,3.904,
2019-09-03,118.047,3.908,
2019-09-04,118.051,3.957,
2019-09-05,118.16,3.994,
2019-09-06,118.541,4.021,
2019-09-09,118.431,4.037,
2019-09-10,118.382,4.026,
2019-09-11,118.321,3.997,
2019-09-12,118.199,4.038,
2019-09-16,118.184,4.024,
2019-09-17,118.232,3.951,
2019-09-18,118.186,3.968,
2019-09-19,118.21,3.987,
2019-09-20,118.268,3.993,
2019-09-23,118.329,3.958,
2019-09-24,118.28,3.961,
2019-09-25,118.282,3.934,
2019-09-26,118.254,3.907,
2019-09-27,118.161,3.916,
2019-09-30,118.399,3.869,
2019-10-08,118.351,3.894,
2019-10-09,118.464,3.905,
2019-10-10,118.369,3.933,
2019-10-11,118.304,3.981,
2019-10-14,118.261,4.01,
2019-10-15,118.291,3.997,
2019-10-16,118.28,3.983,
2019-10-17,118.331,3.989,
2019-10-18,118.256,3.931,
2019-10-21,118.018,3.94,
2019-10-22,118.111,3.955,
2019-10-23,118.151,3.934,
2019-10-24,118.167,3.939,
2019-10-25,118.215,3.963,
2019-10-28,118.027,3.986,
2019-10-29,117.96,3.973,
2019-10-30,117.912,3.947,
2019-10-31,117.96,3.945,
2019-11-01,118.021,4.026,
2019-11-04,117.956,4.039,
2019-11-05,118.06,4.062,
2019-11-06,118.211,4.045,
2019-11-07,118.131,4.05,
2019-11-08,118.079,4.034,
2019-11-11,118.229,3.967,
2019-11-12,118.27,3.962,
2019-11-13,118.283,3.959,
2019-11-14,118.223,3.962,
2019-11-15,118.321,3.943,
2019-11-18,118.638,3.971,
2019-11-19,118.695,4.011,
2019-11-20,118.631,3.97,
2019-11-21,118.703,3.95,
2019-11-22,118.673,3.908,
2019-11-25,118.57,3.936,
2019-11-26,118.56,3.942,
2019-11-27,118.599,3.936,
2019-11-28,118.596,3.93,
2019-11-29,118.775,3.887,
2019-12-02,118.934,3.895,
2019-12-03,119.02,3.911,
2019-12-04,119.001,3.913,
2019-12-05,118.981,3.942,
2019-12-06,118.96,3.966,
2019-12-09,118.789,3.953,
2019-12-10,118.719,3.956,
2019-12-11,118.756,3.9,
2019-12-12,118.758,3.889,
2019-12-13,118.761,3.968,
2019-12-16,118.746,3.98,
2019-12-17,118.69,4.042,
2019-12-18,118.722,4.027,
2019-12-19,118.752,4.02,
2019-12-20,118.882,4.016,
2019-12-23,119.026,3.964,
2019-12-24,119.356,3.985,
2019-12-25,119.32,3.992,
2019-12-26,119.469,4.021,
2019-12-27,119.697,4.017,
2019-12-30,119.637,4.075,
2019-12-31,119.851,4.096,
2020-01-02,119.377,4.149,
2020-01-03,119.266,4.139,
2020-01-06,119.391,4.123,
2020-01-07,119.336,4.155,
2020-01-08,119.469,4.114,
2020-01-09,119.574,4.158,
2020-01-10,119.696,4.157,
2020-01-13,119.699,4.202,
2020-01-14,119.789,4.184,
2020-01-15,119.84,4.152,
2020-01-16,119.648,4.146,
2020-01-17,119.76,4.151,
2020-01-20,119.814,4.181,
2020-01-21,120.38,4.105,
2020-01-22,120.101,4.119,
2020-01-23,120.799,3.996,
2020-02-03,122.597,3.659,
2020-02-04,121.336,3.77,
2020-02-05,121.525,3.807,
2020-02-06,121.175,3.897,
2020-02-07,121.366,3.888,
2020-02-10,121.569,3.901,
2020-02-11,121.642,3.943,
2020-02-12,121.522,3.971,
2020-02-13,121.347,3.95,
2020-02-14,121.343,3.977,
2020-02-17,121.166,4.064,
2020-02-18,121.143,4.039,
2020-02-19,121.169,4.04,
2020-02-20,121.024,4.131,
2020-02-21,121.143,4.145,
2020-02-24,121.37,4.112,
2020-02-25,121.301,4.104,
2020-02-26,121.315,4.07,
2020-02-27,121.438,4.071,
2020-02-28,121.964,3.933,
2020-03-02,121.749,4.076,
2020-03-03,121.771,4.073,
2020-03-04,121.95,4.102,
2020-03-05,121.976,4.2,
2020-03-06,122.14,4.121,
2020-03-09,122.973,3.99,
2020-03-10,122.604,4.078,
2020-03-11,122.603,4.011,
2020-03-12,122.701,3.948,
2020-03-13,122.212,3.889,
2020-03-16,122.067,3.726,
2020-03-17,121.791,3.693,
2020-03-18,121.791,3.631,
2020-03-19,121.479,3.596,
2020-03-20,121.701,3.644,
2020-03-23,122.297,3.526,
2020-03-24,122.312,3.611,
2020-03-25,122.331,3.706,
2020-03-26,122.597,3.683,
2020-03-27,122.8,3.7,
2020-03-30,122.958,3.666,
2020-03-31,123.193,3.669,
2020-04-01,123.425,3.673,
2020-04-02,123.271,3.723,
2020-04-03,123.213,3.697,
2020-04-07,123.862,3.78,
2020-04-08,124.385,3.765,
2020-04-09,124.525,3.776,
2020-04-10,124.284,3.764,
2020-04-13,124.458,3.743,
2020-04-14,124.498,3.805,
2020-04-15,125.087,3.783,
2020-04-16,124.963,3.785,
2020-04-17,124.884,3.819,
2020-04-20,124.875,3.835,
2020-04-21,124.939,3.795,
2020-04-22,125.393,3.829,
2020-04-23,125.788,3.822,
2020-04-24,125.864,3.79,
2020-04-27,125.896,3.807,
2020-04-28,126.029,3.831,
2020-04-29,126.398,3.851,
2020-04-30,126.435,3.908,
2020-05-06,126.176,3.918,
2020-05-07,125.447,3.911,
2020-05-08,125.285,3.953,
2020-05-11,125.013,3.946,
2020-05-12,125.188,3.945,
2020-05-13,125.12,3.954,
2020-05-14,125.324,3.921,
2020-05-15,125.536,3.902,
2020-05-18,125.102,3.914,
2020-05-19,124.91,3.943,
2020-05-20,124.508,3.927,
2020-05-21,124.534,3.901,
2020-05-22,125.08,3.815,
2020-05-25,124.758,3.817,
2020-05-26,124.079,3.863,
2020-05-27,123.787,3.845,
2020-05-28,124.028,3.85,
2020-05-29,123.892,3.866,
2020-06-01,123.721,3.968,
2020-06-02,123.138,3.979,
2020-06-03,122.826,3.978,
2020-06-04,122.701,3.98,
2020-06-05,122.568,4.003,
2020-06-08,122.889,4.022,
2020-06-09,122.959,4.049,
2020-06-10,122.651,4.04,
2020-06-11,122.826,4.003,
2020-06-12,123.011,4.013,
2020-06-15,123.149,3.956,
2020-06-16,122.472,4.018,
2020-06-17,122.01,4.022,
2020-06-18,121.971,4.053,
2020-06-19,121.8,4.105,
2020-06-22,121.942,4.109,
2020-06-23,121.401,4.128,
2020-06-24,121.898,4.164,
2020-06-29,122.145,4.128,
2020-06-30,121.996,4.178,
2020-07-01,122.158,4.272,
2020-07-02,122.294,4.37,
2020-07-03,122.145,4.457,
2020-07-06,121.416,4.784,
2020-07-07,121.098,4.736,
2020-07-08,120.875,4.798,
2020-07-09,120.887,4.872,
2020-07-10,121.253,4.785,
2020-07-13,120.94,4.885,
2020-07-14,121.4,4.842,
2020-07-15,121.617,4.784,
2020-07-16,122.016,4.556,
2020-07-17,121.801,4.605,
2020-07-20,121.543,4.727,
2020-07-21,121.769,4.739,
2020-07-22,122.202,4.792,
2020-07-23,122.492,4.766,
2020-07-24,122.361,4.554,
2020-07-27,122.49,4.582,
2020-07-28,122.248,4.617,
2020-07-29,122.112,4.749,
2020-07-30,121.985,4.714,
2020-07-31,121.756,4.75,
2020-08-03,121.656,4.825,
2020-08-04,121.671,4.829,
2020-08-05,121.726,4.831,
2020-08-06,121.621,4.813,
2020-08-07,121.616,4.765,
2020-08-10,121.611,4.781,
2020-08-11,121.588,4.734,
2020-08-12,121.166,4.702,
2020-08-13,121.278,4.687,
2020-08-14,121.301,4.778,
2020-08-17,121.429,4.877,
2020-08-18,121.507,4.87,
2020-08-19,121.39,4.794,
2020-08-20,121.122,4.743,
2020-08-21,121.144,4.783,
2020-08-24,121.12,4.813,
2020-08-25,120.866,4.822,
2020-08-26,120.745,4.763,
2020-08-27,120.485,4.799,
2020-08-28,120.403,4.917,
2020-08-31,120.488,4.874,
2020-09-01,120.853,4.908,
2020-09-02,120.715,4.904,
2020-09-03,120.692,4.884,
2020-09-04,120.496,4.829,
2020-09-07,120.212,4.732,
2020-09-08,120.428,4.756,
2020-09-09,120.541,4.645,
2020-09-10,120.777,4.649,
2020-09-11,120.706,4.685,
2020-09-14,120.495,4.712,
2020-09-15,120.626,4.747,
2020-09-16,120.675,4.719,
2020-09-17,120.71,4.69,
2020-09-18,120.714,4.811,
2020-09-21,121.058,4.756,
2020-09-22,121.217,4.699,
2020-09-23,121.182,4.713,
2020-09-24,121.081,4.636,
2020-09-25,120.955,4.639,
2020-09-28,120.854,4.649,
2020-09-29,120.746,4.66,
2020-09-30,120.7,4.646,
2020-10-09,120.523,4.739,
2020-10-12,120.6,4.887,
2020-10-13,120.436,4.903,
2020-10-14,120.429,4.879,
2020-10-15,120.291,4.867,
2020-10-16,120.481,4.853,
2020-10-19,120.729,4.822,
2020-10-20,120.771,4.852,
2020-10-21,120.878,4.858,
2020-10-22,121.001,4.842,
2020-10-23,120.823,4.786,
2020-10-26,120.71,4.75,
2020-10-27,120.942,4.764,
2020-10-28,120.875,4.804,
2020-10-29,120.82,4.848,
2020-10-30,120.961,4.757,
2020-11-02,121.177,4.785,
2020-11-03,121.136,4.836,
2020-11-04,121.214,4.873,
2020-11-05,121.083,4.949,
2020-11-06,120.916,4.951,
2020-11-09,120.734,5.048,
2020-11-10,120.768,5.021,
2020-11-11,120.752,4.974,
2020-11-12,120.701,4.971,
2020-11-13,120.442,4.92,
2020-11-16,120.646,4.973,1.465
2020-11-17,120.579,4.964,1.436
2020-11-18,120.412,4.957,1.424
2020-11-19,120.347,4.999,1.438
2020-11-20,120.347,5.014,1.435
2020-11-23,120.657,5.072,1.422
2020-11-24,120.524,5.04,1.416
2020-11-25,120.585,4.978,1.393
2020-11-26,120.551,4.985,1.39
2020-11-27,120.504,5.056,1.392
2020-11-30,120.786,5.031,1.391
2020-12-01,120.599,5.142,1.409
2020-12-02,120.633,5.131,1.414
2020-12-03,120.542,5.129,1.417
2020-12-04,120.735,5.14,1.411
2020-12-07,120.668,5.096,1.412
2020-12-08,120.718,5.08,1.408
2020-12-09,120.764,5.02,1.38
2020-12-10,120.763,5.01,1.383
2020-12-11,120.623,4.954,1.396
2020-12-14,120.515,4.998,1.413
2020-12-15,120.718,5.013,1.406
2020-12-16,120.784,5.023,1.388
2020-12-17,120.736,5.094,1.406
2020-12-18,120.666,5.065,1.403
2020-12-21,120.809,5.11,1.43
2020-12-22,121.028,5.033,1.403
2020-12-23,121.098,5.074,1.417
2020-12-24,121.121,5.074,1.393
2020-12-25,121.251,5.116,1.394
2020-12-28,121.131,5.13,1.38
2020-12-29,121.2,5.114,1.381
2020-12-30,121.266,5.178,1.403
2020-12-31,121.312,5.287,1.434
2021-01-04,121.124,5.334,1.464
2021-01-05,121.242,5.433,1.468
2021-01-06,121.493,5.482,1.458
2021-01-07,121.564,5.599,1.429
2021-01-08,121.509,5.571,1.423
2021-01-11,121.392,5.508,1.437
2021-01-12,121.518,5.668,1.45
2021-01-13,121.757,5.646,1.454
2021-01-14,122.008,5.543,1.498
2021-01-15,121.86,5.526,1.492
2021-01-18,121.692,5.513,1.526
2021-01-19,121.468,5.438,1.492
2021-01-20,121.663,5.468,1.524
2021-01-21,121.81,5.562,1.526
2021-01-22,121.865,5.565,1.536
2021-01-25,121.868,5.631,1.542
2021-01-26,121.452,5.511,1.524
2021-01-27,121.48,5.521,1.503
2021-01-28,121.386,5.385,1.469
2021-01-29,121.41,5.348,1.467
2021-02-01,121.529,5.411,1.467
2021-02-02,121.591,5.491,1.478
2021-02-03,121.666,5.485,1.456
2021-02-04,121.638,5.474,1.435
2021-02-05,121.447,5.482,1.414
2021-02-08,121.307,5.554,1.425
2021-02-09,121.294,5.692,1.472
2021-02-10,121.466,5.807,1.478
2021-02-18,121.349,5.764,1.476
2021-02-19,121.365,5.796,1.472
2021-02-22,121.419,5.589,1.433
2021-02-23,121.549,5.574,1.433
2021-02-24,121.771,5.427,1.409
2021-02-25,121.756,5.478,1.393
2021-02-26,121.508,5.329,1.368
2021-03-01,121.503,5.418,1.4
2021-03-02,121.983,5.349,1.392
2021-03-03,121.904,5.454,1.4
2021-03-04,121.852,5.287,1.366
2021-03-05,121.991,5.266,1.37
2021-03-08,121.99,5.08,1.316
2021-03-09,121.854,4.979,1.269
2021-03-10,121.929,5.0,1.272
2021-03-11,121.844,5.129,1.304
2021-03-12,121.854,5.142,1.298
2021-03-15,121.791,5.04,1.26
2021-03-16,121.627,5.073,1.258
2021-03-17,121.673,5.096,1.271
2021-03-18,121.618,5.136,1.277
2021-03-19,121.594,4.997,1.266
2021-03-22,121.61,5.054,1.28
2021-03-23,121.639,5.009,1.273
2021-03-24,121.79,4.933,1.258
2021-03-25,121.885,4.929,1.259
2021-03-26,121.72,5.033,1.293
2021-03-29,121.71,5.043,1.286
2021-03-30,121.902,5.087,1.286
2021-03-31,121.934,5.05,1.284
2021-04-01,121.9,5.112,1.303
2021-04-02,122.082,5.161,1.338
2021-04-06,122.004,5.133,1.335
2021-04-07,121.987,5.098,1.339
2021-04-08,121.829,5.109,1.33
2021-04-09,121.825,5.038,1.309
2021-04-12,122.049,4.954,1.282
2021-04-13,122.313,4.947,1.28
2021-04-14,122.273,4.975,1.29
2021-04-15,122.279,4.947,1.3
2021-04-16,122.339,4.963,1.315
2021-04-19,122.261,5.089,1.336
2021-04-20,122.322,5.081,1.33
2021-04-21,122.555,5.093,1.325
2021-04-22,122.457,5.089,1.345
2021-04-23,122.746,5.14,1.352
2021-04-26,122.581,5.076,1.352
2021-04-27,122.483,5.089,1.352
2021-04-28,122.398,5.127,1.361
2021-04-29,122.452,5.173,1.363
2021-04-30,122.6,5.128,1.364
2021-05-06,122.633,5.061,1.348
2021-05-07,122.587,5.0,1.304
2021-05-10,122.65,4.999,1.294
2021-05-11,122.892,5.025,1.294
2021-05-12,122.9,5.056,1.31
2021-05-13,122.726,5.001,1.313
2021-05-14,122.739,5.127,1.341
2021-05-17,122.887,5.188,1.367
2021-05-18,122.856,5.19,1.359
2021-05-19,123.059,5.176,1.365
2021-05-20,123.229,5.19,1.369
2021-05-21,123.351,5.135,1.354
2021-05-24,123.377,5.163,1.371
2021-05-25,123.167,5.327,1.408
2021-05-26,123.225,5.328,1.404
2021-05-27,123.134,5.347,1.437
2021-05-28,123.132,5.332,1.43
2021-05-31,122.902,5.338,1.484
2021-06-01,123.071,5.346,1.502
2021-06-02,122.985,5.303,1.469
2021-06-03,122.966,5.262,1.456
2021-06-04,123.015,5.295,1.475
2021-06-07,122.876,5.289,1.475
2021-06-08,122.896,5.247,1.465
2021-06-09,122.86,5.255,1.472
2021-06-10,122.888,5.289,1.498
2021-06-11,122.712,5.24,1.493
2021-06-15,122.69,5.181,1.499
2021-06-16,122.937,5.11,1.453
2021-06-17,122.873,5.121,1.528
2021-06-18,122.968,5.126,1.55
2021-06-21,123.227,5.119,1.584
2021-06-22,123.161,5.145,1.58
2021-06-23,123.13,5.176,1.588
2021-06-24,123.047,5.189,1.561
2021-06-25,123.091,5.27,1.595
2021-06-28,123.231,5.279,1.618
2021-06-29,123.378,5.225,1.621
2021-06-30,123.523,5.256,1.648
2021-07-01,123.485,5.254,1.633
2021-07-02,123.467,5.113,1.594
2021-07-05,123.482,5.12,1.64
2021-07-06,123.518,5.127,1.591
2021-07-07,123.655,5.18,1.624
2021-07-08,123.837,5.136,1.67
2021-07-09,123.887,5.112,1.644
2021-07-12,123.912,5.18,1.66
2021-07-13,124.212,5.196,1.654
2021-07-14,124.279,5.139,1.616
2021-07-15,124.022,5.207,1.617
2021-07-16,124.1,5.156,1.584
2021-07-19,124.114,5.178,1.573
2021-07-20,124.204,5.165,1.577
2021-07-21,124.321,5.204,1.623
2021-07-22,124.341,5.209,1.638
2021-07-23,124.386,5.157,1.627
2021-07-26,124.701,4.982,1.616
2021-07-27,124.856,4.809,1.605
2021-07-28,124.721,4.819,1.574
2021-07-29,124.646,4.906,1.651
2021-07-30,124.826,4.872,1.651
2021-08-02,125.17,4.993,1.657
2021-08-03,125.111,4.995,1.621
2021-08-04,125.034,5.039,1.665
2021-08-05,124.984,5.009,1.664
2021-08-06,125.019,4.993,1.65
2021-08-09,124.731,5.048,1.631
2021-08-10,124.615,5.105,1.647
2021-08-11,124.493,5.078,1.639
2021-08-12,124.6,5.046,1.646
2021-08-13,124.832,5.019,1.611
2021-08-16,124.827,5.016,1.607
2021-08-17,125.025,4.904,1.566
2021-08-18,125.102,4.957,1.565
2021-08-19,125.088,4.923,1.603
2021-08-20,125.166,4.833,1.59
2021-08-23,125.092,4.905,1.621
2021-08-24,125.04,4.957,1.636
2021-08-25,125.085,4.971,1.601
2021-08-26,124.777,4.886,1.555
2021-08-27,124.815,4.899,1.538
2021-08-30,124.86,4.881,1.527
2021-08-31,125.033,4.879,1.491
2021-09-01,125.1,4.949,1.48
2021-09-02,125.093,4.945,1.456
2021-09-03,125.128,4.918,1.457
2021-09-06,125.024,5.002,1.493
2021-09-07,124.928,5.065,1.494
2021-09-08,124.893,5.044,1.467
2021-09-09,124.907,5.042,1.454
2021-09-10,124.905,5.091,1.482
2021-09-13,124.859,5.064,1.438
2021-09-14,124.792,4.998,1.452
2021-09-15,124.815,4.945,1.437
2021-09-16,124.65,4.889,1.402
2021-09-17,124.758,4.928,1.413
2021-09-22,124.821,4.895,1.41
2021-09-23,124.986,4.924,1.419
2021-09-24,124.975,4.931,1.428
2021-09-27,124.971,4.963,1.424
2021-09-28,124.989,4.954,1.407
2021-09-29,125.291,4.921,1.399
2021-09-30,125.349,4.935,1.423
2021-10-08,125.148,5.006,1.417
2021-10-11,124.99,5.005,1.404
2021-10-12,124.806,4.953,1.371
2021-10-13,124.76,5.009,1.395
2021-10-14,124.789,4.982,1.398
2021-10-15,124.77,5.006,1.418
2021-10-18,124.392,4.948,1.405
2021-10-19,124.38,4.995,1.42
2021-10-20,124.42,4.981,1.424
2021-10-21,124.598,5.003,1.415
2021-10-22,124.453,5.036,1.423
2021-10-25,124.48,5.053,1.434
2021-10-26,124.573,5.036,1.429
2021-10-27,124.609,4.97,1.412
2021-10-28,124.589,4.949,1.412
2021-10-29,124.686,4.981,1.45
2021-11-01,124.777,4.965,1.459
2021-11-02,124.878,4.913,1.46
2021-11-03,124.976,4.893,1.454
2021-11-04,124.932,4.94,1.466
2021-11-05,125.06,4.923,1.453
2021-11-08,125.173,4.919,1.454
2021-11-09,125.065,4.917,1.476
2021-11-10,125.228,4.892,1.475
2021-11-11,125.193,4.972,1.493
2021-11-12,125.055,4.97,1.497
2021-11-15,125.149,4.964,1.486
2021-11-16,125.197,4.96,1.475
2021-11-17,125.199,4.959,1.491
2021-11-18,125.281,4.915,1.479
2021-11-19,125.208,4.97,1.501
2021-11-22,125.256,4.983,1.533
2021-11-23,125.258,4.986,1.532
2021-11-24,125.349,4.997,1.527
2021-11-25,125.42,4.978,1.524
2021-11-26,125.674,4.936,1.515
2021-11-29,125.511,4.929,1.531
2021-11-30,125.529,4.911,1.53
2021-12-01,125.47,4.924,1.511
2021-12-02,125.404,4.934,1.483
2021-12-03,125.23,4.979,1.499
2021-12-06,125.481,4.974,1.462
2021-12-07,125.424,5.002,1.447
2021-12-08,125.455,5.074,1.468
2021-12-09,125.41,5.158,1.489
2021-12-10,125.489,5.143,1.499
2021-12-13,125.485,5.156,1.495
2021-12-14,125.682,5.125,1.493
2021-12-15,125.693,5.079,1.475
2021-12-16,125.654,5.106,1.478
2021-12-17,125.83,5.033,1.452
2021-12-20,125.806,4.958,1.421
2021-12-21,125.755,4.979,1.431
2021-12-22,125.829,4.982,1.428
2021-12-23,125.859,5.02,1.43
2021-12-24,125.85,4.997,1.415
2021-12-27,125.961,5.001,1.411
2021-12-28,126.021,5.027,1.422
2021-12-29,126.052,4.96,1.41
2021-12-30,126.372,4.996,1.43
2021-12-31,126.479,5.008,1.452
2022-01-04,126.418,4.99,1.42
2022-01-05,126.283,4.943,1.384
2022-01-06,126.214,4.887,1.375
2022-01-07,126.224,4.899,1.358
2022-01-10,126.368,4.912,1.372
2022-01-11,126.54,4.867,1.344
2022-01-12,126.588,4.919,1.366
2022-01-13,126.573,4.838,1.348
2022-01-14,126.869,4.794,1.366
2022-01-17,126.832,4.835,1.391
2022-01-18,127.198,4.881,1.395
2022-01-19,127.138,4.78,1.378
2022-01-20,127.116,4.818,1.362
2022-01-21,127.426,4.784,1.344
2022-01-24,127.875,4.786,1.362
2022-01-25,127.842,4.68,1.327
2022-01-26,127.259,4.706,1.326
2022-01-27,127.206,4.625,1.291
2022-01-28,127.464,4.554,1.283
2022-02-07,127.353,4.626,1.284
2022-02-08,127.504,4.604,1.256
2022-02-09,127.571,4.643,1.26
2022-02-10,127.687,4.632,1.238
2022-02-11,127.146,4.596,1.217
2022-02-14,127.035,4.547,1.22
2022-02-15,127.037,4.589,1.25
2022-02-16,127.134,4.61,1.245
2022-02-17,127.145,4.62,1.255
2022-02-18,127.067,4.644,1.252
2022-02-21,126.785,4.627,1.241
2022-02-22,126.716,4.567,1.231
2022-02-23,126.849,4.615,1.279
2022-02-24,126.893,4.53,1.266
2022-02-25,126.97,4.565,1.29
2022-02-28,127.013,4.571,1.297
2022-03-01,126.794,4.609,1.29
2022-03-02,126.737,4.574,1.281
2022-03-03,126.743,4.545,1.26
2022-03-04,126.683,4.494,1.254
2022-03-07,126.948,4.346,1.217
2022-03-08,127.075,4.264,1.183
2022-03-09,126.8,4.224,1.184
2022-03-10,126.852,4.284,1.201
2022-03-11,127.079,4.312,1.212
2022-03-14,127.44,4.172,1.174
2022-03-15,126.974,3.973,1.142
2022-03-16,126.91,4.146,1.172
2022-03-17,126.934,4.23,1.189
2022-03-18,127.105,4.258,1.19
2022-03-21,127.055,4.252,1.2
2022-03-22,126.91,4.248,1.181
2022-03-23,126.951,4.273,1.191
2022-03-24,127.055,4.246,1.182
2022-03-25,127.16,4.169,1.153
2022-03-28,127.165,4.144,1.136
2022-03-29,127.107,4.126,1.125
2022-03-30,127.077,4.249,1.158
2022-03-31,126.976,4.218,1.137
2022-04-01,127.134,4.269,1.135
2022-04-06,127.25,4.257,1.103
2022-04-07,127.395,4.205,1.081
2022-04-08,127.566,4.233,1.072
2022-04-11,127.31,4.101,1.032
2022-04-12,127.357,4.171,1.038
2022-04-13,127.394,4.139,1.006
2022-04-14,127.595,4.183,1.017
2022-04-15,127.483,4.181,1.017
2022-04-18,127.335,4.161,1.047
2022-04-19,127.384,4.134,1.03
2022-04-20,127.42,4.064,1.013
2022-04-21,127.31,3.996,1.001
2022-04-22,127.278,4.006,0.983
2022-04-25,127.285,3.813,0.924
2022-04-26,127.357,3.783,0.909
2022-04-27,127.316,3.889,0.945
2022-04-28,127.248,3.915,0.941
2022-04-29,127.379,4.015,0.986
2022-05-05,127.38,4.0,0.994
2022-05-06,127.285,3.903,0.984
2022-05-09,127.367,3.871,0.987
2022-05-10,127.629,3.916,1.014
2022-05-11,127.532,3.971,1.045
2022-05-12,127.6,3.951,1.056
2022-05-13,127.708,3.982,1.055
2022-05-16,127.693,3.951,1.038
2022-05-17,127.842,4.0,1.052
2022-05-18,128.04,3.986,1.057
2022-05-19,127.936,3.995,1.08
2022-05-20,127.867,4.079,1.089
2022-05-23,127.922,4.047,1.089
2022-05-24,127.984,3.965,1.041
2022-05-25,128.084,3.982,1.049
2022-05-26,128.316,3.992,1.048
2022-05-27,128.1,4.002,1.036
2022-05-30,127.95,4.025,1.044
2022-05-31,127.831,4.089,1.078
2022-06-01,127.795,4.083,1.078
2022-06-02,127.774,4.094,1.126
2022-06-06,127.815,4.176,1.169
2022-06-07,127.809,4.182,1.16
2022-06-08,127.779,4.224,1.158
2022-06-09,127.8,4.19,1.128
2022-06-10,127.754,4.248,1.149
2022-06-13,127.748,4.196,1.134
2022-06-14,127.687,4.236,1.117
2022-06-15,127.63,4.285,1.111
2022-06-16,127.625,4.258,1.126
2022-06-17,127.73,4.321,1.143
2022-06-20,127.714,4.342,1.143
2022-06-21,127.697,4.34,1.131
2022-06-22,127.792,4.29,1.11
2022-06-23,127.792,4.365,1.132
2022-06-24,127.799,4.413,1.152
2022-06-27,127.607,4.461,1.152
2022-06-28,127.622,4.513,1.168
2022-06-29,127.721,4.458,1.14
2022-06-30,127.725,4.508,1.155
2022-07-01,127.907,4.493,1.142
2022-07-04,127.686,4.521,1.142
2022-07-05,127.568,4.511,1.139
2022-07-06,127.605,4.452,1.15
2022-07-07,127.613,4.468,1.161
2022-07-08,127.556,4.464,1.153
2022-07-11,127.601,4.388,1.129
2022-07-12,127.677,4.352,1.096
2022-07-13,127.753,4.359,1.099
2022-07-14,127.852,4.36,1.125
2022-07-15,128.028,4.295,1.121
2022-07-18,127.939,4.341,1.119
2022-07-19,127.891,4.319,1.11
2022-07-20,127.942,4.331,1.128
2022-07-21,128.015,4.286,1.142
2022-07-22,128.108,4.289,1.133
2022-07-25,128.129,4.271,1.124
2022-07-26,128.257,4.3,1.133
2022-07-27,128.266,4.276,1.147
2022-07-28,128.24,4.279,1.161
2022-07-29,128.499,4.22,1.139
2022-08-01,128.694,4.238,1.154
2022-08-02,128.877,4.167,1.149
2022-08-03,128.833,4.122,1.152
2022-08-04,128.985,4.153,1.167
2022-08-05,128.795,4.218,1.216
2022-08-08,128.82,4.204,1.206
2022-08-09,128.734,4.211,1.218
2022-08-10,128.787,4.166,1.208
2022-08-11,128.752,4.254,1.229
2022-08-12,128.755,4.255,1.201
2022-08-15,129.205,4.245,1.195
2022-08-16,129.384,4.235,1.19
2022-08-17,129.414,4.276,1.186
2022-08-18,129.5,4.239,1.2
2022-08-19,129.589,4.209,1.161
2022-08-22,129.595,4.236,1.158
2022-08-23,129.505,4.222,1.159
2022-08-24,129.475,4.145,1.119
2022-08-25,129.391,4.181,1.106
2022-08-26,129.332,4.175,1.095
2022-08-29,129.34,4.15,1.102
2022-08-30,129.456,4.141,1.098
2022-08-31,129.508,4.141,1.077
2022-09-01,129.521,4.107,1.076
2022-09-02,129.675,4.084,1.079
2022-09-05,129.729,4.082,1.074
2022-09-06,129.685,4.111,1.087
2022-09-07,129.691,4.119,1.102
2022-09-08,129.643,4.101,1.092
2022-09-09,129.532,4.159,1.083
2022-09-13,129.426,4.173,1.078
2022-09-14,129.313,4.127,1.08
2022-09-15,129.308,4.09,1.046
2022-09-16,129.193,4.0,1.045
2022-09-19,129.208,3.989,1.021
2022-09-20,129.352,3.991,1.028
2022-09-21,129.378,3.961,1.016
2022-09-22,129.375,3.932,1.021
2022-09-23,129.248,3.924,1.006
2022-09-26,128.946,3.899,1.004
2022-09-27,128.948,3.949,1.019
2022-09-28,128.905,3.893,0.999
2022-09-29,128.684,3.894,1.004
2022-09-30,128.78,3.868,0.981
2022-10-10,128.99,3.789,0.937
2022-10-11,129.159,3.786,0.932
2022-10-12,129.071,3.848,0.967
2022-10-13,129.158,3.815,0.969
2022-10-14,129.45,3.903,0.998
2022-10-17,129.265,3.902,1.005
2022-10-18,129.246,3.895,1.002
2022-10-19,129.339,3.836,0.993
2022-10-20,129.249,3.824,1.006
2022-10-21,129.264,3.802,1.012
2022-10-24,129.375,3.704,1.012
2022-10-25,129.297,3.688,1.016
2022-10-26,129.303,3.716,1.051
2022-10-27,129.394,3.69,1.048
2022-10-28,129.575,3.604,1.038
2022-10-31,129.668,3.565,1.06
2022-11-01,129.537,3.703,1.071
2022-11-02,129.42,3.737,1.084
2022-11-03,129.537,3.707,1.096
2022-11-04,129.413,3.834,1.121
2022-11-07,129.412,3.834,1.108
2022-11-08,129.441,3.811,1.098
2022-11-09,129.51,3.771,1.085
2022-11-10,129.419,3.75,1.067
2022-11-11,129.167,3.848,1.069
2022-11-14,128.821,3.85,1.071
2022-11-15,128.68,3.925,1.1
2022-11-16,128.481,3.896,1.081
2022-11-17,128.64,3.879,1.088
2022-11-18,128.57,3.866,1.076
2022-11-21,128.809,3.833,1.079
2022-11-22,128.863,3.831,1.061
2022-11-23,129.083,3.834,1.063
2022-11-24,129.243,3.816,1.06
2022-11-25,129.0,3.837,1.045
2022-11-28,128.763,3.792,1.038
2022-11-29,128.414,3.908,1.048
2022-11-30,128.508,3.911,1.041
2022-12-01,128.582,3.956,1.054
2022-12-02,128.621,3.933,1.054
2022-12-05,128.564,4.004,1.051
2022-12-06,128.431,4.027,1.049
2022-12-07,128.355,4.015,1.046
2022-12-08,128.541,4.024,1.044
2022-12-09,128.431,4.058,1.044
2022-12-12,128.452,4.016,1.048
2022-12-13,128.155,4.005,1.031
2022-12-14,128.42,4.015,1.026
2022-12-15,128.501,4.013,1.033
2022-12-16,128.469,4.017,1.02
2022-12-19,128.657,3.959,0.996
2022-12-20,128.669,3.896,0.994
2022-12-21,128.599,3.893,0.981
2022-12-22,128.64,3.901,0.971
2022-12-23,128.678,3.891,0.962
2022-12-26,128.627,3.9,0.992
2022-12-27,128.641,3.947,1.004
2022-12-28,128.826,3.934,0.998
2022-12-29,128.897,3.922,1.004
2022-12-30,129.104,3.938,1.003
2023-01-03,129.067,3.949,1.023
2023-01-04,129.288,3.954,1.016
2023-01-05,129.221,4.029,1.026
2023-01-06,128.957,4.045,1.032
2023-01-09,128.96,4.07,1.032
2023-01-10,128.885,4.076,1.032
2023-01-11,128.75,4.076,1.014
2023-01-12,128.785,4.082,1.016
2023-01-13,128.813,4.144,1.017
2023-01-16,128.71,4.143,1.035
2023-01-17,128.719,4.139,1.045
2023-01-18,128.7,4.13,1.05
2023-01-19,128.729,4.158,1.068
2023-01-20,128.854,4.181,1.073
2023-01-30,128.854,4.205,1.074
2023-01-31,128.838,4.159,1.058
2023-02-01,128.887,4.19,1.071
2023-02-02,128.972,4.18,1.075
2023-02-03,129.018,4.137,1.078
2023-02-06,128.956,4.08,1.068
2023-02-07,128.975,4.09,1.063
2023-02-08,129.018,4.073,1.054
2023-02-09,129.028,4.127,1.082
2023-02-10,129.079,4.103,1.068
2023-02-13,129.089,4.135,1.069
2023-02-14,129.093,4.144,1.065
2023-02-15,129.099,4.116,1.067
2023-02-16,129.087,4.087,1.049
2023-02-17,129.102,4.029,1.029
2023-02-20,129.008,4.134,1.042
2023-02-21,128.967,4.139,1.038
2023-02-22,128.992,4.099,1.032
2023-02-23,128.99,4.099,1.035
2023-02-24,128.993,4.06,1.033
2023-02-27,128.972,4.045,1.028
2023-02-28,128.954,4.071,1.033
2023-03-01,128.963,4.12,1.038
2023-03-02,128.991,4.115,1.032
2023-03-03,128.974,4.124,1.043
2023-03-06,129.063,4.099,1.053
2023-03-07,129.163,4.042,1.034
2023-03-08,129.232,4.026,1.038
2023-03-09,129.251,4.016,1.041
2023-03-10,129.3,3.961,1.037
2023-03-13,129.295,4.005,1.04
2023-03-14,129.338,3.98,1.055
2023-03-15,129.307,3.979,1.048
2023-03-16,129.366,3.933,1.032
2023-03-17,129.436,3.954,1.056
2023-03-20,129.521,3.932,1.068
2023-03-21,129.459,3.975,1.07
2023-03-22,129.453,3.993,1.074
2023-03-23,129.427,4.031,1.099
2023-03-24,129.373,4.026,1.104
2023-03-27,129.383,4.005,1.098
2023-03-28,129.407,3.997,1.08
2023-03-29,129.435,3.997,1.103
2023-03-30,129.47,4.04,1.108
2023-03-31,129.48,4.05,1.124
2023-04-03,129.47,4.08,1.169
2023-04-04,129.514,4.1,1.172
2023-04-06,129.554,4.088,1.193
2023-04-07,129.587,4.117,1.207
2023-04-10,129.697,4.102,1.172
2023-04-11,129.742,4.092,1.165
2023-04-12,129.775,4.088,1.173
2023-04-13,129.746,4.063,1.143
2023-04-14,129.711,4.084,1.182
2023-04-17,129.683,4.145,1.186
2023-04-18,129.736,4.152,1.172
2023-04-19,129.812,4.119,1.178
2023-04-20,129.792,4.103,1.211
2023-04-21,129.851,4.03,1.164
2023-04-24,129.884,3.979,1.142
2023-04-25,129.894,3.96,1.12
2023-04-26,129.895,3.951,1.116
2023-04-27,130.078,3.986,1.112
2023-04-28,130.135,4.025,1.133
2023-05-04,130.247,4.025,1.109
2023-05-05,130.479,4.009,1.093
2023-05-08,130.415,4.054,1.102
2023-05-09,130.463,4.019,1.078
2023-05-10,130.633,3.988,1.069
2023-05-11,130.811,3.983,1.07
2023-05-12,130.74,3.932,1.056
2023-05-15,130.81,3.995,1.067
2023-05-16,130.74,3.978,1.068
2023-05-17,130.728,3.951,1.072
2023-05-18,130.688,3.95,1.078
2023-05-19,130.774,3.944,1.084
2023-05-22,130.935,3.964,1.075
2023-05-23,131.26,3.907,1.06
2023-05-24,131.183,3.854,1.055
2023-05-25,131.02,3.845,1.065
2023-05-26,131.014,3.85,1.082
2023-05-29,131.044,3.834,1.072
2023-05-30,131.15,3.838,1.09
2023-05-31,131.218,3.802,1.097
2023-06-01,131.326,3.81,1.1
2023-06-02,131.148,3.863,1.1
2023-06-05,131.279,3.845,1.096
2023-06-06,131.328,3.808,1.067
2023-06-07,131.453,3.796,1.065
2023-06-08,131.393,3.828,1.053
2023-06-09,131.47,3.844,1.077
2023-06-12,131.544,3.848,1.071
2023-06-13,131.69,3.877,1.084
2023-06-14,131.785,3.877,1.08
2023-06-15,131.437,3.942,1.08
2023-06-16,131.158,3.979,1.098
2023-06-19,131.196,3.949,1.1
2023-06-20,131.222,3.942,1.101
2023-06-21,131.36,3.887,1.066
2023-06-26,131.439,3.843,1.057
2023-06-27,131.363,3.869,1.06
2023-06-28,131.385,3.877,1.055
2023-06-29,131.351,3.859,1.047
2023-06-30,131.529,3.882,1.052
2023-07-03,131.589,3.927,1.055
2023-07-04,131.567,3.934,1.061
2023-07-05,131.756,3.907,1.051
2023-07-06,131.799,3.879,1.048
2023-07-07,131.812,3.868,1.037
2023-07-10,131.804,3.884,1.039
2023-07-11,131.82,3.91,1.046
2023-07-12,131.817,3.891,1.03
2023-07-13,131.799,3.954,1.039
2023-07-14,131.758,3.952,1.036
2023-07-17,131.85,3.924,1.028
2023-07-18,131.932,3.918,1.025
2023-07-19,131.966,3.916,1.019
2023-07-20,131.963,3.888,1.007
2023-07-21,132.096,3.89,1.0
2023-07-24,132.132,3.873,0.995
2023-07-25,131.801,3.985,1.009
2023-07-26,131.825,3.976,1.006
2023-07-27,131.937,3.972,0.997
2023-07-28,131.846,4.068,1.007
2023-07-31,131.727,4.084,1.015
2023-08-01,131.821,4.066,1.014
2023-08-02,131.826,4.037,1.012
2023-08-03,131.883,4.073,1.015
2023-08-04,131.927,4.094,1.021
2023-08-07,131.983,4.063,1.014
2023-08-08,132.01,4.048,1.01
2023-08-09,132.035,4.04,1.001
2023-08-10,131.984,4.045,1.003
2023-08-11,132.022,3.95,0.983
2023-08-14,132.088,3.923,0.974
2023-08-15,132.361,3.919,0.96
2023-08-16,132.432,3.889,0.944
2023-08-17,132.39,3.902,0.954
2023-08-18,132.457,3.852,0.95
2023-08-21,132.578,3.8,0.936
2023-08-22,132.504,3.823,0.946
2023-08-23,132.491,3.768,0.922
2023-08-24,132.46,3.791,0.929
2023-08-25,132.397,3.784,0.912
2023-08-28,132.232,3.837,0.922
2023-08-29,132.07,3.859,0.97
2023-08-30,132.323,3.858,0.988
2023-08-31,132.349,3.839,0.987
2023-09-01,132.208,3.862,0.98
2023-09-04,131.888,3.92,0.989
2023-09-05,131.983,3.893,0.975
2023-09-06,131.883,3.883,0.979
2023-09-07,131.722,3.83,0.942
2023-09-08,131.827,3.809,0.944
2023-09-11,131.827,3.837,0.951
2023-09-12,131.85,3.832,0.945
2023-09-13,131.984,3.807,0.932
2023-09-14,132.051,3.804,0.925
2023-09-15,131.985,3.787,0.929
2023-09-18,131.843,3.8,0.923
2023-09-19,131.828,3.795,0.917
2023-09-20,131.776,3.777,0.908
2023-09-21,131.873,3.742,0.904
2023-09-22,131.778,3.817,0.927
2023-09-25,131.751,3.789,0.919
2023-09-26,131.602,3.768,0.92
2023-09-27,131.304,3.778,0.925
2023-09-28,131.882,3.764,0.932
2023-10-09,131.993,3.754,0.93
2023-10-10,131.899,3.727,0.924
2023-10-11,131.659,3.735,0.937
2023-10-12,131.64,3.771,0.943
2023-10-13,131.749,3.736,0.934
2023-10-16,131.763,3.693,0.916
2023-10-17,131.698,3.705,0.924
2023-10-18,131.673,3.677,0.913
2023-10-19,131.438,3.6,0.911
2023-10-20,131.54,3.582,0.904
2023-10-23,131.662,3.544,0.883
2023-10-24,131.6,3.549,0.893
2023-10-25,131.754,3.569,0.891
2023-10-26,131.91,3.582,0.892
2023-10-27,131.85,3.636,0.906
2023-10-30,132.026,3.652,0.92
2023-10-31,132.066,3.644,0.917
2023-11-01,132.093,3.642,0.913
2023-11-02,132.191,3.625,0.903
2023-11-03,132.182,3.653,0.918
2023-11-06,132.145,3.701,0.934
2023-11-07,132.18,3.69,0.935
2023-11-08,132.193,3.679,0.943
2023-11-09,132.2,3.682,0.937
2023-11-10,132.205,3.655,0.931
2023-11-13,132.363,3.65,0.937
2023-11-14,132.352,3.65,0.946
2023-11-15,132.349,3.675,0.942
2023-11-16,132.425,3.639,0.928
2023-11-17,132.437,3.634,0.932
2023-11-20,132.367,3.645,0.934
2023-11-21,132.306,3.65,0.927
2023-11-22,132.155,3.611,0.913
2023-11-23,131.99,3.63,0.918
2023-11-24,132.086,3.605,0.906
2023-11-27,132.067,3.581,0.909
2023-11-28,132.055,3.585,0.913
2023-11-29,132.007,3.558,0.906
2023-11-30,132.101,3.562,0.907
2023-12-01,132.2,3.548,0.91
2023-12-04,132.105,3.524,0.906
2023-12-05,132.091,3.458,0.89
2023-12-06,132.073,3.463,0.892
2023-12-07,132.144,3.454,0.891
2023-12-08,132.21,3.461,0.91
2023-12-11,132.395,3.485,0.923
2023-12-12,132.383,3.493,0.917
2023-12-13,132.565,3.435,0.907
2023-12-14,132.441,3.419,0.902
2023-12-15,132.558,3.412,0.895
2023-12-18,132.665,3.398,0.886
2023-12-19,132.652,3.4,0.892
2023-12-20,132.561,3.369,0.881
2023-12-21,132.61,3.4,0.893
2023-12-22,132.787,3.406,0.888
2023-12-25,132.895,3.415,0.883
2023-12-26,132.997,3.395,0.868
2023-12-27,133.126,3.405,0.873
2023-12-28,133.245,3.489,0.894
2023-12-29,133.363,3.499,0.897
2024-01-02,133.252,3.453,0.886
2024-01-03,133.217,3.443,0.874
2024-01-04,133.32,3.413,0.866
2024-01-05,133.457,3.396,0.849
2024-01-08,133.423,3.349,0.824
2024-01-09,133.444,3.357,0.824
2024-01-10,133.427,3.341,0.818
2024-01-11,133.46,3.36,0.829
2024-01-12,133.417,3.349,0.818
2024-01-15,133.373,3.345,0.813
2024-01-16,133.282,3.367,0.817
2024-01-17,133.379,3.292,0.795
2024-01-18,133.35,3.268,0.806
2024-01-19,133.575,3.275,0.803
2024-01-22,133.637,3.206,0.776
2024-01-23,133.559,3.228,0.786
2024-01-24,133.512,3.279,0.788
2024-01-25,133.682,3.335,0.804
2024-01-26,133.775,3.329,0.785
2024-01-29,133.821,3.299,0.764
2024-01-30,134.167,3.243,0.735
2024-01-31,134.2,3.222,0.722
2024-02-01,134.078,3.218,0.726
2024-02-02,134.066,3.188,0.707
2024-02-05,134.224,3.208,0.709
2024-02-06,134.023,3.311,0.757
2024-02-07,133.961,3.34,0.777
2024-02-08,134.2,3.362,0.786
2024-02-19,134.16,3.389,0.798
2024-02-20,134.202,3.401,0.79
2024-02-21,134.285,3.449,0.791
2024-02-22,134.343,3.475,0.799
2024-02-23,134.509,3.478,0.801
2024-02-26,134.521,3.443,0.806
2024-02-27,134.559,3.484,0.836
2024-02-28,134.57,3.448,0.808
2024-02-29,134.621,3.503,0.847
2024-03-01,134.54,3.53,0.855
2024-03-04,134.545,3.527,0.856
2024-03-05,134.55,3.556,0.857
2024-03-06,134.73,3.542,0.85
2024-03-07,134.846,3.523,0.832
2024-03-08,134.793,3.533,0.841
2024-03-11,134.708,3.581,0.857
2024-03-12,134.581,3.586,0.856
2024-03-13,134.544,3.565,0.853
2024-03-14,134.471,3.552,0.842
2024-03-15,134.554,3.561,0.847
2024-03-18,134.677,3.592,0.864
2024-03-19,134.783,3.569,0.852
2024-03-20,134.759,3.572,0.854
2024-03-21,134.783,3.57,0.846
2024-03-22,134.816,3.539,0.832
2024-03-25,134.752,3.52,0.82
2024-03-26,134.737,3.531,0.81
2024-03-27,134.791,3.493,0.789
2024-03-28,134.775,3.51,0.799
2024-03-29,134.923,3.526,0.8
2024-04-01,134.878,3.584,0.813
2024-04-02,134.926,3.572,0.806
2024-04-03,135.063,3.558,0.794
2024-04-08,135.23,3.529,0.778
2024-04-09,135.355,3.523,0.785
2024-04-10,135.369,3.497,0.773
2024-04-11,135.394,3.494,0.774
2024-04-12,135.569,3.466,0.773
2024-04-15,135.55,3.539,0.785
2024-04-16,135.477,3.507,0.768
2024-04-17,135.512,3.553,0.785
2024-04-18,135.618,3.559,0.781
2024-04-19,135.706,3.531,0.765
2024-04-22,135.787,3.524,0.766
2024-04-23,135.977,3.499,0.763
2024-04-24,135.618,3.513,0.773
2024-04-25,135.713,3.523,0.768
2024-04-26,135.489,3.573,0.787
2024-04-29,134.929,3.616,0.812
2024-04-30,135.312,3.598,0.804
2024-05-06,135.525,3.648,0.813
2024-05-07,135.691,3.65,0.806
2024-05-08,135.715,3.621,0.797
2024-05-09,135.596,3.656,0.815
2024-05-10,135.572,3.658,0.804
2024-05-13,135.716,3.655,0.798
2024-05-14,135.791,3.649,0.796
2024-05-15,135.79,3.623,0.784
2024-05-16,135.726,3.635,0.781
2024-05-17,135.627,3.676,0.79
2024-05-20,135.789,3.684,0.789
2024-05-21,135.719,3.672,0.783
2024-05-22,135.777,3.68,0.789
2024-05-23,135.871,3.643,0.777
2024-05-24,135.874,3.602,0.761
2024-05-27,135.84,3.632,0.772
2024-05-28,135.916,3.609,0.769
2024-05-29,135.988,3.61,0.769
2024-05-30,136.041,3.596,0.777
2024-05-31,136.018,3.582,0.778
2024-06-03,136.16,3.587,0.785
2024-06-04,136.192,3.612,0.789
2024-06-05,136.231,3.599,0.788
2024-06-06,136.205,3.599,0.779
2024-06-07,136.254,3.576,0.775
2024-06-11,136.254,3.551,0.794
2024-06-12,136.236,3.547,0.793
2024-06-13,136.249,3.534,0.796
2024-06-14,136.27,3.554,0.791
2024-06-17,136.327,3.544,0.794
2024-06-18,136.364,3.555,0.794
2024-06-19,136.391,3.545,0.787
2024-06-20,136.506,3.522,0.791
2024-06-21,136.437,3.516,0.795
2024-06-24,136.52,3.499,0.774
2024-06-25,136.562,3.478,0.751
2024-06-26,136.662,3.499,0.764
2024-06-27,136.803,3.48,0.75
2024-06-28,136.899,3.487,0.745
2024-07-01,136.672,3.501,0.743
2024-07-02,136.795,3.496,0.732
2024-07-03,137.007,3.49,0.734
2024-07-04,136.934,3.475,0.723
2024-07-05,136.828,3.458,0.731
2024-07-08,136.561,3.434,0.724
2024-07-09,136.729,3.471,0.742
2024-07-10,136.815,3.463,0.743
2024-07-11,136.808,3.509,0.751
2024-07-12,136.916,3.519,0.752
2024-07-15,136.968,3.526,0.748
2024-07-16,136.967,3.551,0.764
2024-07-17,136.999,3.556,0.762
2024-07-18,136.958,3.577,0.769
2024-07-19,137.05,3.6,0.784
2024-07-22,137.341,3.571,0.787
2024-07-23,137.486,3.501,0.756
2024-07-24,137.488,3.479,0.746
2024-07-25,137.508,3.459,0.748
2024-07-26,137.567,3.474,0.753
2024-07-29,137.544,3.454,0.74
2024-07-30,137.564,3.431,0.743
2024-07-31,137.661,3.508,0.778
2024-08-01,137.887,3.483,0.774
2024-08-02,138.088,3.447,0.762
2024-08-05,138.139,3.408,0.738
2024-08-06,137.94,3.408,0.748
2024-08-07,138.131,3.401,0.742
2024-08-08,138.011,3.405,0.745
2024-08-09,137.826,3.393,0.742
2024-08-12,137.204,3.389,0.742
2024-08-13,137.609,3.394,0.746
2024-08-14,137.736,3.37,0.736
2024-08-15,137.6,3.408,0.743
2024-08-16,137.577,3.41,0.74
2024-08-19,137.636,3.419,0.739
2024-08-20,137.614,3.403,0.728
2024-08-21,137.467,3.388,0.726
2024-08-22,137.743,3.379,0.719
2024-08-23,137.944,3.393,0.72
2024-08-26,137.946,3.394,0.715
2024-08-27,137.856,3.377,0.708
2024-08-28,137.901,3.357,0.704
2024-08-29,137.827,3.347,0.713
2024-08-30,137.785,3.392,0.728
2024-09-02,138.106,3.332,0.703
2024-09-03,138.289,3.344,0.708
2024-09-04,138.337,3.323,0.705
2024-09-05,138.423,3.33,0.705
2024-09-06,138.468,3.302,0.696
2024-09-09,138.541,3.261,0.687
2024-09-10,138.659,3.261,0.692
2024-09-11,138.866,3.254,0.695
2024-09-12,138.651,3.243,0.69
2024-09-13,138.845,3.228,0.683
2024-09-18,138.879,3.238,0.678
2024-09-19,138.695,3.265,0.683
2024-09-20,138.794,3.274,0.678
2024-09-23,138.824,3.283,0.674
2024-09-24,138.672,3.427,0.699
2024-09-25,138.997,3.474,0.7
2024-09-26,138.89,3.64,0.728
2024-09-27,138.31,3.869,0.792
2024-09-30,137.844,4.233,0.95
2024-10-08,137.79,4.412,1.14
2024-10-09,138.07,4.022,1.096
2024-10-10,138.398,4.086,1.026
2024-10-11,138.47,3.977,0.951
2024-10-14,138.448,4.04,0.974
2024-10-15,138.484,3.931,0.946
2024-10-16,138.503,3.906,0.923
2024-10-17,138.691,3.863,0.926
2024-10-18,138.537,4.016,1.041
2024-10-21,138.519,4.016,1.05
2024-10-22,138.325,4.04,1.037
2024-10-23,138.186,4.055,1.032
2024-10-24,138.24,4.011,1.029
2024-10-25,138.228,4.04,1.045
2024-10-28,138.255,4.046,1.039
2024-10-29,138.392,4.013,1.028
2024-10-30,138.435,3.971,1.008
2024-10-31,138.424,3.971,1.02
2024-11-01,138.631,3.979,0.99
2024-11-04,138.69,4.032,1.004
2024-11-05,138.678,4.137,1.05
2024-11-06,138.729,4.111,1.053
2024-11-07,138.849,4.248,1.087
2024-11-08,138.902,4.194,1.081
2024-11-11,138.94,4.215,1.13
2024-11-12,139.131,4.169,1.105
2024-11-13,139.13,4.195,1.116
2024-11-14,139.137,4.124,1.08
2024-11-15,139.235,4.055,1.04
2024-11-18,139.16,4.038,1.02
2024-11-19,139.129,4.058,1.052
2024-11-20,139.224,4.068,1.055
2024-11-21,139.311,4.073,1.064
2024-11-22,139.337,3.953,1.022
2024-11-25,139.45,3.931,1.008
2024-11-26,139.423,3.923,1.002
2024-11-27,139.364,3.987,1.038
2024-11-28,139.462,3.958,1.034
2024-11-29,139.539,4.001,1.06
2024-12-02,139.844,4.031,1.068
2024-12-03,139.817,4.035,1.057
2024-12-04,139.938,4.014,1.05
2024-12-05,139.968,4.007,1.053
2024-12-06,139.925,4.057,1.067
2024-12-09,139.937,4.054,1.054
2024-12-10,140.373,4.085,1.063
2024-12-11,140.382,4.075,1.059
2024-12-12,140.563,4.117,1.063
2024-12-13,141.055,4.02,1.042
2024-12-16,141.163,3.996,1.025
2024-12-17,140.963,4.007,1.019
2024-12-18,140.955,4.024,1.033
2024-12-19,141.0,4.03,1.045
2024-12-20,141.437,4.018,1.065
2024-12-23,141.361,4.022,1.052
2024-12-24,141.253,4.069,1.069
2024-12-25,140.995,4.072,1.072
2024-12-26,140.997,4.073,1.081
2024-12-27,141.288,4.067,1.074
2024-12-30,141.003,4.086,1.077
2024-12-31,141.216,4.022,1.045
2025-01-02,141.411,3.909,1.009
2025-01-03,141.787,3.869,0.993
2025-01-06,141.789,3.853,0.989
2025-01-07,141.558,3.88,1.018
2025-01-08,141.603,3.874,1.017
2025-01-09,141.298,3.866,1.015
2025-01-10,141.209,3.823,1.005
2025-01-13,141.039,3.808,1.005
2025-01-14,141.111,3.906,1.037
2025-01-15,141.267,3.883,1.032
2025-01-16,141.243,3.885,1.011
2025-01-17,141.178,3.898,1.02
2025-01-20,141.189,3.917,1.022
2025-01-21,141.219,3.922,1.031
2025-01-22,141.31,3.886,1.029
2025-01-23,141.146,3.897,1.021
2025-01-24,141.004,3.929,1.029
2025-01-27,141.496,3.907,1.009
2025-02-05,141.459,3.887,1.037
2025-02-06,141.594,3.932,1.067
2025-02-07,141.511,3.988,1.076
2025-02-10,141.281,3.992,1.094
2025-02-11,141.248,3.976,1.08
2025-02-12,141.25,4.014,1.099
2025-02-13,141.227,4.004,1.073
2025-02-14,140.926,4.034,1.078
2025-02-17,140.832,4.041,1.093
2025-02-18,140.637,4.012,1.066
2025-02-19,140.817,4.033,1.092
2025-02-20,140.583,4.021,1.091
2025-02-21,140.45,4.075,1.157
2025-02-24,140.064,4.062,1.161
2025-02-25,140.253,4.021,1.162
2025-02-26,140.265,4.054,1.186
2025-02-27,140.207,4.067,1.185
2025-02-28,140.254,3.994,1.133
2025-03-03,140.6,3.981,1.119
2025-03-04,140.594,3.977,1.139
2025-03-05,140.546,3.994,1.142
2025-03-06,140.417,4.049,1.181
2025-03-07,140.137,4.039,1.167
2025-03-10,139.905,4.023,1.163
2025-03-11,139.581,4.035,1.158
2025-03-12,140.073,4.025,1.15
2025-03-13,140.091,4.005,1.126
2025-03-14,140.066,4.106,1.146
2025-03-17,139.779,4.094,1.14
2025-03-18,139.88,4.103,1.146
2025-03-19,139.792,4.109,1.131
2025-03-20,139.965,4.076,1.119
2025-03-21,139.912,4.01,1.095
2025-03-24,139.844,4.027,1.101
2025-03-25,140.017,4.029,1.083
2025-03-26,140.176,4.013,1.081
2025-03-27,140.227,4.027,1.092
2025-03-28,140.197,4.008,1.081
2025-03-31,140.187,3.984,1.074
2025-04-01,140.18,3.982,1.076
2025-04-02,140.282,3.979,1.074
2025-04-03,140.794,3.959,1.068
2025-04-07,141.217,3.695,0.97
2025-04-08,141.103,3.73,0.986
2025-04-09,141.184,3.766,1.028
2025-04-10,141.318,3.829,1.042
2025-04-11,141.365,3.84,1.061
2025-04-14,141.243,3.848,1.064
2025-04-15,141.246,3.851,1.054
2025-04-16,141.364,3.86,1.061
2025-04-17,141.276,3.863,1.066
2025-04-18,141.217,3.873,1.059
2025-04-21,141.099,3.875,1.07
2025-04-22,141.15,3.878,1.066
2025-04-23,141.021,3.882,1.063
2025-04-24,140.903,3.882,1.052
2025-04-25,141.029,3.882,1.054
2025-04-28,140.991,3.876,1.051
2025-04-29,141.176,3.869,1.053
2025-04-30,141.283,3.866,1.062
2025-05-06,141.208,3.903,1.078
2025-05-07,141.17,3.927,1.081
2025-05-08,141.45,3.95,1.077
2025-05-09,141.41,3.945,1.056
2025-05-12,141.345,3.99,1.063
2025-05-13,141.251,3.994,1.06
2025-05-14,141.135,4.045,1.065
2025-05-15,141.037,4.011,1.05
2025-05-16,140.943,3.989,1.044
2025-05-19,141.012,3.983,1.045
2025-05-20,141.059,4.003,1.048
2025-05-21,141.044,4.019,1.045
2025-05-22,141.043,4.017,1.039
2025-05-23,141.149,3.988,1.03
2025-05-26,141.146,3.967,1.035
2025-05-27,141.094,3.946,1.028
2025-05-28,141.101,3.942,1.023
2025-05-29,140.943,3.966,1.04
2025-05-30,141.076,3.959,1.03
2025-06-03,141.069,3.957,1.034
2025-06-04,141.159,3.974,1.04
2025-06-05,141.226,3.984,1.051
2025-06-06,141.341,3.986,1.047
2025-06-09,141.39,3.995,1.053
2025-06-10,141.406,3.972,1.032
2025-06-11,141.399,4.004,1.031
2025-06-12,141.369,4.006,1.027
2025-06-13,141.398,3.98,1.022
2025-06-16,141.429,3.99,1.021
2025-06-17,141.583,3.989,1.012
2025-06-18,141.599,3.904,1.018
2025-06-19,141.605,3.873,1.012
2025-06-20,141.63,3.878,1.006
2025-06-23,141.601,3.891,1.012
2025-06-24,141.548,3.936,1.029
2025-06-25,141.512,4.001,1.048
2025-06-26,141.55,3.986,1.041
2025-06-27,141.645,3.963,1.041
2025-06-30,141.581,3.982,1.056
2025-07-01,141.631,3.988,1.048
2025-07-02,141.711,3.992,1.035
2025-07-03,141.729,4.015,1.036
2025-07-04,141.762,4.032,1.035
2025-07-07,141.741,4.014,1.029
2025-07-08,141.631,4.048,1.044
2025-07-09,141.629,4.045,1.036
2025-07-10,141.537,4.065,1.033
2025-07-11,141.499,4.079,1.047
2025-07-14,141.427,4.078,1.046
2025-07-15,141.567,4.078,1.048
2025-07-16,141.576,4.069,1.049
2025-07-17,141.568,4.102,1.057
2025-07-18,141.556,4.132,1.06
2025-07-21,141.469,4.157,1.061
2025-07-22,141.395,4.201,1.069
2025-07-23,141.341,4.199,1.074
2025-07-24,141.074,4.225,1.086
2025-07-25,141.105,4.203,1.109
2025-07-28,141.238,4.214,1.11
2025-07-29,141.064,4.235,1.125
2025-07-30,141.203,4.232,1.112
2025-07-31,141.313,4.155,1.101
2025-08-01,141.321,4.133,1.091
2025-08-04,141.293,4.152,1.104
2025-08-05,141.337,4.183,1.109
2025-08-06,141.351,4.194,1.113
2025-08-07,141.451,4.193,1.112
2025-08-08,141.508,4.183,1.096
2025-08-11,141.341,4.202,1.103
2025-08-12,141.313,4.228,1.124
2025-08-13,141.411,4.263,1.133
2025-08-14,141.358,4.256,1.142
2025-08-15,141.345,4.295,1.158
2025-08-18,141.047,4.327,1.183
2025-08-19,141.058,4.305,1.17
2025-08-20,140.996,4.364,1.208
2025-08-21,141.058,4.378,1.208
2025-08-22,141.021,4.479,1.323
2025-08-25,141.14,4.565,1.356
2025-08-26,141.146,4.541,1.336
2025-08-27,141.184,4.475,1.337
2025-08-28,141.116,4.559,1.433
2025-08-29,141.148,4.601,1.412
2025-09-01,141.259,4.616,1.431
2025-09-02,141.257,4.59,1.394
2025-09-03,141.402,4.549,1.365
2025-09-04,141.488,4.456,1.282
2025-09-05,141.279,4.554,1.326
2025-09-08,141.251,4.555,1.328
2025-09-09,141.231,4.528,1.307
2025-09-10,141.155,4.538,1.321
2025-09-11,141.256,4.66,1.393
2025-09-12,141.301,4.621,1.406
2025-09-15,141.39,4.629,1.409
2025-09-16,141.475,4.62,1.426
2025-09-17,141.632,4.653,1.44
2025-09-18,141.54,4.594,1.45
2025-09-19,141.385,4.604,1.431
2025-09-22,141.497,4.619,1.479
2025-09-23,139.922,4.622,1.475
2025-09-24,139.804,4.663,1.53
2025-09-25,139.752,4.695,1.548
2025-09-26,139.856,4.651,1.524
2025-09-29,139.821,4.728,1.543
2025-09-30,140.028,4.741,1.57
2025-10-09,140.123,4.816,1.618
2025-10-10,140.093,4.719,1.528
2025-10-13,140.134,4.692,1.546
2025-10-14,140.181,4.645,1.481
2025-10-15,140.14,4.706,1.501
2025-10-16,140.146,4.721,1.487
2025-10-17,140.246,4.624,1.433
2025-10-20,140.122,4.64,1.437
2025-10-21,140.142,4.71,1.477
2025-10-22,140.168,4.695,1.476
2025-10-23,140.128,4.713,1.473
2025-10-24,140.119,4.77,1.535
2025-10-27,140.166,4.826,1.558
2025-10-28,140.445,4.802,1.545
2025-10-29,140.561,4.862,1.565
2025-10-30,140.674,4.823,1.535
2025-10-31,140.69,4.756,1.488
2025-11-03,140.628,4.763,1.47
2025-11-04,140.621,4.729,1.455
2025-11-05,140.626,4.735,1.46
2025-11-06,140.56,4.805,1.509
2025-11-07,140.589,4.795,1.487
2025-11-10,140.585,4.807,1.478
2025-11-11,140.602,4.763,1.457
2025-11-12,140.66,4.765,1.449
2025-11-13,140.604,4.812,1.469
2025-11-14,140.587,4.741,1.431
2025-11-17,140.613,4.71,1.422
2025-11-18,140.621,4.683,1.427
2025-11-19,140.579,4.697,1.413
2025-11-20,140.652,4.676,1.396
2025-11-21,140.614,4.564,1.351
2025-11-24,140.63,4.557,1.36
2025-11-25,140.633,4.597,1.369
2025-11-26,140.481,4.626,1.382
2025-11-27,140.473,4.622,1.379
2025-11-28,140.528,4.635,1.393
2025-12-01,140.575,4.687,1.404
2025-12-02,140.54,4.666,1.387
2025-12-03,140.552,4.645,1.375
2025-12-04,140.411,4.657,1.394
2025-12-05,140.483,4.698,1.394
2025-12-08,140.468,4.732,1.42
2025-12-09,140.545,4.708,1.414
2025-12-10,140.566,4.702,1.415
2025-12-11,140.66,4.668,1.392
2025-12-12,140.621,4.694,1.418
2025-12-15,140.562,4.667,1.389
2025-12-16,140.536,4.62,1.361
2025-12-17,140.629,4.699,1.396
2025-12-18,140.713,4.668,1.376
2025-12-19,140.787,4.688,1.38
2025-12-22,140.715,4.73,1.405
2025-12-23,140.952,4.74,1.41
2025-12-24,140.894,4.757,1.423
2025-12-25,140.847,4.766,1.422
2025-12-26,140.285,4.784,1.419
2025-12-29,140.116,4.763,1.417
2025-12-30,140.093,4.773,1.433
2025-12-31,140.096,4.753,1.417
2026-01-05,139.965,4.844,1.479
2026-01-06,139.86,4.919,1.505
2026-01-07,139.783,4.901,1.52
2026-01-08,139.904,4.863,1.531
2026-01-09,139.893,4.885,1.554
2026-01-12,139.962,4.913,1.594
2026-01-13,140.002,4.896,1.549
2026-01-14,140.093,4.866,1.579
2026-01-15,140.148,4.875,1.573
2026-01-16,140.238,4.859,1.593
2026-01-19,140.229,4.738,1.586
2026-01-20,140.318,4.724,1.56
2026-01-21,140.315,4.73,1.616
2026-01-22,140.302,4.727,1.622
2026-01-23,140.349,4.704,1.635
2026-01-26,140.322,4.712,1.615
2026-01-27,140.335,4.71,1.64
2026-01-28,140.357,4.725,1.635
2026-01-29,140.443,4.768,1.589
2026-01-30,140.429,4.711,1.588
2026-02-02,140.432,4.6,1.528
2026-02-03,140.481,4.664,1.548
2026-02-04,140.466,4.707,1.531
2026-02-05,140.55,4.679,1.508
2026-02-06,140.586,4.649,1.499
2026-02-09,140.672,4.727,1.535
2026-02-10,140.669,4.733,1.55
2026-02-11,140.733,4.723,1.533
2026-02-12,140.791,4.727,1.559
2026-02-13,140.845,4.671,1.548
2026-02-24,140.861,4.716,1.543
2026-02-25,140.745,4.75,1.552
2026-02-26,140.61,4.735,1.564
2026-02-27,140.698,4.725,1.566
2026-03-02,140.819,4.739,1.544
2026-03-03,140.808,4.678,1.464
2026-03-04,140.929,4.61,1.459
2026-03-05,140.87,4.654,1.482
2026-03-06,140.906,4.667,1.491
2026-03-09,140.737,4.629,1.465
2026-03-10,140.745,4.683,1.495
2026-03-11,140.735,4.711,1.477
2026-03-12,140.739,4.694,1.456
2026-03-13,140.772,4.677,1.45
2026-03-16,140.678,4.68,1.458
2026-03-17,140.68,4.646,1.428
