date,CSI300,STAR50,CGB
2018-01-02,4.136,,109.52
2018-01-03,4.158,,109.564
2018-01-04,4.171,,109.584
2018-01-05,4.187,,109.593
2018-01-08,4.204,,109.656
2018-01-09,4.238,,109.677
2018-01-10,4.256,,109.669
2018-01-11,4.25,,109.571
2018-01-12,4.273,,109.667
2018-01-15,4.265,,109.542
2018-01-16,4.308,,109.545
2018-01-17,4.295,,109.531
2018-01-18,4.323,,109.414
2018-01-19,4.335,,109.557
2018-01-22,4.39,,109.645
2018-01-23,4.388,,109.686
2018-01-24,4.391,,109.815
2018-01-25,4.363,,109.908
2018-01-26,4.385,,109.937
2018-01-29,4.302,,109.992
2018-01-30,4.258,,109.986
2018-01-31,4.271,,109.845
2018-02-01,4.241,,109.868
2018-02-02,4.267,,109.92
2018-02-05,4.263,,109.996
2018-02-06,4.143,,109.982
2018-02-07,4.045,,110.047
2018-02-08,4.012,,110.039
2018-02-09,3.827,,110.389
2018-02-12,3.882,,110.514
2018-02-13,3.929,,110.512
2018-02-14,3.964,,110.52
2018-02-22,4.046,,110.369
2018-02-23,4.068,,110.328
2018-02-26,4.12,,110.373
2018-02-27,4.061,,110.494
2018-02-28,4.02,,110.646
2018-03-01,4.049,,110.9
2018-03-02,4.022,,110.976
2018-03-05,4.013,,110.995
2018-03-06,4.073,,110.999
2018-03-07,4.04,,110.937
2018-03-08,4.081,,110.97
2018-03-09,4.111,,110.861
2018-03-12,4.123,,110.843
2018-03-13,4.079,,110.813
2018-03-14,4.065,,110.764
2018-03-15,4.095,,110.779
2018-03-16,4.05,,110.815
2018-03-19,4.072,,110.852
2018-03-20,4.07,,110.829
2018-03-21,4.049,,110.831
2018-03-22,4.013,,110.832
2018-03-23,3.894,,111.05
2018-03-26,3.876,,111.497
2018-03-27,3.911,,111.339
2018-03-28,3.832,,111.288
2018-03-29,3.902,,111.009
2018-03-30,3.896,,111.213
2018-04-02,3.883,,111.194
2018-04-03,3.858,,111.306
2018-04-04,3.848,,111.334
2018-04-09,3.853,,111.492
2018-04-10,3.928,,111.506
2018-04-11,3.933,,111.517
2018-04-12,3.892,,111.586
2018-04-13,3.865,,111.776
2018-04-16,3.804,,112.086
2018-04-17,3.748,,112.004
2018-04-18,3.756,,112.494
2018-04-19,3.809,,112.264
2018-04-20,3.75,,112.115
2018-04-23,3.766,,112.105
2018-04-24,3.845,,112.252
2018-04-25,3.822,,112.344
2018-04-26,3.746,,112.311
2018-04-27,3.754,,112.359
2018-05-02,3.766,,112.275
2018-05-03,3.788,,112.428
2018-05-04,3.77,,112.301
2018-05-07,3.831,,112.302
2018-05-08,3.881,,112.202
2018-05-09,3.87,,112.007
2018-05-10,3.896,,112.011
2018-05-11,3.873,,112.083
2018-05-14,3.907,,112.089
2018-05-15,3.922,,112.066
2018-05-16,3.89,,112.087
2018-05-17,3.857,,112.044
2018-05-18,3.899,,112.047
2018-05-21,3.918,,112.063
2018-05-22,3.902,,112.116
2018-05-23,3.851,,112.214
2018-05-24,3.82,,112.295
2018-05-25,3.811,,112.493
2018-05-28,3.835,,112.31
2018-05-29,3.799,,112.172
2018-05-30,3.727,,112.138
2018-05-31,3.803,,112.149
2018-06-01,3.777,,112.189
2018-06-04,3.814,,112.273
2018-06-05,3.846,,112.154
2018-06-06,3.839,,112.147
2018-06-07,3.838,,112.118
2018-06-08,3.787,,112.131
2018-06-11,3.797,,112.245
2018-06-12,3.835,,112.08
2018-06-13,3.796,,112.093
2018-06-14,3.786,,112.097
2018-06-15,3.78,,112.156
2018-06-19,3.65,,112.418
2018-06-20,3.65,,112.403
2018-06-21,3.62,,112.34
2018-06-22,3.636,,112.416
2018-06-25,3.585,,112.562
2018-06-26,3.55,,112.604
2018-06-27,3.466,,112.547
2018-06-28,3.446,,112.239
2018-06-29,3.537,,112.856
2018-07-02,3.443,,112.842
2018-07-03,3.43,,112.773
2018-07-04,3.394,,113.0
2018-07-05,3.366,,112.996
2018-07-06,3.395,,112.991
2018-07-09,3.494,,112.935
2018-07-10,3.503,,112.841
2018-07-11,3.445,,112.806
2018-07-12,3.528,,112.773
2018-07-13,3.534,,112.898
2018-07-16,3.519,,113.097
2018-07-17,3.497,,113.243
2018-07-18,3.481,,113.281
2018-07-19,3.483,,113.398
2018-07-20,3.55,,113.35
2018-07-23,3.573,,113.459
2018-07-24,3.639,,113.212
2018-07-25,3.638,,113.225
2018-07-26,3.591,,113.41
2018-07-27,3.582,,113.239
2018-07-30,3.562,,113.31
2018-07-31,3.575,,113.418
2018-08-01,3.495,,113.71
2018-08-02,3.417,,113.797
2018-08-03,3.369,,113.893
2018-08-06,3.334,,113.97
2018-08-07,3.427,,114.035
2018-08-08,3.377,,113.92
2018-08-09,3.458,,113.777
2018-08-10,3.464,,113.65
2018-08-13,3.449,,113.51
2018-08-14,3.434,,113.758
2018-08-15,3.352,,113.421
2018-08-16,3.338,,113.382
2018-08-17,3.287,,112.513
2018-08-20,3.322,,112.679
2018-08-21,3.379,,112.684
2018-08-22,3.373,,112.737
2018-08-23,3.383,,112.851
2018-08-24,3.388,,113.014
2018-08-27,3.473,,112.978
2018-08-28,3.463,,113.136
2018-08-29,3.45,,113.29
2018-08-30,3.416,,113.281
2018-08-31,3.39,,113.459
2018-09-03,3.383,,113.31
2018-09-04,3.424,,113.141
2018-09-05,3.353,,113.278
2018-09-06,3.324,,113.233
2018-09-07,3.346,,113.142
2018-09-10,3.298,,113.16
2018-09-11,3.286,,112.951
2018-09-12,3.263,,113.132
2018-09-13,3.298,,113.103
2018-09-14,3.303,,113.082
2018-09-17,3.272,,113.083
2018-09-18,3.335,,113.05
2018-09-19,3.38,,113.088
2018-09-20,3.378,,113.124
2018-09-21,3.484,,113.26
2018-09-25,3.449,,113.258
2018-09-26,3.487,,113.375
2018-09-27,3.472,,113.428
2018-09-28,3.508,,113.728
2018-10-08,3.341,,114.0
2018-10-09,3.348,,113.995
2018-10-10,3.346,,113.546
2018-10-11,3.174,,113.938
2018-10-12,3.233,,114.067
2018-10-15,3.186,,114.199
2018-10-16,3.165,,114.189
2018-10-17,3.176,,114.25
2018-10-18,3.106,,114.48
2018-10-19,3.185,,114.513
2018-10-22,3.353,,114.328
2018-10-23,3.24,,114.354
2018-10-24,3.245,,114.375
2018-10-25,3.261,,114.298
2018-10-26,3.228,,114.296
2018-10-29,3.131,,114.308
2018-10-30,3.168,,114.267
2018-10-31,3.205,,114.305
2018-11-01,3.228,,114.39
2018-11-02,3.363,,114.171
2018-11-05,3.32,,114.331
2018-11-06,3.299,,114.445
2018-11-07,3.272,,114.62
2018-11-08,3.269,,114.766
2018-11-09,3.228,,114.701
2018-11-12,3.264,,114.932
2018-11-13,3.298,,114.826
2018-11-14,3.258,,115.037
2018-11-15,3.301,,115.429
2018-11-16,3.311,,115.548
2018-11-19,3.348,,115.505
2018-11-20,3.275,,115.265
2018-11-21,3.278,,115.329
2018-11-22,3.269,,115.26
2018-11-23,3.184,,114.691
2018-11-26,3.189,,114.685
2018-11-27,3.186,,114.718
2018-11-28,3.234,,114.722
2018-11-29,3.202,,114.725
2018-11-30,3.235,,114.755
2018-12-03,3.319,,114.84
2018-12-04,3.324,,115.175
2018-12-05,3.309,,115.441
2018-12-06,3.242,,115.697
2018-12-07,3.235,,115.651
2018-12-10,3.205,,115.832
2018-12-11,3.218,,115.988
2018-12-12,3.229,,116.007
2018-12-13,3.284,,115.819
2018-12-14,3.227,,115.665
2018-12-17,3.223,,115.76
2018-12-18,3.183,,115.85
2018-12-19,3.15,,115.995
2018-12-20,3.127,,115.804
2018-12-21,3.088,,116.047
2018-12-24,3.095,,116.031
2018-12-25,3.076,,115.982
2018-12-26,3.059,,115.969
2018-12-27,3.052,,116.008
2018-12-28,3.059,,116.593
2019-01-02,3.017,,116.267
2019-01-03,3.017,,116.32
2019-01-04,3.094,,116.527
2019-01-07,3.107,,116.638
2019-01-08,3.107,,116.622
2019-01-09,3.13,,116.624
2019-01-10,3.133,,116.617
2019-01-11,3.156,,116.571
2019-01-14,3.129,,116.47
2019-01-15,3.188,,116.504
2019-01-16,3.129,,116.599
2019-01-17,3.112,,116.671
2019-01-18,3.166,,116.603
2019-01-21,3.183,,116.48
2019-01-22,3.143,,116.515
2019-01-23,3.135,,116.488
2019-01-24,3.159,,116.525
2019-01-25,3.183,,116.521
2019-01-28,3.179,,116.498
2019-01-29,3.193,,116.57
2019-01-30,3.172,,116.654
2019-01-31,3.202,,116.724
2019-02-01,3.255,,116.83
2019-02-11,3.3,,116.942
2019-02-12,3.324,,117.009
2019-02-13,3.393,,117.032
2019-02-14,3.397,,116.944
2019-02-15,3.341,,117.068
2019-02-18,3.438,,116.939
2019-02-19,3.429,,116.883
2019-02-20,3.438,,116.923
2019-02-21,3.434,,116.881
2019-02-22,3.526,,116.806
2019-02-25,3.775,,116.56
2019-02-26,3.69,,116.256
2019-02-27,3.67,,116.599
2019-02-28,3.663,,116.444
2019-03-01,3.738,,116.422
2019-03-04,3.777,,116.363
2019-03-05,3.809,,116.312
2019-03-06,3.835,,116.238
2019-03-07,3.793,,116.357
2019-03-08,3.661,,116.488
2019-03-11,3.71,,116.393
2019-03-12,3.735,,116.43
2019-03-13,3.713,,116.443
2019-03-14,3.686,,116.367
2019-03-15,3.735,,116.366
2019-03-18,3.85,,116.353
2019-03-19,3.822,,116.363
2019-03-20,3.822,,116.394
2019-03-21,3.824,,116.399
2019-03-22,3.829,,116.484
2019-03-25,3.734,,116.693
2019-03-26,3.695,,116.856
2019-03-27,3.727,,116.768
2019-03-28,3.717,,116.876
2019-03-29,3.869,,116.862
2019-04-01,3.969,,116.739
2019-04-02,3.962,,116.721
2019-04-03,4.015,,116.456
2019-04-04,4.062,,116.424
2019-04-08,4.036,,116.134
2019-04-09,4.06,,116.142
2019-04-10,4.066,,115.776
2019-04-11,3.996,,116.177
2019-04-12,3.982,,116.061
2019-04-15,3.957,,115.873
2019-04-16,4.077,,115.785
2019-04-17,4.067,,115.857
2019-04-18,4.06,,115.859
2019-04-19,4.12,,115.958
2019-04-22,4.017,,116.027
2019-04-23,4.01,,115.929
2019-04-24,4.016,,115.787
2019-04-25,3.933,,115.916
2019-04-26,3.879,,116.007
2019-04-29,3.894,,115.839
2019-04-30,3.896,,116.084
2019-05-06,3.673,,116.1
2019-05-07,3.707,,116.343
2019-05-08,3.659,,116.337
2019-05-09,3.607,,116.38
2019-05-10,3.72,,116.385
2019-05-13,3.652,,116.485
2019-05-14,3.634,,116.387
2019-05-15,3.712,,116.382
2019-05-16,3.73,,116.421
2019-05-17,3.646,,116.583
2019-05-20,3.606,,116.576
2019-05-21,3.651,,116.485
2019-05-22,3.642,,116.458
2019-05-23,3.584,,116.575
2019-05-24,3.59,,116.661
2019-05-27,3.633,,116.454
2019-05-28,3.65,,116.612
2019-05-29,3.652,,116.696
2019-05-30,3.65,,116.82
2019-05-31,3.632,,116.956
2019-06-03,3.64,,116.996
2019-06-04,3.607,,117.001
2019-06-05,3.599,,117.056
2019-06-06,3.568,,116.992
2019-06-10,3.614,,116.928
2019-06-11,3.727,,116.732
2019-06-12,3.699,,116.794
2019-06-13,3.692,,116.794
2019-06-14,3.67,,116.944
2019-06-17,3.673,,117.003
2019-06-18,3.681,,117.029
2019-06-19,3.735,,117.061
2019-06-20,3.843,,117.09
2019-06-21,3.85,,117.203
2019-06-24,3.856,,117.157
2019-06-25,3.817,,117.189
2019-06-26,3.818,,117.175
2019-06-27,3.86,,117.147
2019-06-28,3.859,,117.163
2019-07-01,3.954,,117.184
2019-07-02,3.96,,117.319
2019-07-03,3.927,,117.699
2019-07-04,3.901,,117.55
2019-07-05,3.921,,117.527
2019-07-08,3.831,,117.513
2019-07-09,3.822,,117.58
2019-07-10,3.823,,117.511
2019-07-11,3.824,,117.514
2019-07-12,3.855,,117.513
2019-07-15,3.869,,117.553
2019-07-16,3.853,,117.556
2019-07-17,3.847,,117.555
2019-07-18,3.822,,117.602
2019-07-19,3.862,,117.637
2019-07-22,3.832,,117.642
2019-07-23,3.841,,117.682
2019-07-24,3.872,,117.67
2019-07-25,3.907,,117.641
2019-07-26,3.912,,117.661
2019-07-29,3.906,,117.647
2019-07-30,3.924,,117.641
2019-07-31,3.896,,117.69
2019-08-01,3.86,,117.756
2019-08-02,3.801,,117.94
2019-08-05,3.735,,118.29
2019-08-06,3.696,,118.494
2019-08-07,3.672,,118.132
2019-08-08,3.726,,118.146
2019-08-09,3.697,,118.427
2019-08-12,3.756,,118.64
2019-08-13,3.724,,118.629
2019-08-14,3.738,,118.51
2019-08-15,3.753,,118.526
2019-08-16,3.769,,118.428
2019-08-19,3.859,,118.232
2019-08-20,3.843,,118.22
2019-08-21,3.842,,118.265
2019-08-22,3.85,,118.233
2019-08-23,3.877,,118.027
2019-08-26,3.834,,118.258
2019-08-27,3.874,,118.22
2019-08-28,3.862,,118.24
2019-08-29,3.851,,118.27
2019-08-30,3.861,,118.191
2019-09-02,3.904,,118.149
2019-09-03,3.908,,118.047
2019-09-04,3.957,,118.051
2019-09-05,3.994,,118.16
2019-09-06,4.021,,118.541
2019-09-09,4.037,,118.431
2019-09-10,4.026,,118.382
2019-09-11,3.997,,118.321
2019-09-12,4.038,,118.199
2019-09-16,4.024,,118.184
2019-09-17,3.951,,118.232
2019-09-18,3.968,,118.186
2019-09-19,3.987,,118.21
2019-09-20,3.993,,118.268
2019-09-23,3.958,,118.329
2019-09-24,3.961,,118.28
2019-09-25,3.934,,118.282
2019-09-26,3.907,,118.254
2019-09-27,3.916,,118.161
2019-09-30,3.869,,118.399
2019-10-08,3.894,,118.351
2019-10-09,3.905,,118.464
2019-10-10,3.933,,118.369
2019-10-11,3.981,,118.304
2019-10-14,4.01,,118.261
2019-10-15,3.997,,118.291
2019-10-16,3.983,,118.28
2019-10-17,3.989,,118.331
2019-10-18,3.931,,118.256
2019-10-21,3.94,,118.018
2019-10-22,3.955,,118.111
2019-10-23,3.934,,118.151
2019-10-24,3.939,,118.167
2019-10-25,3.963,,118.215
2019-10-28,3.986,,118.027
2019-10-29,3.973,,117.96
2019-10-30,3.947,,117.912
2019-10-31,3.945,,117.96
2019-11-01,4.026,,118.021
2019-11-04,4.039,,117.956
2019-11-05,4.062,,118.06
2019-11-06,4.045,,118.211
2019-11-07,4.05,,118.131
2019-11-08,4.034,,118.079
2019-11-11,3.967,,118.229
2019-11-12,3.962,,118.27
2019-11-13,3.959,,118.283
2019-11-14,3.962,,118.223
2019-11-15,3.943,,118.321
2019-11-18,3.971,,118.638
2019-11-19,4.011,,118.695
2019-11-20,3.97,,118.631
2019-11-21,3.95,,118.703
2019-11-22,3.908,,118.673
2019-11-25,3.936,,118.57
2019-11-26,3.942,,118.56
2019-11-27,3.936,,118.599
2019-11-28,3.93,,118.596
2019-11-29,3.887,,118.775
2019-12-02,3.895,,118.934
2019-12-03,3.911,,119.02
2019-12-04,3.913,,119.001
2019-12-05,3.942,,118.981
2019-12-06,3.966,,118.96
2019-12-09,3.953,,118.789
2019-12-10,3.956,,118.719
2019-12-11,3.9,,118.756
2019-12-12,3.889,,118.758
2019-12-13,3.968,,118.761
2019-12-16,3.98,,118.746
2019-12-17,4.042,,118.69
2019-12-18,4.027,,118.722
2019-12-19,4.02,,118.752
2019-12-20,4.016,,118.882
2019-12-23,3.964,,119.026
2019-12-24,3.985,,119.356
2019-12-25,3.992,,119.32
2019-12-26,4.021,,119.469
2019-12-27,4.017,,119.697
2019-12-30,4.075,,119.637
2019-12-31,4.096,,119.851
2020-01-02,4.149,,119.377
2020-01-03,4.139,,119.266
2020-01-06,4.123,,119.391
2020-01-07,4.155,,119.336
2020-01-08,4.114,,119.469
2020-01-09,4.158,,119.574
2020-01-10,4.157,,119.696
2020-01-13,4.202,,119.699
2020-01-14,4.184,,119.789
2020-01-15,4.152,,119.84
2020-01-16,4.146,,119.648
2020-01-17,4.151,,119.76
2020-01-20,4.181,,119.814
2020-01-21,4.105,,120.38
2020-01-22,4.119,,120.101
2020-01-23,3.996,,120.799
2020-02-03,3.659,,122.597
2020-02-04,3.77,,121.336
2020-02-05,3.807,,121.525
2020-02-06,3.897,,121.175
2020-02-07,3.888,,121.366
2020-02-10,3.901,,121.569
2020-02-11,3.943,,121.642
2020-02-12,3.971,,121.522
2020-02-13,3.95,,121.347
2020-02-14,3.977,,121.343
2020-02-17,4.064,,121.166
2020-02-18,4.039,,121.143
2020-02-19,4.04,,121.169
2020-02-20,4.131,,121.024
2020-02-21,4.145,,121.143
2020-02-24,4.112,,121.37
2020-02-25,4.104,,121.301
2020-02-26,4.07,,121.315
2020-02-27,4.071,,121.438
2020-02-28,3.933,,121.964
2020-03-02,4.076,,121.749
2020-03-03,4.073,,121.771
2020-03-04,4.102,,121.95
2020-03-05,4.2,,121.976
2020-03-06,4.121,,122.14
2020-03-09,3.99,,122.973
2020-03-10,4.078,,122.604
2020-03-11,4.011,,122.603
2020-03-12,3.948,,122.701
2020-03-13,3.889,,122.212
2020-03-16,3.726,,122.067
2020-03-17,3.693,,121.791
2020-03-18,3.631,,121.791
2020-03-19,3.596,,121.479
2020-03-20,3.644,,121.701
2020-03-23,3.526,,122.297
2020-03-24,3.611,,122.312
2020-03-25,3.706,,122.331
2020-03-26,3.683,,122.597
2020-03-27,3.7,,122.8
2020-03-30,3.666,,122.958
2020-03-31,3.669,,123.193
2020-04-01,3.673,,123.425
2020-04-02,3.723,,123.271
2020-04-03,3.697,,123.213
2020-04-07,3.78,,123.862
2020-04-08,3.765,,124.385
2020-04-09,3.776,,124.525
2020-04-10,3.764,,124.284
2020-04-13,3.743,,124.458
2020-04-14,3.805,,124.498
2020-04-15,3.783,,125.087
2020-04-16,3.785,,124.963
2020-04-17,3.819,,124.884
2020-04-20,3.835,,124.875
2020-04-21,3.795,,124.939
2020-04-22,3.829,,125.393
2020-04-23,3.822,,125.788
2020-04-24,3.79,,125.864
2020-04-27,3.807,,125.896
2020-04-28,3.831,,126.029
2020-04-29,3.851,,126.398
2020-04-30,3.908,,126.435
2020-05-06,3.918,,126.176
2020-05-07,3.911,,125.447
2020-05-08,3.953,,125.285
2020-05-11,3.946,,125.013
2020-05-12,3.945,,125.188
2020-05-13,3.954,,125.12
2020-05-14,3.921,,125.324
2020-05-15,3.902,,125.536
2020-05-18,3.914,,125.102
2020-05-19,3.943,,124.91
2020-05-20,3.927,,124.508
2020-05-21,3.901,,124.534
2020-05-22,3.815,,125.08
2020-05-25,3.817,,124.758
2020-05-26,3.863,,124.079
2020-05-27,3.845,,123.787
2020-05-28,3.85,,124.028
2020-05-29,3.866,,123.892
2020-06-01,3.968,,123.721
2020-06-02,3.979,,123.138
2020-06-03,3.978,,122.826
2020-06-04,3.98,,122.701
2020-06-05,4.003,,122.568
2020-06-08,4.022,,122.889
2020-06-09,4.049,,122.959
2020-06-10,4.04,,122.651
2020-06-11,4.003,,122.826
2020-06-12,4.013,,123.011
2020-06-15,3.956,,123.149
2020-06-16,4.018,,122.472
2020-06-17,4.022,,122.01
2020-06-18,4.053,,121.971
2020-06-19,4.105,,121.8
2020-06-22,4.109,,121.942
2020-06-23,4.128,,121.401
2020-06-24,4.164,,121.898
2020-06-29,4.128,,122.145
2020-06-30,4.178,,121.996
2020-07-01,4.272,,122.158
2020-07-02,4.37,,122.294
2020-07-03,4.457,,122.145
2020-07-06,4.784,,121.416
2020-07-07,4.736,,121.098
2020-07-08,4.798,,120.875
2020-07-09,4.872,,120.887
2020-07-10,4.785,,121.253
2020-07-13,4.885,,120.94
2020-07-14,4.842,,121.4
2020-07-15,4.784,,121.617
2020-07-16,4.556,,122.016
2020-07-17,4.605,,121.801
2020-07-20,4.727,,121.543
2020-07-21,4.739,,121.769
2020-07-22,4.792,,122.202
2020-07-23,4.766,,122.492
2020-07-24,4.554,,122.361
2020-07-27,4.582,,122.49
2020-07-28,4.617,,122.248
2020-07-29,4.749,,122.112
2020-07-30,4.714,,121.985
2020-07-31,4.75,,121.756
2020-08-03,4.825,,121.656
2020-08-04,4.829,,121.671
2020-08-05,4.831,,121.726
2020-08-06,4.813,,121.621
2020-08-07,4.765,,121.616
2020-08-10,4.781,,121.611
2020-08-11,4.734,,121.588
2020-08-12,4.702,,121.166
2020-08-13,4.687,,121.278
2020-08-14,4.778,,121.301
2020-08-17,4.877,,121.429
2020-08-18,4.87,,121.507
2020-08-19,4.794,,121.39
2020-08-20,4.743,,121.122
2020-08-21,4.783,,121.144
2020-08-24,4.813,,121.12
2020-08-25,4.822,,120.866
2020-08-26,4.763,,120.745
2020-08-27,4.799,,120.485
2020-08-28,4.917,,120.403
2020-08-31,4.874,,120.488
2020-09-01,4.908,,120.853
2020-09-02,4.904,,120.715
2020-09-03,4.884,,120.692
2020-09-04,4.829,,120.496
2020-09-07,4.732,,120.212
2020-09-08,4.756,,120.428
2020-09-09,4.645,,120.541
2020-09-10,4.649,,120.777
2020-09-11,4.685,,120.706
2020-09-14,4.712,,120.495
2020-09-15,4.747,,120.626
2020-09-16,4.719,,120.675
2020-09-17,4.69,,120.71
2020-09-18,4.811,,120.714
2020-09-21,4.756,,121.058
2020-09-22,4.699,,121.217
2020-09-23,4.713,,121.182
2020-09-24,4.636,,121.081
2020-09-25,4.639,,120.955
2020-09-28,4.649,,120.854
2020-09-29,4.66,,120.746
2020-09-30,4.646,,120.7
2020-10-09,4.739,,120.523
2020-10-12,4.887,,120.6
2020-10-13,4.903,,120.436
2020-10-14,4.879,,120.429
2020-10-15,4.867,,120.291
2020-10-16,4.853,,120.481
2020-10-19,4.822,,120.729
2020-10-20,4.852,,120.771
2020-10-21,4.858,,120.878
2020-10-22,4.842,,121.001
2020-10-23,4.786,,120.823
2020-10-26,4.75,,120.71
2020-10-27,4.764,,120.942
2020-10-28,4.804,,120.875
2020-10-29,4.848,,120.82
2020-10-30,4.757,,120.961
2020-11-02,4.785,,121.177
2020-11-03,4.836,,121.136
2020-11-04,4.873,,121.214
2020-11-05,4.949,,121.083
2020-11-06,4.951,,120.916
2020-11-09,5.048,,120.734
2020-11-10,5.021,,120.768
2020-11-11,4.974,,120.752
2020-11-12,4.971,,120.701
2020-11-13,4.92,,120.442
2020-11-16,4.973,1.465,120.646
2020-11-17,4.964,1.436,120.579
2020-11-18,4.957,1.424,120.412
2020-11-19,4.999,1.438,120.347
2020-11-20,5.014,1.435,120.347
2020-11-23,5.072,1.422,120.657
2020-11-24,5.04,1.416,120.524
2020-11-25,4.978,1.393,120.585
2020-11-26,4.985,1.39,120.551
2020-11-27,5.056,1.392,120.504
2020-11-30,5.031,1.391,120.786
2020-12-01,5.142,1.409,120.599
2020-12-02,5.131,1.414,120.633
2020-12-03,5.129,1.417,120.542
2020-12-04,5.14,1.411,120.735
2020-12-07,5.096,1.412,120.668
2020-12-08,5.08,1.408,120.718
2020-12-09,5.02,1.38,120.764
2020-12-10,5.01,1.383,120.763
2020-12-11,4.954,1.396,120.623
2020-12-14,4.998,1.413,120.515
2020-12-15,5.013,1.406,120.718
2020-12-16,5.023,1.388,120.784
2020-12-17,5.094,1.406,120.736
2020-12-18,5.065,1.403,120.666
2020-12-21,5.11,1.43,120.809
2020-12-22,5.033,1.403,121.028
2020-12-23,5.074,1.417,121.098
2020-12-24,5.074,1.393,121.121
2020-12-25,5.116,1.394,121.251
2020-12-28,5.13,1.38,121.131
2020-12-29,5.114,1.381,121.2
2020-12-30,5.178,1.403,121.266
2020-12-31,5.287,1.434,121.312
2021-01-04,5.334,1.464,121.124
2021-01-05,5.433,1.468,121.242
2021-01-06,5.482,1.458,121.493
2021-01-07,5.599,1.429,121.564
2021-01-08,5.571,1.423,121.509
2021-01-11,5.508,1.437,121.392
2021-01-12,5.668,1.45,121.518
2021-01-13,5.646,1.454,121.757
2021-01-14,5.543,1.498,122.008
2021-01-15,5.526,1.492,121.86
2021-01-18,5.513,1.526,121.692
2021-01-19,5.438,1.492,121.468
2021-01-20,5.468,1.524,121.663
2021-01-21,5.562,1.526,121.81
2021-01-22,5.565,1.536,121.865
2021-01-25,5.631,1.542,121.868
2021-01-26,5.511,1.524,121.452
2021-01-27,5.521,1.503,121.48
2021-01-28,5.385,1.469,121.386
2021-01-29,5.348,1.467,121.41
2021-02-01,5.411,1.467,121.529
2021-02-02,5.491,1.478,121.591
2021-02-03,5.485,1.456,121.666
2021-02-04,5.474,1.435,121.638
2021-02-05,5.482,1.414,121.447
2021-02-08,5.554,1.425,121.307
2021-02-09,5.692,1.472,121.294
2021-02-10,5.807,1.478,121.466
2021-02-18,5.764,1.476,121.349
2021-02-19,5.796,1.472,121.365
2021-02-22,5.589,1.433,121.419
2021-02-23,5.574,1.433,121.549
2021-02-24,5.427,1.409,121.771
2021-02-25,5.478,1.393,121.756
2021-02-26,5.329,1.368,121.508
2021-03-01,5.418,1.4,121.503
2021-03-02,5.349,1.392,121.983
2021-03-03,5.454,1.4,121.904
2021-03-04,5.287,1.366,121.852
2021-03-05,5.266,1.37,121.991
2021-03-08,5.08,1.316,121.99
2021-03-09,4.979,1.269,121.854
2021-03-10,5.0,1.272,121.929
2021-03-11,5.129,1.304,121.844
2021-03-12,5.142,1.298,121.854
2021-03-15,5.04,1.26,121.791
2021-03-16,5.073,1.258,121.627
2021-03-17,5.096,1.271,121.673
2021-03-18,5.136,1.277,121.618
2021-03-19,4.997,1.266,121.594
2021-03-22,5.054,1.28,121.61
2021-03-23,5.009,1.273,121.639
2021-03-24,4.933,1.258,121.79
2021-03-25,4.929,1.259,121.885
2021-03-26,5.033,1.293,121.72
2021-03-29,5.043,1.286,121.71
2021-03-30,5.087,1.286,121.902
2021-03-31,5.05,1.284,121.934
2021-04-01,5.112,1.303,121.9
2021-04-02,5.161,1.338,122.082
2021-04-06,5.133,1.335,122.004
2021-04-07,5.098,1.339,121.987
2021-04-08,5.109,1.33,121.829
2021-04-09,5.038,1.309,121.825
2021-04-12,4.954,1.282,122.049
2021-04-13,4.947,1.28,122.313
2021-04-14,4.975,1.29,122.273
2021-04-15,4.947,1.3,122.279
2021-04-16,4.963,1.315,122.339
2021-04-19,5.089,1.336,122.261
2021-04-20,5.081,1.33,122.322
2021-04-21,5.093,1.325,122.555
2021-04-22,5.089,1.345,122.457
2021-04-23,5.14,1.352,122.746
2021-04-26,5.076,1.352,122.581
2021-04-27,5.089,1.352,122.483
2021-04-28,5.127,1.361,122.398
2021-04-29,5.173,1.363,122.452
2021-04-30,5.128,1.364,122.6
2021-05-06,5.061,1.348,122.633
2021-05-07,5.0,1.304,122.587
2021-05-10,4.999,1.294,122.65
2021-05-11,5.025,1.294,122.892
2021-05-12,5.056,1.31,122.9
2021-05-13,5.001,1.313,122.726
2021-05-14,5.127,1.341,122.739
2021-05-17,5.188,1.367,122.887
2021-05-18,5.19,1.359,122.856
2021-05-19,5.176,1.365,123.059
2021-05-20,5.19,1.369,123.229
2021-05-21,5.135,1.354,123.351
2021-05-24,5.163,1.371,123.377
2021-05-25,5.327,1.408,123.167
2021-05-26,5.328,1.404,123.225
2021-05-27,5.347,1.437,123.134
2021-05-28,5.332,1.43,123.132
2021-05-31,5.338,1.484,122.902
2021-06-01,5.346,1.502,123.071
2021-06-02,5.303,1.469,122.985
2021-06-03,5.262,1.456,122.966
2021-06-04,5.295,1.475,123.015
2021-06-07,5.289,1.475,122.876
2021-06-08,5.247,1.465,122.896
2021-06-09,5.255,1.472,122.86
2021-06-10,5.289,1.498,122.888
2021-06-11,5.24,1.493,122.712
2021-06-15,5.181,1.499,122.69
2021-06-16,5.11,1.453,122.937
2021-06-17,5.121,1.528,122.873
2021-06-18,5.126,1.55,122.968
2021-06-21,5.119,1.584,123.227
2021-06-22,5.145,1.58,123.161
2021-06-23,5.176,1.588,123.13
2021-06-24,5.189,1.561,123.047
2021-06-25,5.27,1.595,123.091
2021-06-28,5.279,1.618,123.231
2021-06-29,5.225,1.621,123.378
2021-06-30,5.256,1.648,123.523
2021-07-01,5.254,1.633,123.485
2021-07-02,5.113,1.594,123.467
2021-07-05,5.12,1.64,123.482
2021-07-06,5.127,1.591,123.518
2021-07-07,5.18,1.624,123.655
2021-07-08,5.136,1.67,123.837
2021-07-09,5.112,1.644,123.887
2021-07-12,5.18,1.66,123.912
2021-07-13,5.196,1.654,124.212
2021-07-14,5.139,1.616,124.279
2021-07-15,5.207,1.617,124.022
2021-07-16,5.156,1.584,124.1
2021-07-19,5.178,1.573,124.114
2021-07-20,5.165,1.577,124.204
2021-07-21,5.204,1.623,124.321
2021-07-22,5.209,1.638,124.341
2021-07-23,5.157,1.627,124.386
2021-07-26,4.982,1.616,124.701
2021-07-27,4.809,1.605,124.856
2021-07-28,4.819,1.574,124.721
2021-07-29,4.906,1.651,124.646
2021-07-30,4.872,1.651,124.826
2021-08-02,4.993,1.657,125.17
2021-08-03,4.995,1.621,125.111
2021-08-04,5.039,1.665,125.034
2021-08-05,5.009,1.664,124.984
2021-08-06,4.993,1.65,125.019
2021-08-09,5.048,1.631,124.731
2021-08-10,5.105,1.647,124.615
2021-08-11,5.078,1.639,124.493
2021-08-12,5.046,1.646,124.6
2021-08-13,5.019,1.611,124.832
2021-08-16,5.016,1.607,124.827
2021-08-17,4.904,1.566,125.025
2021-08-18,4.957,1.565,125.102
2021-08-19,4.923,1.603,125.088
2021-08-20,4.833,1.59,125.166
2021-08-23,4.905,1.621,125.092
2021-08-24,4.957,1.636,125.04
2021-08-25,4.971,1.601,125.085
2021-08-26,4.886,1.555,124.777
2021-08-27,4.899,1.538,124.815
2021-08-30,4.881,1.527,124.86
2021-08-31,4.879,1.491,125.033
2021-09-01,4.949,1.48,125.1
2021-09-02,4.945,1.456,125.093
2021-09-03,4.918,1.457,125.128
2021-09-06,5.002,1.493,125.024
2021-09-07,5.065,1.494,124.928
2021-09-08,5.044,1.467,124.893
2021-09-09,5.042,1.454,124.907
2021-09-10,5.091,1.482,124.905
2021-09-13,5.064,1.438,124.859
2021-09-14,4.998,1.452,124.792
2021-09-15,4.945,1.437,124.815
2021-09-16,4.889,1.402,124.65
2021-09-17,4.928,1.413,124.758
2021-09-22,4.895,1.41,124.821
2021-09-23,4.924,1.419,124.986
2021-09-24,4.931,1.428,124.975
2021-09-27,4.963,1.424,124.971
2021-09-28,4.954,1.407,124.989
2021-09-29,4.921,1.399,125.291
2021-09-30,4.935,1.423,125.349
2021-10-08,5.006,1.417,125.148
2021-10-11,5.005,1.404,124.99
2021-10-12,4.953,1.371,124.806
2021-10-13,5.009,1.395,124.76
2021-10-14,4.982,1.398,124.789
2021-10-15,5.006,1.418,124.77
2021-10-18,4.948,1.405,124.392
2021-10-19,4.995,1.42,124.38
2021-10-20,4.981,1.424,124.42
2021-10-21,5.003,1.415,124.598
2021-10-22,5.036,1.423,124.453
2021-10-25,5.053,1.434,124.48
2021-10-26,5.036,1.429,124.573
2021-10-27,4.97,1.412,124.609
2021-10-28,4.949,1.412,124.589
2021-10-29,4.981,1.45,124.686
2021-11-01,4.965,1.459,124.777
2021-11-02,4.913,1.46,124.878
2021-11-03,4.893,1.454,124.976
2021-11-04,4.94,1.466,124.932
2021-11-05,4.923,1.453,125.06
2021-11-08,4.919,1.454,125.173
2021-11-09,4.917,1.476,125.065
2021-11-10,4.892,1.475,125.228
2021-11-11,4.972,1.493,125.193
2021-11-12,4.97,1.497,125.055
2021-11-15,4.964,1.486,125.149
2021-11-16,4.96,1.475,125.197
2021-11-17,4.959,1.491,125.199
2021-11-18,4.915,1.479,125.281
2021-11-19,4.97,1.501,125.208
2021-11-22,4.983,1.533,125.256
2021-11-23,4.986,1.532,125.258
2021-11-24,4.997,1.527,125.349
2021-11-25,4.978,1.524,125.42
2021-11-26,4.936,1.515,125.674
2021-11-29,4.929,1.531,125.511
2021-11-30,4.911,1.53,125.529
2021-12-01,4.924,1.511,125.47
2021-12-02,4.934,1.483,125.404
2021-12-03,4.979,1.499,125.23
2021-12-06,4.974,1.462,125.481
2021-12-07,5.002,1.447,125.424
2021-12-08,5.074,1.468,125.455
2021-12-09,5.158,1.489,125.41
2021-12-10,5.143,1.499,125.489
2021-12-13,5.156,1.495,125.485
2021-12-14,5.125,1.493,125.682
2021-12-15,5.079,1.475,125.693
2021-12-16,5.106,1.478,125.654
2021-12-17,5.033,1.452,125.83
2021-12-20,4.958,1.421,125.806
2021-12-21,4.979,1.431,125.755
2021-12-22,4.982,1.428,125.829
2021-12-23,5.02,1.43,125.859
2021-12-24,4.997,1.415,125.85
2021-12-27,5.001,1.411,125.961
2021-12-28,5.027,1.422,126.021
2021-12-29,4.96,1.41,126.052
2021-12-30,4.996,1.43,126.372
2021-12-31,5.008,1.452,126.479
2022-01-04,4.99,1.42,126.418
2022-01-05,4.943,1.384,126.283
2022-01-06,4.887,1.375,126.214
2022-01-07,4.899,1.358,126.224
2022-01-10,4.912,1.372,126.368
2022-01-11,4.867,1.344,126.54
2022-01-12,4.919,1.366,126.588
2022-01-13,4.838,1.348,126.573
2022-01-14,4.794,1.366,126.869
2022-01-17,4.835,1.391,126.832
2022-01-18,4.881,1.395,127.198
2022-01-19,4.78,1.378,127.138
2022-01-20,4.818,1.362,127.116
2022-01-21,4.784,1.344,127.426
2022-01-24,4.786,1.362,127.875
2022-01-25,4.68,1.327,127.842
2022-01-26,4.706,1.326,127.259
2022-01-27,4.625,1.291,127.206
2022-01-28,4.554,1.283,127.464
2022-02-07,4.626,1.284,127.353
2022-02-08,4.604,1.256,127.504
2022-02-09,4.643,1.26,127.571
2022-02-10,4.632,1.238,127.687
2022-02-11,4.596,1.217,127.146
2022-02-14,4.547,1.22,127.035
2022-02-15,4.589,1.25,127.037
2022-02-16,4.61,1.245,127.134
2022-02-17,4.62,1.255,127.145
2022-02-18,4.644,1.252,127.067
2022-02-21,4.627,1.241,126.785
2022-02-22,4.567,1.231,126.716
2022-02-23,4.615,1.279,126.849
2022-02-24,4.53,1.266,126.893
2022-02-25,4.565,1.29,126.97
2022-02-28,4.571,1.297,127.013
2022-03-01,4.609,1.29,126.794
2022-03-02,4.574,1.281,126.737
2022-03-03,4.545,1.26,126.743
2022-03-04,4.494,1.254,126.683
2022-03-07,4.346,1.217,126.948
2022-03-08,4.264,1.183,127.075
2022-03-09,4.224,1.184,126.8
2022-03-10,4.284,1.201,126.852
2022-03-11,4.312,1.212,127.079
2022-03-14,4.172,1.174,127.44
2022-03-15,3.973,1.142,126.974
2022-03-16,4.146,1.172,126.91
2022-03-17,4.23,1.189,126.934
2022-03-18,4.258,1.19,127.105
2022-03-21,4.252,1.2,127.055
2022-03-22,4.248,1.181,126.91
2022-03-23,4.273,1.191,126.951
2022-03-24,4.246,1.182,127.055
2022-03-25,4.169,1.153,127.16
2022-03-28,4.144,1.136,127.165
2022-03-29,4.126,1.125,127.107
2022-03-30,4.249,1.158,127.077
2022-03-31,4.218,1.137,126.976
2022-04-01,4.269,1.135,127.134
2022-04-06,4.257,1.103,127.25
2022-04-07,4.205,1.081,127.395
2022-04-08,4.233,1.072,127.566
2022-04-11,4.101,1.032,127.31
2022-04-12,4.171,1.038,127.357
2022-04-13,4.139,1.006,127.394
2022-04-14,4.183,1.017,127.595
2022-04-15,4.181,1.017,127.483
2022-04-18,4.161,1.047,127.335
2022-04-19,4.134,1.03,127.384
2022-04-20,4.064,1.013,127.42
2022-04-21,3.996,1.001,127.31
2022-04-22,4.006,0.983,127.278
2022-04-25,3.813,0.924,127.285
2022-04-26,3.783,0.909,127.357
2022-04-27,3.889,0.945,127.316
2022-04-28,3.915,0.941,127.248
2022-04-29,4.015,0.986,127.379
2022-05-05,4.0,0.994,127.38
2022-05-06,3.903,0.984,127.285
2022-05-09,3.871,0.987,127.367
2022-05-10,3.916,1.014,127.629
2022-05-11,3.971,1.045,127.532
2022-05-12,3.951,1.056,127.6
2022-05-13,3.982,1.055,127.708
2022-05-16,3.951,1.038,127.693
2022-05-17,4.0,1.052,127.842
2022-05-18,3.986,1.057,128.04
2022-05-19,3.995,1.08,127.936
2022-05-20,4.079,1.089,127.867
2022-05-23,4.047,1.089,127.922
2022-05-24,3.965,1.041,127.984
2022-05-25,3.982,1.049,128.084
2022-05-26,3.992,1.048,128.316
2022-05-27,4.002,1.036,128.1
2022-05-30,4.025,1.044,127.95
2022-05-31,4.089,1.078,127.831
2022-06-01,4.083,1.078,127.795
2022-06-02,4.094,1.126,127.774
2022-06-06,4.176,1.169,127.815
2022-06-07,4.182,1.16,127.809
2022-06-08,4.224,1.158,127.779
2022-06-09,4.19,1.128,127.8
2022-06-10,4.248,1.149,127.754
2022-06-13,4.196,1.134,127.748
2022-06-14,4.236,1.117,127.687
2022-06-15,4.285,1.111,127.63
2022-06-16,4.258,1.126,127.625
2022-06-17,4.321,1.143,127.73
2022-06-20,4.342,1.143,127.714
2022-06-21,4.34,1.131,127.697
2022-06-22,4.29,1.11,127.792
2022-06-23,4.365,1.132,127.792
2022-06-24,4.413,1.152,127.799
2022-06-27,4.461,1.152,127.607
2022-06-28,4.513,1.168,127.622
2022-06-29,4.458,1.14,127.721
2022-06-30,4.508,1.155,127.725
2022-07-01,4.493,1.142,127.907
2022-07-04,4.521,1.142,127.686
2022-07-05,4.511,1.139,127.568
2022-07-06,4.452,1.15,127.605
2022-07-07,4.468,1.161,127.613
2022-07-08,4.464,1.153,127.556
2022-07-11,4.388,1.129,127.601
2022-07-12,4.352,1.096,127.677
2022-07-13,4.359,1.099,127.753
2022-07-14,4.36,1.125,127.852
2022-07-15,4.295,1.121,128.028
2022-07-18,4.341,1.119,127.939
2022-07-19,4.319,1.11,127.891
2022-07-20,4.331,1.128,127.942
2022-07-21,4.286,1.142,128.015
2022-07-22,4.289,1.133,128.108
2022-07-25,4.271,1.124,128.129
2022-07-26,4.3,1.133,128.257
2022-07-27,4.276,1.147,128.266
2022-07-28,4.279,1.161,128.24
2022-07-29,4.22,1.139,128.499
2022-08-01,4.238,1.154,128.694
2022-08-02,4.167,1.149,128.877
2022-08-03,4.122,1.152,128.833
2022-08-04,4.153,1.167,128.985
2022-08-05,4.218,1.216,128.795
2022-08-08,4.204,1.206,128.82
2022-08-09,4.211,1.218,128.734
2022-08-10,4.166,1.208,128.787
2022-08-11,4.254,1.229,128.752
2022-08-12,4.255,1.201,128.755
2022-08-15,4.245,1.195,129.205
2022-08-16,4.235,1.19,129.384
2022-08-17,4.276,1.186,129.414
2022-08-18,4.239,1.2,129.5
2022-08-19,4.209,1.161,129.589
2022-08-22,4.236,1.158,129.595
2022-08-23,4.222,1.159,129.505
2022-08-24,4.145,1.119,129.475
2022-08-25,4.181,1.106,129.391
2022-08-26,4.175,1.095,129.332
2022-08-29,4.15,1.102,129.34
2022-08-30,4.141,1.098,129.456
2022-08-31,4.141,1.077,129.508
2022-09-01,4.107,1.076,129.521
2022-09-02,4.084,1.079,129.675
2022-09-05,4.082,1.074,129.729
2022-09-06,4.111,1.087,129.685
2022-09-07,4.119,1.102,129.691
2022-09-08,4.101,1.092,129.643
2022-09-09,4.159,1.083,129.532
2022-09-13,4.173,1.078,129.426
2022-09-14,4.127,1.08,129.313
2022-09-15,4.09,1.046,129.308
2022-09-16,4.0,1.045,129.193
2022-09-19,3.989,1.021,129.208
2022-09-20,3.991,1.028,129.352
2022-09-21,3.961,1.016,129.378
2022-09-22,3.932,1.021,129.375
2022-09-23,3.924,1.006,129.248
2022-09-26,3.899,1.004,128.946
2022-09-27,3.949,1.019,128.948
2022-09-28,3.893,0.999,128.905
2022-09-29,3.894,1.004,128.684
2022-09-30,3.868,0.981,128.78
2022-10-10,3.789,0.937,128.99
2022-10-11,3.786,0.932,129.159
2022-10-12,3.848,0.967,129.071
2022-10-13,3.815,0.969,129.158
2022-10-14,3.903,0.998,129.45
2022-10-17,3.902,1.005,129.265
2022-10-18,3.895,1.002,129.246
2022-10-19,3.836,0.993,129.339
2022-10-20,3.824,1.006,129.249
2022-10-21,3.802,1.012,129.264
2022-10-24,3.704,1.012,129.375
2022-10-25,3.688,1.016,129.297
2022-10-26,3.716,1.051,129.303
2022-10-27,3.69,1.048,129.394
2022-10-28,3.604,1.038,129.575
2022-10-31,3.565,1.06,129.668
2022-11-01,3.703,1.071,129.537
2022-11-02,3.737,1.084,129.42
2022-11-03,3.707,1.096,129.537
2022-11-04,3.834,1.121,129.413
2022-11-07,3.834,1.108,129.412
2022-11-08,3.811,1.098,129.441
2022-11-09,3.771,1.085,129.51
2022-11-10,3.75,1.067,129.419
2022-11-11,3.848,1.069,129.167
2022-11-14,3.85,1.071,128.821
2022-11-15,3.925,1.1,128.68
2022-11-16,3.896,1.081,128.481
2022-11-17,3.879,1.088,128.64
2022-11-18,3.866,1.076,128.57
2022-11-21,3.833,1.079,128.809
2022-11-22,3.831,1.061,128.863
2022-11-23,3.834,1.063,129.083
2022-11-24,3.816,1.06,129.243
2022-11-25,3.837,1.045,129.0
2022-11-28,3.792,1.038,128.763
2022-11-29,3.908,1.048,128.414
2022-11-30,3.911,1.041,128.508
2022-12-01,3.956,1.054,128.582
2022-12-02,3.933,1.054,128.621
2022-12-05,4.004,1.051,128.564
2022-12-06,4.027,1.049,128.431
2022-12-07,4.015,1.046,128.355
2022-12-08,4.024,1.044,128.541
2022-12-09,4.058,1.044,128.431
2022-12-12,4.016,1.048,128.452
2022-12-13,4.005,1.031,128.155
2022-12-14,4.015,1.026,128.42
2022-12-15,4.013,1.033,128.501
2022-12-16,4.017,1.02,128.469
2022-12-19,3.959,0.996,128.657
2022-12-20,3.896,0.994,128.669
2022-12-21,3.893,0.981,128.599
2022-12-22,3.901,0.971,128.64
2022-12-23,3.891,0.962,128.678
2022-12-26,3.9,0.992,128.627
2022-12-27,3.947,1.004,128.641
2022-12-28,3.934,0.998,128.826
2022-12-29,3.922,1.004,128.897
2022-12-30,3.938,1.003,129.104
2023-01-03,3.949,1.023,129.067
2023-01-04,3.954,1.016,129.288
2023-01-05,4.029,1.026,129.221
2023-01-06,4.045,1.032,128.957
2023-01-09,4.07,1.032,128.96
2023-01-10,4.076,1.032,128.885
2023-01-11,4.076,1.014,128.75
2023-01-12,4.082,1.016,128.785
2023-01-13,4.144,1.017,128.813
2023-01-16,4.143,1.035,128.71
2023-01-17,4.139,1.045,128.719
2023-01-18,4.13,1.05,128.7
2023-01-19,4.158,1.068,128.729
2023-01-20,4.181,1.073,128.854
2023-01-30,4.205,1.074,128.854
2023-01-31,4.159,1.058,128.838
2023-02-01,4.19,1.071,128.887
2023-02-02,4.18,1.075,128.972
2023-02-03,4.137,1.078,129.018
2023-02-06,4.08,1.068,128.956
2023-02-07,4.09,1.063,128.975
2023-02-08,4.073,1.054,129.018
2023-02-09,4.127,1.082,129.028
2023-02-10,4.103,1.068,129.079
2023-02-13,4.135,1.069,129.089
2023-02-14,4.144,1.065,129.093
2023-02-15,4.116,1.067,129.099
2023-02-16,4.087,1.049,129.087
2023-02-17,4.029,1.029,129.102
2023-02-20,4.134,1.042,129.008
2023-02-21,4.139,1.038,128.967
2023-02-22,4.099,1.032,128.992
2023-02-23,4.099,1.035,128.99
2023-02-24,4.06,1.033,128.993
2023-02-27,4.045,1.028,128.972
2023-02-28,4.071,1.033,128.954
2023-03-01,4.12,1.038,128.963
2023-03-02,4.115,1.032,128.991
2023-03-03,4.124,1.043,128.974
2023-03-06,4.099,1.053,129.063
2023-03-07,4.042,1.034,129.163
2023-03-08,4.026,1.038,129.232
2023-03-09,4.016,1.041,129.251
2023-03-10,3.961,1.037,129.3
2023-03-13,4.005,1.04,129.295
2023-03-14,3.98,1.055,129.338
2023-03-15,3.979,1.048,129.307
2023-03-16,3.933,1.032,129.366
2023-03-17,3.954,1.056,129.436
2023-03-20,3.932,1.068,129.521
2023-03-21,3.975,1.07,129.459
2023-03-22,3.993,1.074,129.453
2023-03-23,4.031,1.099,129.427
2023-03-24,4.026,1.104,129.373
2023-03-27,4.005,1.098,129.383
2023-03-28,3.997,1.08,129.407
2023-03-29,3.997,1.103,129.435
2023-03-30,4.04,1.108,129.47
2023-03-31,4.05,1.124,129.48
2023-04-03,4.08,1.169,129.47
2023-04-04,4.1,1.172,129.514
2023-04-06,4.088,1.193,129.554
2023-04-07,4.117,1.207,129.587
2023-04-10,4.102,1.172,129.697
2023-04-11,4.092,1.165,129.742
2023-04-12,4.088,1.173,129.775
2023-04-13,4.063,1.143,129.746
2023-04-14,4.084,1.182,129.711
2023-04-17,4.145,1.186,129.683
2023-04-18,4.152,1.172,129.736
2023-04-19,4.119,1.178,129.812
2023-04-20,4.103,1.211,129.792
2023-04-21,4.03,1.164,129.851
2023-04-24,3.979,1.142,129.884
2023-04-25,3.96,1.12,129.894
2023-04-26,3.951,1.116,129.895
2023-04-27,3.986,1.112,130.078
2023-04-28,4.025,1.133,130.135
2023-05-04,4.025,1.109,130.247
2023-05-05,4.009,1.093,130.479
2023-05-08,4.054,1.102,130.415
2023-05-09,4.019,1.078,130.463
2023-05-10,3.988,1.069,130.633
2023-05-11,3.983,1.07,130.811
2023-05-12,3.932,1.056,130.74
2023-05-15,3.995,1.067,130.81
2023-05-16,3.978,1.068,130.74
2023-05-17,3.951,1.072,130.728
2023-05-18,3.95,1.078,130.688
2023-05-19,3.944,1.084,130.774
2023-05-22,3.964,1.075,130.935
2023-05-23,3.907,1.06,131.26
2023-05-24,3.854,1.055,131.183
2023-05-25,3.845,1.065,131.02
2023-05-26,3.85,1.082,131.014
2023-05-29,3.834,1.072,131.044
2023-05-30,3.838,1.09,131.15
2023-05-31,3.802,1.097,131.218
2023-06-01,3.81,1.1,131.326
2023-06-02,3.863,1.1,131.148
2023-06-05,3.845,1.096,131.279
2023-06-06,3.808,1.067,131.328
2023-06-07,3.796,1.065,131.453
2023-06-08,3.828,1.053,131.393
2023-06-09,3.844,1.077,131.47
2023-06-12,3.848,1.071,131.544
2023-06-13,3.877,1.084,131.69
2023-06-14,3.877,1.08,131.785
2023-06-15,3.942,1.08,131.437
2023-06-16,3.979,1.098,131.158
2023-06-19,3.949,1.1,131.196
2023-06-20,3.942,1.101,131.222
2023-06-21,3.887,1.066,131.36
2023-06-26,3.843,1.057,131.439
2023-06-27,3.869,1.06,131.363
2023-06-28,3.877,1.055,131.385
2023-06-29,3.859,1.047,131.351
2023-06-30,3.882,1.052,131.529
2023-07-03,3.927,1.055,131.589
2023-07-04,3.934,1.061,131.567
2023-07-05,3.907,1.051,131.756
2023-07-06,3.879,1.048,131.799
2023-07-07,3.868,1.037,131.812
2023-07-10,3.884,1.039,131.804
2023-07-11,3.91,1.046,131.82
2023-07-12,3.891,1.03,131.817
2023-07-13,3.954,1.039,131.799
2023-07-14,3.952,1.036,131.758
2023-07-17,3.924,1.028,131.85
2023-07-18,3.918,1.025,131.932
2023-07-19,3.916,1.019,131.966
2023-07-20,3.888,1.007,131.963
2023-07-21,3.89,1.0,132.096
2023-07-24,3.873,0.995,132.132
2023-07-25,3.985,1.009,131.801
2023-07-26,3.976,1.006,131.825
2023-07-27,3.972,0.997,131.937
2023-07-28,4.068,1.007,131.846
2023-07-31,4.084,1.015,131.727
2023-08-01,4.066,1.014,131.821
2023-08-02,4.037,1.012,131.826
2023-08-03,4.073,1.015,131.883
2023-08-04,4.094,1.021,131.927
2023-08-07,4.063,1.014,131.983
2023-08-08,4.048,1.01,132.01
2023-08-09,4.04,1.001,132.035
2023-08-10,4.045,1.003,131.984
2023-08-11,3.95,0.983,132.022
2023-08-14,3.923,0.974,132.088
2023-08-15,3.919,0.96,132.361
2023-08-16,3.889,0.944,132.432
2023-08-17,3.902,0.954,132.39
2023-08-18,3.852,0.95,132.457
2023-08-21,3.8,0.936,132.578
2023-08-22,3.823,0.946,132.504
2023-08-23,3.768,0.922,132.491
2023-08-24,3.791,0.929,132.46
2023-08-25,3.784,0.912,132.397
2023-08-28,3.837,0.922,132.232
2023-08-29,3.859,0.97,132.07
2023-08-30,3.858,0.988,132.323
2023-08-31,3.839,0.987,132.349
2023-09-01,3.862,0.98,132.208
2023-09-04,3.92,0.989,131.888
2023-09-05,3.893,0.975,131.983
2023-09-06,3.883,0.979,131.883
2023-09-07,3.83,0.942,131.722
2023-09-08,3.809,0.944,131.827
2023-09-11,3.837,0.951,131.827
2023-09-12,3.832,0.945,131.85
2023-09-13,3.807,0.932,131.984
2023-09-14,3.804,0.925,132.051
2023-09-15,3.787,0.929,131.985
2023-09-18,3.8,0.923,131.843
2023-09-19,3.795,0.917,131.828
2023-09-20,3.777,0.908,131.776
2023-09-21,3.742,0.904,131.873
2023-09-22,3.817,0.927,131.778
2023-09-25,3.789,0.919,131.751
2023-09-26,3.768,0.92,131.602
2023-09-27,3.778,0.925,131.304
2023-09-28,3.764,0.932,131.882
2023-10-09,3.754,0.93,131.993
2023-10-10,3.727,0.924,131.899
2023-10-11,3.735,0.937,131.659
2023-10-12,3.771,0.943,131.64
2023-10-13,3.736,0.934,131.749
2023-10-16,3.693,0.916,131.763
2023-10-17,3.705,0.924,131.698
2023-10-18,3.677,0.913,131.673
2023-10-19,3.6,0.911,131.438
2023-10-20,3.582,0.904,131.54
2023-10-23,3.544,0.883,131.662
2023-10-24,3.549,0.893,131.6
2023-10-25,3.569,0.891,131.754
2023-10-26,3.582,0.892,131.91
2023-10-27,3.636,0.906,131.85
2023-10-30,3.652,0.92,132.026
2023-10-31,3.644,0.917,132.066
2023-11-01,3.642,0.913,132.093
2023-11-02,3.625,0.903,132.191
2023-11-03,3.653,0.918,132.182
2023-11-06,3.701,0.934,132.145
2023-11-07,3.69,0.935,132.18
2023-11-08,3.679,0.943,132.193
2023-11-09,3.682,0.937,132.2
2023-11-10,3.655,0.931,132.205
2023-11-13,3.65,0.937,132.363
2023-11-14,3.65,0.946,132.352
2023-11-15,3.675,0.942,132.349
2023-11-16,3.639,0.928,132.425
2023-11-17,3.634,0.932,132.437
2023-11-20,3.645,0.934,132.367
2023-11-21,3.65,0.927,132.306
2023-11-22,3.611,0.913,132.155
2023-11-23,3.63,0.918,131.99
2023-11-24,3.605,0.906,132.086
2023-11-27,3.581,0.909,132.067
2023-11-28,3.585,0.913,132.055
2023-11-29,3.558,0.906,132.007
2023-11-30,3.562,0.907,132.101
2023-12-01,3.548,0.91,132.2
2023-12-04,3.524,0.906,132.105
2023-12-05,3.458,0.89,132.091
2023-12-06,3.463,0.892,132.073
2023-12-07,3.454,0.891,132.144
2023-12-08,3.461,0.91,132.21
2023-12-11,3.485,0.923,132.395
2023-12-12,3.493,0.917,132.383
2023-12-13,3.435,0.907,132.565
2023-12-14,3.419,0.902,132.441
2023-12-15,3.412,0.895,132.558
2023-12-18,3.398,0.886,132.665
2023-12-19,3.4,0.892,132.652
2023-12-20,3.369,0.881,132.561
2023-12-21,3.4,0.893,132.61
2023-12-22,3.406,0.888,132.787
2023-12-25,3.415,0.883,132.895
2023-12-26,3.395,0.868,132.997
2023-12-27,3.405,0.873,133.126
2023-12-28,3.489,0.894,133.245
2023-12-29,3.499,0.897,133.363
2024-01-02,3.453,0.886,133.252
2024-01-03,3.443,0.874,133.217
2024-01-04,3.413,0.866,133.32
2024-01-05,3.396,0.849,133.457
2024-01-08,3.349,0.824,133.423
2024-01-09,3.357,0.824,133.444
2024-01-10,3.341,0.818,133.427
2024-01-11,3.36,0.829,133.46
2024-01-12,3.349,0.818,133.417
2024-01-15,3.345,0.813,133.373
2024-01-16,3.367,0.817,133.282
2024-01-17,3.292,0.795,133.379
2024-01-18,3.268,0.806,133.35
2024-01-19,3.275,0.803,133.575
2024-01-22,3.206,0.776,133.637
2024-01-23,3.228,0.786,133.559
2024-01-24,3.279,0.788,133.512
2024-01-25,3.335,0.804,133.682
2024-01-26,3.329,0.785,133.775
2024-01-29,3.299,0.764,133.821
2024-01-30,3.243,0.735,134.167
2024-01-31,3.222,0.722,134.2
2024-02-01,3.218,0.726,134.078
2024-02-02,3.188,0.707,134.066
2024-02-05,3.208,0.709,134.224
2024-02-06,3.311,0.757,134.023
2024-02-07,3.34,0.777,133.961
2024-02-08,3.362,0.786,134.2
2024-02-19,3.389,0.798,134.16
2024-02-20,3.401,0.79,134.202
2024-02-21,3.449,0.791,134.285
2024-02-22,3.475,0.799,134.343
2024-02-23,3.478,0.801,134.509
2024-02-26,3.443,0.806,134.521
2024-02-27,3.484,0.836,134.559
2024-02-28,3.448,0.808,134.57
2024-02-29,3.503,0.847,134.621
2024-03-01,3.53,0.855,134.54
2024-03-04,3.527,0.856,134.545
2024-03-05,3.556,0.857,134.55
2024-03-06,3.542,0.85,134.73
2024-03-07,3.523,0.832,134.846
2024-03-08,3.533,0.841,134.793
2024-03-11,3.581,0.857,134.708
2024-03-12,3.586,0.856,134.581
2024-03-13,3.565,0.853,134.544
2024-03-14,3.552,0.842,134.471
2024-03-15,3.561,0.847,134.554
2024-03-18,3.592,0.864,134.677
2024-03-19,3.569,0.852,134.783
2024-03-20,3.572,0.854,134.759
2024-03-21,3.57,0.846,134.783
2024-03-22,3.539,0.832,134.816
2024-03-25,3.52,0.82,134.752
2024-03-26,3.531,0.81,134.737
2024-03-27,3.493,0.789,134.791
2024-03-28,3.51,0.799,134.775
2024-03-29,3.526,0.8,134.923
2024-04-01,3.584,0.813,134.878
2024-04-02,3.572,0.806,134.926
2024-04-03,3.558,0.794,135.063
2024-04-08,3.529,0.778,135.23
2024-04-09,3.523,0.785,135.355
2024-04-10,3.497,0.773,135.369
2024-04-11,3.494,0.774,135.394
2024-04-12,3.466,0.773,135.569
2024-04-15,3.539,0.785,135.55
2024-04-16,3.507,0.768,135.477
2024-04-17,3.553,0.785,135.512
2024-04-18,3.559,0.781,135.618
2024-04-19,3.531,0.765,135.706
2024-04-22,3.524,0.766,135.787
2024-04-23,3.499,0.763,135.977
2024-04-24,3.513,0.773,135.618
2024-04-25,3.523,0.768,135.713
2024-04-26,3.573,0.787,135.489
2024-04-29,3.616,0.812,134.929
2024-04-30,3.598,0.804,135.312
2024-05-06,3.648,0.813,135.525
2024-05-07,3.65,0.806,135.691
2024-05-08,3.621,0.797,135.715
2024-05-09,3.656,0.815,135.596
2024-05-10,3.658,0.804,135.572
2024-05-13,3.655,0.798,135.716
2024-05-14,3.649,0.796,135.791
2024-05-15,3.623,0.784,135.79
2024-05-16,3.635,0.781,135.726
2024-05-17,3.676,0.79,135.627
2024-05-20,3.684,0.789,135.789
2024-05-21,3.672,0.783,135.719
2024-05-22,3.68,0.789,135.777
2024-05-23,3.643,0.777,135.871
2024-05-24,3.602,0.761,135.874
2024-05-27,3.632,0.772,135.84
2024-05-28,3.609,0.769,135.916
2024-05-29,3.61,0.769,135.988
2024-05-30,3.596,0.777,136.041
2024-05-31,3.582,0.778,136.018
2024-06-03,3.587,0.785,136.16
2024-06-04,3.612,0.789,136.192
2024-06-05,3.599,0.788,136.231
2024-06-06,3.599,0.779,136.205
2024-06-07,3.576,0.775,136.254
2024-06-11,3.551,0.794,136.254
2024-06-12,3.547,0.793,136.236
2024-06-13,3.534,0.796,136.249
2024-06-14,3.554,0.791,136.27
2024-06-17,3.544,0.794,136.327
2024-06-18,3.555,0.794,136.364
2024-06-19,3.545,0.787,136.391
2024-06-20,3.522,0.791,136.506
2024-06-21,3.516,0.795,136.437
2024-06-24,3.499,0.774,136.52
2024-06-25,3.478,0.751,136.562
2024-06-26,3.499,0.764,136.662
2024-06-27,3.48,0.75,136.803
2024-06-28,3.487,0.745,136.899
2024-07-01,3.501,0.743,136.672
2024-07-02,3.496,0.732,136.795
2024-07-03,3.49,0.734,137.007
2024-07-04,3.475,0.723,136.934
2024-07-05,3.458,0.731,136.828
2024-07-08,3.434,0.724,136.561
2024-07-09,3.471,0.742,136.729
2024-07-10,3.463,0.743,136.815
2024-07-11,3.509,0.751,136.808
2024-07-12,3.519,0.752,136.916
2024-07-15,3.526,0.748,136.968
2024-07-16,3.551,0.764,136.967
2024-07-17,3.556,0.762,136.999
2024-07-18,3.577,0.769,136.958
2024-07-19,3.6,0.784,137.05
2024-07-22,3.571,0.787,137.341
2024-07-23,3.501,0.756,137.486
2024-07-24,3.479,0.746,137.488
2024-07-25,3.459,0.748,137.508
2024-07-26,3.474,0.753,137.567
2024-07-29,3.454,0.74,137.544
2024-07-30,3.431,0.743,137.564
2024-07-31,3.508,0.778,137.661
2024-08-01,3.483,0.774,137.887
2024-08-02,3.447,0.762,138.088
2024-08-05,3.408,0.738,138.139
2024-08-06,3.408,0.748,137.94
2024-08-07,3.401,0.742,138.131
2024-08-08,3.405,0.745,138.011
2024-08-09,3.393,0.742,137.826
2024-08-12,3.389,0.742,137.204
2024-08-13,3.394,0.746,137.609
2024-08-14,3.37,0.736,137.736
2024-08-15,3.408,0.743,137.6
2024-08-16,3.41,0.74,137.577
2024-08-19,3.419,0.739,137.636
2024-08-20,3.403,0.728,137.614
2024-08-21,3.388,0.726,137.467
2024-08-22,3.379,0.719,137.743
2024-08-23,3.393,0.72,137.944
2024-08-26,3.394,0.715,137.946
2024-08-27,3.377,0.708,137.856
2024-08-28,3.357,0.704,137.901
2024-08-29,3.347,0.713,137.827
2024-08-30,3.392,0.728,137.785
2024-09-02,3.332,0.703,138.106
2024-09-03,3.344,0.708,138.289
2024-09-04,3.323,0.705,138.337
2024-09-05,3.33,0.705,138.423
2024-09-06,3.302,0.696,138.468
2024-09-09,3.261,0.687,138.541
2024-09-10,3.261,0.692,138.659
2024-09-11,3.254,0.695,138.866
2024-09-12,3.243,0.69,138.651
2024-09-13,3.228,0.683,138.845
2024-09-18,3.238,0.678,138.879
2024-09-19,3.265,0.683,138.695
2024-09-20,3.274,0.678,138.794
2024-09-23,3.283,0.674,138.824
2024-09-24,3.427,0.699,138.672
2024-09-25,3.474,0.7,138.997
2024-09-26,3.64,0.728,138.89
2024-09-27,3.869,0.792,138.31
2024-09-30,4.233,0.95,137.844
2024-10-08,4.412,1.14,137.79
2024-10-09,4.022,1.096,138.07
2024-10-10,4.086,1.026,138.398
2024-10-11,3.977,0.951,138.47
2024-10-14,4.04,0.974,138.448
2024-10-15,3.931,0.946,138.484
2024-10-16,3.906,0.923,138.503
2024-10-17,3.863,0.926,138.691
2024-10-18,4.016,1.041,138.537
2024-10-21,4.016,1.05,138.519
2024-10-22,4.04,1.037,138.325
2024-10-23,4.055,1.032,138.186
2024-10-24,4.011,1.029,138.24
2024-10-25,4.04,1.045,138.228
2024-10-28,4.046,1.039,138.255
2024-10-29,4.013,1.028,138.392
2024-10-30,3.971,1.008,138.435
2024-10-31,3.971,1.02,138.424
2024-11-01,3.979,0.99,138.631
2024-11-04,4.032,1.004,138.69
2024-11-05,4.137,1.05,138.678
2024-11-06,4.111,1.053,138.729
2024-11-07,4.248,1.087,138.849
2024-11-08,4.194,1.081,138.902
2024-11-11,4.215,1.13,138.94
2024-11-12,4.169,1.105,139.131
2024-11-13,4.195,1.116,139.13
2024-11-14,4.124,1.08,139.137
2024-11-15,4.055,1.04,139.235
2024-11-18,4.038,1.02,139.16
2024-11-19,4.058,1.052,139.129
2024-11-20,4.068,1.055,139.224
2024-11-21,4.073,1.064,139.311
2024-11-22,3.953,1.022,139.337
2024-11-25,3.931,1.008,139.45
2024-11-26,3.923,1.002,139.423
2024-11-27,3.987,1.038,139.364
2024-11-28,3.958,1.034,139.462
2024-11-29,4.001,1.06,139.539
2024-12-02,4.031,1.068,139.844
2024-12-03,4.035,1.057,139.817
2024-12-04,4.014,1.05,139.938
2024-12-05,4.007,1.053,139.968
2024-12-06,4.057,1.067,139.925
2024-12-09,4.054,1.054,139.937
2024-12-10,4.085,1.063,140.373
2024-12-11,4.075,1.059,140.382
2024-12-12,4.117,1.063,140.563
2024-12-13,4.02,1.042,141.055
2024-12-16,3.996,1.025,141.163
2024-12-17,4.007,1.019,140.963
2024-12-18,4.024,1.033,140.955
2024-12-19,4.03,1.045,141.0
2024-12-20,4.018,1.065,141.437
2024-12-23,4.022,1.052,141.361
2024-12-24,4.069,1.069,141.253
2024-12-25,4.072,1.072,140.995
2024-12-26,4.073,1.081,140.997
2024-12-27,4.067,1.074,141.288
2024-12-30,4.086,1.077,141.003
2024-12-31,4.022,1.045,141.216
2025-01-02,3.909,1.009,141.411
2025-01-03,3.869,0.993,141.787
2025-01-06,3.853,0.989,141.789
2025-01-07,3.88,1.018,141.558
2025-01-08,3.874,1.017,141.603
2025-01-09,3.866,1.015,141.298
2025-01-10,3.823,1.005,141.209
2025-01-13,3.808,1.005,141.039
2025-01-14,3.906,1.037,141.111
2025-01-15,3.883,1.032,141.267
2025-01-16,3.885,1.011,141.243
2025-01-17,3.898,1.02,141.178
2025-01-20,3.917,1.022,141.189
2025-01-21,3.922,1.031,141.219
2025-01-22,3.886,1.029,141.31
2025-01-23,3.897,1.021,141.146
2025-01-24,3.929,1.029,141.004
2025-01-27,3.907,1.009,141.496
2025-02-05,3.887,1.037,141.459
2025-02-06,3.932,1.067,141.594
2025-02-07,3.988,1.076,141.511
2025-02-10,3.992,1.094,141.281
2025-02-11,3.976,1.08,141.248
2025-02-12,4.014,1.099,141.25
2025-02-13,4.004,1.073,141.227
2025-02-14,4.034,1.078,140.926
2025-02-17,4.041,1.093,140.832
2025-02-18,4.012,1.066,140.637
2025-02-19,4.033,1.092,140.817
2025-02-20,4.021,1.091,140.583
2025-02-21,4.075,1.157,140.45
2025-02-24,4.062,1.161,140.064
2025-02-25,4.021,1.162,140.253
2025-02-26,4.054,1.186,140.265
2025-02-27,4.067,1.185,140.207
2025-02-28,3.994,1.133,140.254
2025-03-03,3.981,1.119,140.6
2025-03-04,3.977,1.139,140.594
2025-03-05,3.994,1.142,140.546
2025-03-06,4.049,1.181,140.417
2025-03-07,4.039,1.167,140.137
2025-03-10,4.023,1.163,139.905
2025-03-11,4.035,1.158,139.581
2025-03-12,4.025,1.15,140.073
2025-03-13,4.005,1.126,140.091
2025-03-14,4.106,1.146,140.066
2025-03-17,4.094,1.14,139.779
2025-03-18,4.103,1.146,139.88
2025-03-19,4.109,1.131,139.792
2025-03-20,4.076,1.119,139.965
2025-03-21,4.01,1.095,139.912
2025-03-24,4.027,1.101,139.844
2025-03-25,4.029,1.083,140.017
2025-03-26,4.013,1.081,140.176
2025-03-27,4.027,1.092,140.227
2025-03-28,4.008,1.081,140.197
2025-03-31,3.984,1.074,140.187
2025-04-01,3.982,1.076,140.18
2025-04-02,3.979,1.074,140.282
2025-04-03,3.959,1.068,140.794
2025-04-07,3.695,0.97,141.217
2025-04-08,3.73,0.986,141.103
2025-04-09,3.766,1.028,141.184
2025-04-10,3.829,1.042,141.318
2025-04-11,3.84,1.061,141.365
2025-04-14,3.848,1.064,141.243
2025-04-15,3.851,1.054,141.246
2025-04-16,3.86,1.061,141.364
2025-04-17,3.863,1.066,141.276
2025-04-18,3.873,1.059,141.217
2025-04-21,3.875,1.07,141.099
2025-04-22,3.878,1.066,141.15
2025-04-23,3.882,1.063,141.021
2025-04-24,3.882,1.052,140.903
2025-04-25,3.882,1.054,141.029
2025-04-28,3.876,1.051,140.991
2025-04-29,3.869,1.053,141.176
2025-04-30,3.866,1.062,141.283
2025-05-06,3.903,1.078,141.208
2025-05-07,3.927,1.081,141.17
2025-05-08,3.95,1.077,141.45
2025-05-09,3.945,1.056,141.41
2025-05-12,3.99,1.063,141.345
2025-05-13,3.994,1.06,141.251
2025-05-14,4.045,1.065,141.135
2025-05-15,4.011,1.05,141.037
2025-05-16,3.989,1.044,140.943
2025-05-19,3.983,1.045,141.012
2025-05-20,4.003,1.048,141.059
2025-05-21,4.019,1.045,141.044
2025-05-22,4.017,1.039,141.043
2025-05-23,3.988,1.03,141.149
2025-05-26,3.967,1.035,141.146
2025-05-27,3.946,1.028,141.094
2025-05-28,3.942,1.023,141.101
2025-05-29,3.966,1.04,140.943
2025-05-30,3.959,1.03,141.076
2025-06-03,3.957,1.034,141.069
2025-06-04,3.974,1.04,141.159
2025-06-05,3.984,1.051,141.226
2025-06-06,3.986,1.047,141.341
2025-06-09,3.995,1.053,141.39
2025-06-10,3.972,1.032,141.406
2025-06-11,4.004,1.031,141.399
2025-06-12,4.006,1.027,141.369
2025-06-13,3.98,1.022,141.398
2025-06-16,3.99,1.021,141.429
2025-06-17,3.989,1.012,141.583
2025-06-18,3.904,1.018,141.599
2025-06-19,3.873,1.012,141.605
2025-06-20,3.878,1.006,141.63
2025-06-23,3.891,1.012,141.601
2025-06-24,3.936,1.029,141.548
2025-06-25,4.001,1.048,141.512
2025-06-26,3.986,1.041,141.55
2025-06-27,3.963,1.041,141.645
2025-06-30,3.982,1.056,141.581
2025-07-01,3.988,1.048,141.631
2025-07-02,3.992,1.035,141.711
2025-07-03,4.015,1.036,141.729
2025-07-04,4.032,1.035,141.762
2025-07-07,4.014,1.029,141.741
2025-07-08,4.048,1.044,141.631
2025-07-09,4.045,1.036,141.629
2025-07-10,4.065,1.033,141.537
2025-07-11,4.079,1.047,141.499
2025-07-14,4.078,1.046,141.427
2025-07-15,4.078,1.048,141.567
2025-07-16,4.069,1.049,141.576
2025-07-17,4.102,1.057,141.568
2025-07-18,4.132,1.06,141.556
2025-07-21,4.157,1.061,141.469
2025-07-22,4.201,1.069,141.395
2025-07-23,4.199,1.074,141.341
2025-07-24,4.225,1.086,141.074
2025-07-25,4.203,1.109,141.105
2025-07-28,4.214,1.11,141.238
2025-07-29,4.235,1.125,141.064
2025-07-30,4.232,1.112,141.203
2025-07-31,4.155,1.101,141.313
2025-08-01,4.133,1.091,141.321
2025-08-04,4.152,1.104,141.293
2025-08-05,4.183,1.109,141.337
2025-08-06,4.194,1.113,141.351
2025-08-07,4.193,1.112,141.451
2025-08-08,4.183,1.096,141.508
2025-08-11,4.202,1.103,141.341
2025-08-12,4.228,1.124,141.313
2025-08-13,4.263,1.133,141.411
2025-08-14,4.256,1.142,141.358
2025-08-15,4.295,1.158,141.345
2025-08-18,4.327,1.183,141.047
2025-08-19,4.305,1.17,141.058
2025-08-20,4.364,1.208,140.996
2025-08-21,4.378,1.208,141.058
2025-08-22,4.479,1.323,141.021
2025-08-25,4.565,1.356,141.14
2025-08-26,4.541,1.336,141.146
2025-08-27,4.475,1.337,141.184
2025-08-28,4.559,1.433,141.116
2025-08-29,4.601,1.412,141.148
2025-09-01,4.616,1.431,141.259
2025-09-02,4.59,1.394,141.257
2025-09-03,4.549,1.365,141.402
2025-09-04,4.456,1.282,141.488
2025-09-05,4.554,1.326,141.279
2025-09-08,4.555,1.328,141.251
2025-09-09,4.528,1.307,141.231
2025-09-10,4.538,1.321,141.155
2025-09-11,4.66,1.393,141.256
2025-09-12,4.621,1.406,141.301
2025-09-15,4.629,1.409,141.39
2025-09-16,4.62,1.426,141.475
2025-09-17,4.653,1.44,141.632
2025-09-18,4.594,1.45,141.54
2025-09-19,4.604,1.431,141.385
2025-09-22,4.619,1.479,141.497
2025-09-23,4.622,1.475,139.922
2025-09-24,4.663,1.53,139.804
2025-09-25,4.695,1.548,139.752
2025-09-26,4.651,1.524,139.856
2025-09-29,4.728,1.543,139.821
2025-09-30,4.741,1.57,140.028
2025-10-09,4.816,1.618,140.123
2025-10-10,4.719,1.528,140.093
2025-10-13,4.692,1.546,140.134
2025-10-14,4.645,1.481,140.181
2025-10-15,4.706,1.501,140.14
2025-10-16,4.721,1.487,140.146
2025-10-17,4.624,1.433,140.246
2025-10-20,4.64,1.437,140.122
2025-10-21,4.71,1.477,140.142
2025-10-22,4.695,1.476,140.168
2025-10-23,4.713,1.473,140.128
2025-10-24,4.77,1.535,140.119
2025-10-27,4.826,1.558,140.166
2025-10-28,4.802,1.545,140.445
2025-10-29,4.862,1.565,140.561
2025-10-30,4.823,1.535,140.674
2025-10-31,4.756,1.488,140.69
2025-11-03,4.763,1.47,140.628
2025-11-04,4.729,1.455,140.621
2025-11-05,4.735,1.46,140.626
2025-11-06,4.805,1.509,140.56
2025-11-07,4.795,1.487,140.589
2025-11-10,4.807,1.478,140.585
2025-11-11,4.763,1.457,140.602
2025-11-12,4.765,1.449,140.66
2025-11-13,4.812,1.469,140.604
2025-11-14,4.741,1.431,140.587
2025-11-17,4.71,1.422,140.613
2025-11-18,4.683,1.427,140.621
2025-11-19,4.697,1.413,140.579
2025-11-20,4.676,1.396,140.652
2025-11-21,4.564,1.351,140.614
2025-11-24,4.557,1.36,140.63
2025-11-25,4.597,1.369,140.633
2025-11-26,4.626,1.382,140.481
2025-11-27,4.622,1.379,140.473
2025-11-28,4.635,1.393,140.528
2025-12-01,4.687,1.404,140.575
2025-12-02,4.666,1.387,140.54
2025-12-03,4.645,1.375,140.552
2025-12-04,4.657,1.394,140.411
2025-12-05,4.698,1.394,140.483
2025-12-08,4.732,1.42,140.468
2025-12-09,4.708,1.414,140.545
2025-12-10,4.702,1.415,140.566
2025-12-11,4.668,1.392,140.66
2025-12-12,4.694,1.418,140.621
2025-12-15,4.667,1.389,140.562
2025-12-16,4.62,1.361,140.536
2025-12-17,4.699,1.396,140.629
2025-12-18,4.668,1.376,140.713
2025-12-19,4.688,1.38,140.787
2025-12-22,4.73,1.405,140.715
2025-12-23,4.74,1.41,140.952
2025-12-24,4.757,1.423,140.894
2025-12-25,4.766,1.422,140.847
2025-12-26,4.784,1.419,140.285
2025-12-29,4.763,1.417,140.116
2025-12-30,4.773,1.433,140.093
2025-12-31,4.753,1.417,140.096
2026-01-05,4.844,1.479,139.965
2026-01-06,4.919,1.505,139.86
2026-01-07,4.901,1.52,139.783
2026-01-08,4.863,1.531,139.904
2026-01-09,4.885,1.554,139.893
2026-01-12,4.913,1.594,139.962
2026-01-13,4.896,1.549,140.002
2026-01-14,4.866,1.579,140.093
2026-01-15,4.875,1.573,140.148
2026-01-16,4.859,1.593,140.238
2026-01-19,4.738,1.586,140.229
2026-01-20,4.724,1.56,140.318
2026-01-21,4.73,1.616,140.315
2026-01-22,4.727,1.622,140.302
2026-01-23,4.704,1.635,140.349
2026-01-26,4.712,1.615,140.322
2026-01-27,4.71,1.64,140.335
2026-01-28,4.725,1.635,140.357
2026-01-29,4.768,1.589,140.443
2026-01-30,4.711,1.588,140.429
2026-02-02,4.6,1.528,140.432
2026-02-03,4.664,1.548,140.481
2026-02-04,4.707,1.531,140.466
2026-02-05,4.679,1.508,140.55
2026-02-06,4.649,1.499,140.586
2026-02-09,4.727,1.535,140.672
2026-02-10,4.733,1.55,140.669
2026-02-11,4.723,1.533,140.733
2026-02-12,4.727,1.559,140.791
2026-02-13,4.671,1.548,140.845
2026-02-24,4.716,1.543,140.861
2026-02-25,4.75,1.552,140.745
2026-02-26,4.735,1.564,140.61
2026-02-27,4.725,1.566,140.698
2026-03-02,4.739,1.544,140.819
2026-03-03,4.678,1.464,140.808
2026-03-04,4.61,1.459,140.929
2026-03-05,4.654,1.482,140.87
2026-03-06,4.667,1.491,140.906
2026-03-09,4.629,1.465,140.737
2026-03-10,4.683,1.495,140.745
2026-03-11,4.711,1.477,140.735
2026-03-12,4.694,1.456,140.739
2026-03-13,4.677,1.45,140.772
2026-03-16,4.68,1.458,140.678
2026-03-17,4.646,1.428,140.68
