,growth_score_us,inflation_score_us,growth_score_cn,inflation_score_cn,regional_regime_us,regional_regime_cn,portfolio_regime,regime_confidence,state_id,state_label,model_name
1986-02-28,0.0,0.0,0.0,0.0,growth_up_inflation_up,growth_up_inflation_up,reflation,0.0,2,reflation,rule_based
1986-03-31,0.0,0.0,0.0,0.0,growth_up_inflation_up,growth_up_inflation_up,reflation,0.0,2,reflation,rule_based
1986-04-30,0.0,0.0,0.0,0.0,growth_up_inflation_up,growth_up_inflation_up,reflation,0.0,2,reflation,rule_based
1986-05-31,0.0,0.0,0.0,0.0,growth_up_inflation_up,growth_up_inflation_up,reflation,0.0,2,reflation,rule_based
1986-06-30,0.0,0.0,0.0,0.0,growth_up_inflation_up,growth_up_inflation_up,reflation,0.0,2,reflation,rule_based
1986-07-31,0.0,0.0,0.0,0.0,growth_up_inflation_up,growth_up_inflation_up,reflation,0.0,2,reflation,rule_based
1986-08-31,0.0,0.0,0.0,0.0,growth_up_inflation_up,growth_up_inflation_up,reflation,0.0,2,reflation,rule_based
1986-09-30,0.0,0.0,0.0,0.0,growth_up_inflation_up,growth_up_inflation_up,reflation,0.0,2,reflation,rule_based
1986-10-31,0.0,0.0,0.0,0.0,growth_up_inflation_up,growth_up_inflation_up,reflation,0.0,2,reflation,rule_based
1986-11-30,0.0,0.0,0.0,0.0,growth_up_inflation_up,growth_up_inflation_up,reflation,0.0,2,reflation,rule_based
1986-12-31,0.0,0.0,0.0,0.0,growth_up_inflation_up,growth_up_inflation_up,reflation,0.0,2,reflation,rule_based
1987-01-31,0.0,0.0,0.0,0.0,growth_up_inflation_up,growth_up_inflation_up,reflation,0.0,2,reflation,rule_based
1987-02-28,0.0,0.0,0.0,-3.328201177351376,growth_up_inflation_up,growth_up_inflation_up,reflation,0.416025147168922,2,reflation,rule_based
1987-03-31,0.0,0.0,0.0,-2.128958707653823,growth_up_inflation_up,growth_up_inflation_down,global_easing_growth,0.2661198384567279,1,global_easing_growth,rule_based
1987-04-30,0.0,0.0,0.0,-1.3756153469523429,growth_up_inflation_up,growth_up_inflation_down,global_easing_growth,0.17195191836904286,1,global_easing_growth,rule_based
1987-05-31,0.0,0.0,0.0,-0.0920345859786573,growth_up_inflation_up,growth_up_inflation_down,global_easing_growth,0.011504323247332162,1,global_easing_growth,rule_based
1987-06-30,0.0,0.0,0.0,1.1453775899088838,growth_up_inflation_up,growth_up_inflation_down,global_easing_growth,0.14317219873861048,1,global_easing_growth,rule_based
1987-07-31,0.0,0.0,0.0,1.3199326582148894,growth_up_inflation_up,growth_up_inflation_up,reflation,0.16499158227686117,2,reflation,rule_based
1987-08-31,0.0,0.0,0.0,1.2284610329702923,growth_up_inflation_up,growth_up_inflation_up,reflation,0.15355762912128654,2,reflation,rule_based
1987-09-30,0.0,0.0,0.0,1.6113237738196464,growth_up_inflation_up,growth_up_inflation_up,reflation,0.2014154717274558,2,reflation,rule_based
1987-10-31,0.0,0.0,0.0,0.908820373961557,growth_up_inflation_up,growth_up_inflation_up,reflation,0.11360254674519463,2,reflation,rule_based
1987-11-30,0.0,0.0,0.0,0.623525222414177,growth_up_inflation_up,growth_up_inflation_up,reflation,0.07794065280177212,2,reflation,rule_based
1987-12-31,0.0,0.0,0.0,1.5640814304225574,growth_up_inflation_up,growth_up_inflation_up,reflation,0.19551017880281968,2,reflation,rule_based
1988-01-31,0.0,0.0,0.0,2.060666670156776,growth_up_inflation_up,growth_up_inflation_up,reflation,0.257583333769597,2,reflation,rule_based
1988-02-29,0.0,0.0,0.0,2.208286810170402,growth_up_inflation_up,growth_up_inflation_up,reflation,0.27603585127130026,2,reflation,rule_based
1988-03-31,0.0,0.0,0.0,2.7553414720098384,growth_up_inflation_up,growth_up_inflation_up,reflation,0.3444176840012298,2,reflation,rule_based
1988-04-30,0.0,0.0,0.0,2.873705993493477,growth_up_inflation_up,growth_up_inflation_up,reflation,0.3592132491866846,2,reflation,rule_based
1988-05-31,0.0,0.0,0.0,2.8839779287629743,growth_up_inflation_up,growth_up_inflation_up,reflation,0.3604972410953718,2,reflation,rule_based
1988-06-30,0.0,0.0,0.0,3.2155597950869033,growth_up_inflation_up,growth_up_inflation_up,reflation,0.4019449743858629,2,reflation,rule_based
1988-07-31,0.0,0.0,0.0,3.2998462643354447,growth_up_inflation_up,growth_up_inflation_up,reflation,0.4124807830419306,2,reflation,rule_based
1988-08-31,0.0,0.0,0.0,3.412414786520592,growth_up_inflation_up,growth_up_inflation_up,reflation,0.426551848315074,2,reflation,rule_based
1988-09-30,0.0,0.0,0.0,3.5885235225426095,growth_up_inflation_up,growth_up_inflation_up,reflation,0.4485654403178262,2,reflation,rule_based
1988-10-31,0.0,0.0,0.0,3.360818293221499,growth_up_inflation_up,growth_up_inflation_up,reflation,0.4201022866526874,2,reflation,rule_based
1988-11-30,0.0,0.0,0.0,2.945862995132082,growth_up_inflation_up,growth_up_inflation_up,reflation,0.36823287439151026,2,reflation,rule_based
1988-12-31,0.0,0.0,0.0,2.5558682457540822,growth_up_inflation_up,growth_up_inflation_up,reflation,0.3194835307192603,2,reflation,rule_based
1989-01-31,0.0,0.0,0.0,2.4440337899476368,growth_up_inflation_up,growth_up_inflation_up,reflation,0.3055042237434546,2,reflation,rule_based
1989-02-28,0.0,0.0,0.0,2.1404215971847793,growth_up_inflation_up,growth_up_inflation_up,reflation,0.2675526996480974,2,reflation,rule_based
1989-03-31,0.0,0.0,0.0,2.0647356966194876,growth_up_inflation_up,growth_up_inflation_up,reflation,0.25809196207743595,2,reflation,rule_based
1989-04-30,0.0,0.0,0.0,1.754700444963624,growth_up_inflation_up,growth_up_inflation_up,reflation,0.219337555620453,2,reflation,rule_based
1989-05-31,0.0,0.0,0.0,1.5778312776319334,growth_up_inflation_up,growth_up_inflation_up,reflation,0.19722890970399168,2,reflation,rule_based
1989-06-30,0.0,0.0,0.0,1.2953344742855513,growth_up_inflation_up,growth_up_inflation_up,reflation,0.1619168092856939,2,reflation,rule_based
1989-07-31,0.0,0.0,0.0,0.9944526724930048,growth_up_inflation_up,growth_up_inflation_up,reflation,0.1243065840616256,2,reflation,rule_based
1989-08-31,0.0,0.0,0.0,0.5646399590739831,growth_up_inflation_up,growth_up_inflation_up,reflation,0.07057999488424789,2,reflation,rule_based
1989-09-30,0.0,0.0,0.0,0.0620576189083668,growth_up_inflation_up,growth_up_inflation_up,reflation,0.00775720236354585,2,reflation,rule_based
1989-10-31,0.0,0.0,0.0,-0.4030233484238371,growth_up_inflation_up,growth_up_inflation_up,reflation,0.050377918552979635,2,reflation,rule_based
1989-11-30,0.0,0.0,0.0,-0.7555201145665303,growth_up_inflation_up,growth_up_inflation_down,global_easing_growth,0.09444001432081629,1,global_easing_growth,rule_based
1989-12-31,0.0,0.0,0.0,-0.9004465183639476,growth_up_inflation_up,growth_up_inflation_down,global_easing_growth,0.11255581479549345,1,global_easing_growth,rule_based
1990-01-31,0.0,0.0,0.0,-0.9926383146204814,growth_up_inflation_up,growth_up_inflation_down,global_easing_growth,0.12407978932756017,1,global_easing_growth,rule_based
1990-02-28,0.0,0.0,0.0,-1.2598784113739294,growth_up_inflation_up,growth_up_inflation_down,global_easing_growth,0.15748480142174118,1,global_easing_growth,rule_based
1990-03-31,0.0,0.0,0.0,-1.2397199639026326,growth_up_inflation_up,growth_up_inflation_down,global_easing_growth,0.15496499548782908,1,global_easing_growth,rule_based
1990-04-30,0.0,0.0,0.0,-1.3370403755341185,growth_up_inflation_up,growth_up_inflation_down,global_easing_growth,0.1671300469417648,1,global_easing_growth,rule_based
1990-05-31,0.0,0.0,0.0,-1.3312686674297902,growth_up_inflation_up,growth_up_inflation_down,global_easing_growth,0.16640858342872378,1,global_easing_growth,rule_based
1990-06-30,0.0,0.0,0.0,-1.349561224890914,growth_up_inflation_up,growth_up_inflation_down,global_easing_growth,0.16869515311136424,1,global_easing_growth,rule_based
1990-07-31,0.0,0.0,0.0,-1.4740651162341556,growth_up_inflation_up,growth_up_inflation_down,global_easing_growth,0.18425813952926945,1,global_easing_growth,rule_based
1990-08-31,0.0,0.0,0.0,-1.4208607974315393,growth_up_inflation_up,growth_up_inflation_down,global_easing_growth,0.1776075996789424,1,global_easing_growth,rule_based
1990-09-30,0.0,0.0,0.0,-1.2314320615837695,growth_up_inflation_up,growth_up_inflation_down,global_easing_growth,0.1539290076979712,1,global_easing_growth,rule_based
1990-10-31,0.0,0.0,0.0,-1.1589852011490744,growth_up_inflation_up,growth_up_inflation_down,global_easing_growth,0.1448731501436343,1,global_easing_growth,rule_based
1990-11-30,0.0,0.0,0.0,-1.111928099872692,growth_up_inflation_up,growth_up_inflation_down,global_easing_growth,0.1389910124840865,1,global_easing_growth,rule_based
1990-12-31,0.0,0.0,0.0,-1.0250617065484928,growth_up_inflation_up,growth_up_inflation_down,global_easing_growth,0.1281327133185616,1,global_easing_growth,rule_based
1991-01-31,0.0,0.0,0.0,-0.9410926094114808,growth_up_inflation_up,growth_up_inflation_down,global_easing_growth,0.1176365761764351,1,global_easing_growth,rule_based
1991-02-28,0.0,0.0,2.477162942936372,-1.1169774066874818,growth_up_inflation_up,growth_up_inflation_down,global_easing_growth,0.4492675437029817,1,global_easing_growth,rule_based
1991-03-31,0.0,0.0,0.2661584111658361,-1.113709731961055,growth_up_inflation_up,growth_up_inflation_down,global_easing_growth,0.1724835178908614,1,global_easing_growth,rule_based
1991-04-30,0.0,0.0,0.5146902210633609,-1.0879503908111063,growth_up_inflation_up,growth_up_inflation_down,global_easing_growth,0.2003300764843084,1,global_easing_growth,rule_based
1991-05-31,0.0,0.0,0.4938373311957365,-1.0693098391663154,growth_up_inflation_up,growth_up_inflation_down,global_easing_growth,0.19539339629525648,1,global_easing_growth,rule_based
1991-06-30,0.0,0.0,0.4753562763063618,-0.8145283340095008,growth_up_inflation_up,growth_up_inflation_down,global_easing_growth,0.16123557628948282,1,global_easing_growth,rule_based
1991-07-31,0.0,0.0,0.174288484508563,-0.7042423536670824,growth_up_inflation_up,growth_up_inflation_down,global_easing_growth,0.10981635477195567,1,global_easing_growth,rule_based
1991-08-31,0.0,0.0,0.463717576614768,-0.6388741810008193,growth_up_inflation_up,growth_up_inflation_down,global_easing_growth,0.1378239697019484,1,global_easing_growth,rule_based
1991-09-30,0.0,0.0,0.6066953789449038,-0.5795799035671855,growth_up_inflation_up,growth_up_inflation_down,global_easing_growth,0.14828441031401116,1,global_easing_growth,rule_based
1991-10-31,0.0,0.0,0.727369956357553,-0.575543731584925,growth_up_inflation_up,growth_up_inflation_down,global_easing_growth,0.16286421099280973,1,global_easing_growth,rule_based
1991-11-30,0.0,0.0,0.5580422945233099,-0.5039426417683116,growth_up_inflation_up,growth_up_inflation_down,global_easing_growth,0.13274811703645267,1,global_easing_growth,rule_based
1991-12-31,0.0,0.0,-0.2456127374917245,-0.5022404705466771,growth_up_inflation_up,growth_up_inflation_down,global_easing_growth,0.0934816510048002,1,global_easing_growth,rule_based
1992-01-31,0.0,0.0,-0.732912781267773,-0.4483408460126492,growth_up_inflation_up,growth_down_inflation_down,disinflationary_slowdown,0.14765670341005277,0,disinflationary_slowdown,rule_based
1992-02-29,0.0,0.0,0.4319426721933468,-0.2867781788865221,growth_up_inflation_up,growth_down_inflation_down,disinflationary_slowdown,0.0898401063849836,0,disinflationary_slowdown,rule_based
1992-03-31,0.0,0.0,1.7951030270693409,-0.2576279881565443,growth_up_inflation_up,growth_up_inflation_down,global_easing_growth,0.25659137690323564,1,global_easing_growth,rule_based
1992-04-30,0.0,0.0,1.3825328861560424,-0.1984448604873805,growth_up_inflation_up,growth_up_inflation_down,global_easing_growth,0.19762221833042787,1,global_easing_growth,rule_based
1992-05-31,0.0,0.0,1.021527172087381,0.1762922817673724,growth_up_inflation_up,growth_up_inflation_down,global_easing_growth,0.1497274317318442,1,global_easing_growth,rule_based
1992-06-30,0.0,0.0,0.8443077103305482,-0.1731805468800318,growth_up_inflation_up,growth_up_inflation_down,global_easing_growth,0.1271860321513225,1,global_easing_growth,rule_based
1992-07-31,0.0,0.0,1.2559670272351244,-0.0602947289206604,growth_up_inflation_up,growth_up_inflation_down,global_easing_growth,0.1645327195194731,1,global_easing_growth,rule_based
1992-08-31,0.0,0.0,1.613870568548016,0.2030859126061284,growth_up_inflation_up,growth_up_inflation_down,global_easing_growth,0.22711956014426804,1,global_easing_growth,rule_based
1992-09-30,0.0,0.0,1.2507557279765824,0.669961686513108,growth_up_inflation_up,growth_up_inflation_up,reflation,0.2400896768112113,2,reflation,rule_based
1992-10-31,0.0,0.0,1.2017190433770448,1.7618516280229517,growth_up_inflation_up,growth_up_inflation_up,reflation,0.3704463339249996,2,reflation,rule_based
1992-11-30,0.0,0.0,1.3040292449588795,2.0383443295973116,growth_up_inflation_up,growth_up_inflation_up,reflation,0.4177966968195239,2,reflation,rule_based
1992-12-31,0.0,0.0,1.763103492734262,2.139760220403242,growth_up_inflation_up,growth_up_inflation_up,reflation,0.487857964142188,2,reflation,rule_based
1993-01-31,0.0,0.0,2.360596724273764,2.291797041746782,growth_up_inflation_up,growth_up_inflation_up,reflation,0.5815492207525683,2,reflation,rule_based
1993-02-28,0.0,0.0,-0.5259376688388138,2.649386494993582,growth_up_inflation_up,growth_up_inflation_up,reflation,0.39691552047904943,2,reflation,rule_based
1993-03-31,0.0,0.0,2.2733498313599947,2.5215424801843445,growth_up_inflation_up,growth_up_inflation_up,reflation,0.5993615389430424,2,reflation,rule_based
1993-04-30,0.0,0.0,1.336746020665755,2.673729627864595,growth_up_inflation_up,growth_up_inflation_up,reflation,0.5013094560662937,2,reflation,rule_based
1993-05-31,0.0,0.0,1.162601717801397,2.4804120702462655,growth_up_inflation_up,growth_up_inflation_up,reflation,0.4553767235059578,2,reflation,rule_based
1993-06-30,0.0,0.0,1.3554082376591072,2.5764854555664307,growth_up_inflation_up,growth_up_inflation_up,reflation,0.49148671165319224,2,reflation,rule_based
1993-07-31,0.0,0.0,1.639502370436675,2.572783353210749,growth_up_inflation_up,growth_up_inflation_up,reflation,0.526535715455928,2,reflation,rule_based
1993-08-31,0.0,0.0,0.9497008428978164,2.551507517198075,growth_up_inflation_up,growth_up_inflation_up,reflation,0.43765104501198643,2,reflation,rule_based
1993-09-30,0.0,0.0,0.6347852939264075,2.328350937349106,growth_up_inflation_up,growth_up_inflation_up,reflation,0.3703920289094392,2,reflation,rule_based
1993-10-31,0.0,0.0,0.0403741648453488,1.9766813699390609,growth_up_inflation_up,growth_up_inflation_up,reflation,0.2521319418480512,2,reflation,rule_based
1993-11-30,0.0,0.0,-0.4248561736317947,1.8618221213208732,growth_up_inflation_up,growth_up_inflation_up,reflation,0.2858347868690835,2,reflation,rule_based
1993-12-31,0.0,0.0,0.012168123303244,1.8722491521592013,growth_up_inflation_up,growth_up_inflation_up,reflation,0.23555215943280566,2,reflation,rule_based
1994-01-31,0.0,0.0,1.5167290932780102,2.0948134841795025,growth_up_inflation_up,growth_up_inflation_up,reflation,0.4514428221821891,2,reflation,rule_based
1994-02-28,0.0,0.0,1.8630705304861952,2.293855530910722,growth_up_inflation_up,growth_up_inflation_up,reflation,0.5196157576746147,2,reflation,rule_based
1994-03-31,0.0,0.0,-2.026397772939716,2.401430513818869,growth_up_inflation_up,growth_up_inflation_up,reflation,0.5534785358448231,2,reflation,rule_based
1994-04-30,0.0,0.0,-0.0602671745132063,2.0762590019512697,growth_up_inflation_up,growth_down_inflation_up,stagflation_pressure,0.2670657720580595,3,stagflation_pressure,rule_based
1994-05-31,0.0,0.0,0.0416814238338834,1.827289126584413,growth_up_inflation_up,growth_down_inflation_up,stagflation_pressure,0.23362131880228704,3,stagflation_pressure,rule_based
1994-06-30,0.0,0.0,0.1424337144771716,1.644354860687747,growth_up_inflation_up,growth_up_inflation_up,reflation,0.22334857189561483,2,reflation,rule_based
1994-07-31,0.0,0.0,-0.2989069024868788,1.718505449731056,growth_up_inflation_up,growth_up_inflation_up,reflation,0.2521765440272418,2,reflation,rule_based
1994-08-31,0.0,0.0,-0.3226557851005189,1.7901072927977957,growth_up_inflation_up,growth_down_inflation_up,stagflation_pressure,0.26409538473728933,3,stagflation_pressure,rule_based
1994-09-30,0.0,0.0,1.9221260505880229,1.895128669053389,growth_up_inflation_up,growth_down_inflation_up,stagflation_pressure,0.4771568399551765,3,stagflation_pressure,rule_based
1994-10-31,0.0,0.0,0.6554800726175336,1.9416797925052904,growth_up_inflation_up,growth_up_inflation_up,reflation,0.324644983140353,2,reflation,rule_based
1994-11-30,0.0,0.0,1.0182310145361315,1.8471746234479465,growth_up_inflation_up,growth_up_inflation_up,reflation,0.35817570474800975,2,reflation,rule_based
1994-12-31,0.0,0.0,0.8290675668716979,1.6994711164388017,growth_up_inflation_up,growth_up_inflation_up,reflation,0.31606733541381243,2,reflation,rule_based
1995-01-31,0.0,0.0,-0.0761474084927745,1.359584803257632,growth_up_inflation_up,growth_up_inflation_up,reflation,0.17946652646880082,2,reflation,rule_based
1995-02-28,0.0,0.0,-1.3726626614546986,1.1156523351670231,growth_up_inflation_up,growth_down_inflation_up,stagflation_pressure,0.31103937457771524,3,stagflation_pressure,rule_based
1995-03-31,0.0,0.0,-0.6071499845754378,0.8457793689730138,growth_up_inflation_up,growth_down_inflation_up,stagflation_pressure,0.18161616919355644,3,stagflation_pressure,rule_based
1995-04-30,0.0,0.0,-0.4416493374573835,0.6568224018066985,growth_up_inflation_up,growth_down_inflation_up,stagflation_pressure,0.13730896740801024,3,stagflation_pressure,rule_based
1995-05-31,0.0,0.0,-0.6248760743046704,0.5347342778962729,growth_up_inflation_up,growth_down_inflation_up,stagflation_pressure,0.14495129402511792,3,stagflation_pressure,rule_based
1995-06-30,0.0,0.0,-1.0298182608244335,0.4366749273341718,growth_up_inflation_up,growth_down_inflation_up,stagflation_pressure,0.18331164851982568,3,stagflation_pressure,rule_based
1995-07-31,0.0,0.0,-0.8631974814614941,0.084219595191469,growth_up_inflation_up,growth_down_inflation_up,stagflation_pressure,0.1184271345816204,3,stagflation_pressure,rule_based
1995-08-31,0.0,0.0,-0.8784968723051397,-0.202358767308964,growth_up_inflation_up,growth_down_inflation_up,stagflation_pressure,0.13510695495176298,3,stagflation_pressure,rule_based
1995-09-30,0.0,0.0,-1.145649314354495,-0.6257714124954392,growth_up_inflation_up,growth_down_inflation_down,disinflationary_slowdown,0.22142759085624178,0,disinflationary_slowdown,rule_based
1995-10-31,0.0,0.0,-1.1617053267208268,-0.9060756823520236,growth_up_inflation_up,growth_down_inflation_down,disinflationary_slowdown,0.2584726261341063,0,disinflationary_slowdown,rule_based
1995-11-30,0.0,0.0,-0.8707529346620808,-1.156107860951911,growth_up_inflation_up,growth_down_inflation_down,disinflationary_slowdown,0.25335759945174896,0,disinflationary_slowdown,rule_based
1995-12-31,0.0,0.0,-0.9524112455657638,-1.368692423390092,growth_up_inflation_up,growth_down_inflation_down,disinflationary_slowdown,0.290137958619482,0,disinflationary_slowdown,rule_based
1996-01-31,0.0,0.0,-0.4443524759424955,-1.5987000733091292,growth_up_inflation_up,growth_down_inflation_down,disinflationary_slowdown,0.2553815686564531,0,disinflationary_slowdown,rule_based
1996-02-29,0.0,0.0,-0.1462496803860995,-1.7780527390498873,growth_up_inflation_up,growth_down_inflation_down,disinflationary_slowdown,0.24053780242949835,0,disinflationary_slowdown,rule_based
1996-03-31,0.0,0.0,-0.9412919891529834,-1.6933609668163268,growth_up_inflation_up,growth_down_inflation_down,disinflationary_slowdown,0.32933161949616374,0,disinflationary_slowdown,rule_based
1996-04-30,0.0,0.0,-0.8906674016497653,-1.5624889163674611,growth_up_inflation_up,growth_down_inflation_down,disinflationary_slowdown,0.30664453975215333,0,disinflationary_slowdown,rule_based
1996-05-31,0.0,0.0,-0.5779307957723638,-1.536154609346883,growth_up_inflation_up,growth_down_inflation_down,disinflationary_slowdown,0.26426067563990585,0,disinflationary_slowdown,rule_based
1996-06-30,0.0,0.0,-0.6471247802063937,-1.60328284561794,growth_up_inflation_up,growth_down_inflation_down,disinflationary_slowdown,0.2813009532280417,0,disinflationary_slowdown,rule_based
1996-07-31,0.0,0.0,-0.4737218504304679,-1.4736495085589008,growth_up_inflation_up,growth_down_inflation_down,disinflationary_slowdown,0.24342141987367108,0,disinflationary_slowdown,rule_based
1996-08-31,0.0,0.0,-0.7407522733587473,-1.433825844322285,growth_up_inflation_up,growth_down_inflation_down,disinflationary_slowdown,0.27182226471012905,0,disinflationary_slowdown,rule_based
1996-09-30,0.0,0.0,-0.9974446209844272,-1.3615090089521813,growth_up_inflation_up,growth_down_inflation_down,disinflationary_slowdown,0.29486920374207604,0,disinflationary_slowdown,rule_based
1996-10-31,0.0,0.0,-0.3838466812046442,-1.3828276800828598,growth_up_inflation_up,growth_down_inflation_down,disinflationary_slowdown,0.220834295160938,0,disinflationary_slowdown,rule_based
1996-11-30,0.0,0.0,-0.4605012939341132,-1.3635168887810296,growth_up_inflation_up,growth_down_inflation_down,disinflationary_slowdown,0.22800227283939284,0,disinflationary_slowdown,rule_based
1996-12-31,0.0,0.0,-0.4261070874472201,-1.3096457938945063,growth_up_inflation_up,growth_down_inflation_down,disinflationary_slowdown,0.2169691101677158,0,disinflationary_slowdown,rule_based
1997-01-31,0.0,0.0,-0.2638579127423716,-1.1883906925139138,growth_up_inflation_up,growth_down_inflation_down,disinflationary_slowdown,0.1815310756570357,0,disinflationary_slowdown,rule_based
1997-02-28,0.0,0.0,-1.0011080720097925,-1.2165050616271047,growth_up_inflation_up,growth_down_inflation_down,disinflationary_slowdown,0.27720164170461215,0,disinflationary_slowdown,rule_based
1997-03-31,0.0,0.0,-1.1134705901226944,-1.1412137741353454,growth_up_inflation_up,growth_down_inflation_down,disinflationary_slowdown,0.281835545532255,0,disinflationary_slowdown,rule_based
1997-04-30,0.0,0.0,-0.3477994592623018,-1.1692057842509183,growth_up_inflation_up,growth_down_inflation_down,disinflationary_slowdown,0.1896256554391525,0,disinflationary_slowdown,rule_based
1997-05-31,0.0,0.0,-0.6979883937179708,-1.1909249841276994,growth_up_inflation_up,growth_down_inflation_down,disinflationary_slowdown,0.2361141722307088,0,disinflationary_slowdown,rule_based
1997-06-30,0.0,0.0,-0.6600991909152409,-1.1515313683422166,growth_up_inflation_up,growth_down_inflation_down,disinflationary_slowdown,0.2264538199071822,0,disinflationary_slowdown,rule_based
1997-07-31,0.0,0.0,-0.5890960544028433,-1.140256356170373,growth_up_inflation_up,growth_down_inflation_down,disinflationary_slowdown,0.21616905132165204,0,disinflationary_slowdown,rule_based
1997-08-31,0.0,0.0,-1.3884952578942296,-1.111152273484685,growth_up_inflation_up,growth_down_inflation_down,disinflationary_slowdown,0.3124559414223643,0,disinflationary_slowdown,rule_based
1997-09-30,0.0,0.0,-0.849910441454415,-1.1388181354054645,growth_up_inflation_up,growth_down_inflation_down,disinflationary_slowdown,0.24859107210748493,0,disinflationary_slowdown,rule_based
1997-10-31,0.0,0.0,-0.7616237263027648,-1.1121604676685737,growth_up_inflation_up,growth_down_inflation_down,disinflationary_slowdown,0.2342230242464173,0,disinflationary_slowdown,rule_based
1997-11-30,0.0,0.0,-0.5316976214631068,-1.086825703681582,growth_up_inflation_up,growth_down_inflation_down,disinflationary_slowdown,0.2023154156430861,0,disinflationary_slowdown,rule_based
1997-12-31,0.0,0.0,-0.639857279751116,-1.057367961474602,growth_up_inflation_up,growth_down_inflation_down,disinflationary_slowdown,0.21215315515321476,0,disinflationary_slowdown,rule_based
1998-01-31,0.0,0.0,-1.8429961340708996,-1.1078778645648297,growth_up_inflation_up,growth_down_inflation_down,disinflationary_slowdown,0.36885924982946616,0,disinflationary_slowdown,rule_based
1998-02-28,0.0,0.0,-4.082328549019451,-1.1253003657454306,growth_up_inflation_up,growth_down_inflation_down,disinflationary_slowdown,0.6509536143456102,0,disinflationary_slowdown,rule_based
1998-03-31,0.0,0.0,-1.0474993755545596,-1.2485797159871894,growth_up_inflation_up,growth_down_inflation_down,disinflationary_slowdown,0.28700988644271863,0,disinflationary_slowdown,rule_based
1998-04-30,0.0,0.0,-1.185236615603352,-1.202944798093387,growth_up_inflation_up,growth_down_inflation_down,disinflationary_slowdown,0.29852267671209237,0,disinflationary_slowdown,rule_based
1998-05-31,0.0,0.0,-1.7715584340925938,-1.3023025942981374,growth_up_inflation_up,growth_down_inflation_down,disinflationary_slowdown,0.38423262854884144,0,disinflationary_slowdown,rule_based
1998-06-30,0.0,0.0,-1.3718444170773796,-1.410031493949004,growth_up_inflation_up,growth_down_inflation_down,disinflationary_slowdown,0.34773448887829794,0,disinflationary_slowdown,rule_based
1998-07-31,0.0,0.0,-1.3259647723077237,-1.4356525300215823,growth_up_inflation_up,growth_down_inflation_down,disinflationary_slowdown,0.3452021627911632,0,disinflationary_slowdown,rule_based
1998-08-31,0.0,0.0,-1.3511265666577648,-1.4206482480337423,growth_up_inflation_up,growth_down_inflation_down,disinflationary_slowdown,0.34647185183643836,0,disinflationary_slowdown,rule_based
1998-09-30,0.0,0.0,-1.1773426083778342,-1.429929142162798,growth_up_inflation_up,growth_down_inflation_down,disinflationary_slowdown,0.325908968817579,0,disinflationary_slowdown,rule_based
1998-10-31,0.0,0.0,-0.3386937290225264,-1.2685397085693741,growth_up_inflation_up,growth_down_inflation_down,disinflationary_slowdown,0.20090417969898758,0,disinflationary_slowdown,rule_based
1998-11-30,0.0,0.0,-0.1732713971346985,-1.3374111990192552,growth_up_inflation_up,growth_down_inflation_down,disinflationary_slowdown,0.1888353245192442,0,disinflationary_slowdown,rule_based
1998-12-31,0.0,0.0,-0.0180640499660163,-1.3657951948108793,growth_up_inflation_up,growth_down_inflation_down,disinflationary_slowdown,0.17298240559711195,0,disinflationary_slowdown,rule_based
1999-01-31,0.0,0.0,0.2024175290379969,-1.265953201083687,growth_up_inflation_up,growth_down_inflation_down,disinflationary_slowdown,0.18354634126521047,0,disinflationary_slowdown,rule_based
1999-02-28,0.0,0.0,2.5086086399258964,-1.1897360030560775,growth_up_inflation_up,growth_up_inflation_down,global_easing_growth,0.46229308037274675,1,global_easing_growth,rule_based
1999-03-31,0.0,0.0,-2.757439284445136,-1.1761996665615178,growth_up_inflation_up,growth_up_inflation_down,global_easing_growth,0.49170486887583176,1,global_easing_growth,rule_based
1999-04-30,0.0,0.0,-0.5170148870486513,-1.1428073818042814,growth_up_inflation_up,growth_down_inflation_down,disinflationary_slowdown,0.2074777836066166,0,disinflationary_slowdown,rule_based
1999-05-31,0.0,0.0,-0.4492256500713016,-1.020129999517195,growth_up_inflation_up,growth_down_inflation_down,disinflationary_slowdown,0.1836694561985621,0,disinflationary_slowdown,rule_based
1999-06-30,0.0,0.0,-0.4797055937318858,-0.8783017305487255,growth_up_inflation_up,growth_down_inflation_down,disinflationary_slowdown,0.16975091553507643,0,disinflationary_slowdown,rule_based
1999-07-31,0.0,0.0,-0.3780454248603256,-0.861638126801693,growth_up_inflation_up,growth_down_inflation_down,disinflationary_slowdown,0.15496044395775233,0,disinflationary_slowdown,rule_based
1999-08-31,0.0,0.0,-0.2863623565698827,-0.4863595796819392,growth_up_inflation_up,growth_down_inflation_down,disinflationary_slowdown,0.09659024203147773,0,disinflationary_slowdown,rule_based
1999-09-30,0.0,0.0,-0.2093748720164653,-0.38631718437795426,growth_up_inflation_up,growth_down_inflation_down,disinflationary_slowdown,0.07446150704930245,0,disinflationary_slowdown,rule_based
1999-10-31,0.0,0.0,-0.6015172042432317,-0.21817201758689592,growth_up_inflation_up,growth_down_inflation_down,disinflationary_slowdown,0.10246115272876596,0,disinflationary_slowdown,rule_based
1999-11-30,0.0,0.0,-0.954063335079469,0.17785692484406615,growth_up_inflation_up,growth_down_inflation_down,disinflationary_slowdown,0.1414900324904419,0,disinflationary_slowdown,rule_based
1999-12-31,0.0,0.0,-0.7053988892199826,0.07972817925001285,growth_up_inflation_up,growth_down_inflation_up,stagflation_pressure,0.09814088355874943,3,stagflation_pressure,rule_based
2000-01-31,0.0,0.0,-0.730424500674382,0.13797813780606183,growth_up_inflation_up,growth_down_inflation_up,stagflation_pressure,0.10855032981005548,3,stagflation_pressure,rule_based
2000-02-29,0.0,0.0,-0.1837453444041488,0.5525472335665378,growth_up_inflation_up,growth_down_inflation_up,stagflation_pressure,0.09203657224633582,3,stagflation_pressure,rule_based
2000-03-31,0.0,0.0,0.8938648469591832,1.079989263168086,growth_up_inflation_up,growth_down_inflation_up,stagflation_pressure,0.24673176376590866,3,stagflation_pressure,rule_based
2000-04-30,0.0,0.0,0.8909236319764228,1.0225140778838897,growth_up_inflation_up,growth_up_inflation_up,reflation,0.23917971373253905,2,reflation,rule_based
2000-05-31,0.0,0.0,0.7194957183067916,1.1061656838776583,growth_up_inflation_up,growth_up_inflation_up,reflation,0.22820767527305624,2,reflation,rule_based
2000-06-30,0.0,0.0,0.7621307747144631,1.2004987003112022,growth_up_inflation_up,growth_up_inflation_up,reflation,0.24532868437820815,2,reflation,rule_based
2000-07-31,0.0,0.0,1.0131238480336728,1.430809714466657,growth_up_inflation_up,growth_up_inflation_up,reflation,0.3054916953125412,2,reflation,rule_based
2000-08-31,0.0,0.0,1.1640182529818015,1.6600333299279135,growth_up_inflation_up,growth_up_inflation_up,reflation,0.3530064478637144,2,reflation,rule_based
2000-09-30,0.0,0.0,1.1276946162077737,1.418938657467031,growth_up_inflation_up,growth_up_inflation_up,reflation,0.31832915920935057,2,reflation,rule_based
2000-10-31,0.0,0.0,0.8345800078168698,1.219070801433901,growth_up_inflation_up,growth_up_inflation_up,reflation,0.2567063511563463,2,reflation,rule_based
2000-11-30,0.0,0.0,0.632022664150763,1.1933230073866996,growth_up_inflation_up,growth_up_inflation_up,reflation,0.22816820894218282,2,reflation,rule_based
2000-12-31,0.0,0.0,0.3653033803172834,1.8448695003475593,growth_up_inflation_up,growth_up_inflation_up,reflation,0.2762716100831053,2,reflation,rule_based
2001-01-31,0.0,0.0,0.2834224130705683,1.7366943702043607,growth_up_inflation_up,growth_up_inflation_up,reflation,0.25251459790936615,2,reflation,rule_based
2001-02-28,0.0,0.0,-2.586036350655056,1.3104035581043187,growth_up_inflation_up,growth_up_inflation_up,reflation,0.48705498859492186,2,reflation,rule_based
2001-03-31,0.0,0.0,2.828631663936255,0.6143494709089385,growth_up_inflation_up,growth_up_inflation_up,reflation,0.43037264185564916,2,reflation,rule_based
2001-04-30,0.0,0.0,0.6614157174449287,0.8973592098279843,growth_up_inflation_up,growth_up_inflation_up,reflation,0.19484686590911413,2,reflation,rule_based
2001-05-31,0.0,0.0,0.4432393697554594,1.1507797179068515,growth_up_inflation_up,growth_up_inflation_up,reflation,0.19925238595778888,2,reflation,rule_based
2001-06-30,0.0,0.0,0.0208228780395086,1.0781802556358016,growth_up_inflation_up,growth_up_inflation_up,reflation,0.13737539170941376,2,reflation,rule_based
2001-07-31,0.0,0.0,-0.0297119003455174,0.8122030940595815,growth_up_inflation_up,growth_up_inflation_up,reflation,0.10523937430063736,2,reflation,rule_based
2001-08-31,0.0,0.0,-0.6654906362010831,0.6780644135707622,growth_up_inflation_up,growth_down_inflation_up,stagflation_pressure,0.16794438122148064,3,stagflation_pressure,rule_based
2001-09-30,0.0,0.0,-0.6680857920682004,0.30501524907464017,growth_up_inflation_up,growth_down_inflation_up,stagflation_pressure,0.12163763014285507,3,stagflation_pressure,rule_based
2001-10-31,0.0,0.0,-0.2193211596666556,-0.3311144679460446,growth_up_inflation_up,growth_down_inflation_up,stagflation_pressure,0.06880445345158753,3,stagflation_pressure,rule_based
2001-11-30,0.0,0.0,-0.4235869501456969,-0.2702816293362367,growth_up_inflation_up,growth_down_inflation_down,disinflationary_slowdown,0.0867335724352417,0,disinflationary_slowdown,rule_based
2001-12-31,0.0,0.0,-0.6761532278721188,-0.6233168504368528,growth_up_inflation_up,growth_down_inflation_down,disinflationary_slowdown,0.16243375978862146,0,disinflationary_slowdown,rule_based
2002-01-31,0.0,0.0,-0.4014208105745557,-0.7032303408224321,growth_up_inflation_up,growth_down_inflation_down,disinflationary_slowdown,0.13808139392462349,0,disinflationary_slowdown,rule_based
2002-02-28,0.0,0.0,2.6531514255849475,-1.0624925100126084,growth_up_inflation_up,growth_down_inflation_down,disinflationary_slowdown,0.4644554919496945,0,disinflationary_slowdown,rule_based
2002-03-31,0.0,0.0,-2.2857887667222947,-0.643894674399468,growth_up_inflation_up,growth_down_inflation_down,disinflationary_slowdown,0.36621043014022037,0,disinflationary_slowdown,rule_based
2002-04-30,0.0,0.0,0.2596006273917743,-1.0013626373701319,growth_up_inflation_up,growth_up_inflation_down,global_easing_growth,0.15762040809523828,1,global_easing_growth,rule_based
2002-05-31,0.0,0.0,0.6061524257061284,-1.1164793657563257,growth_up_inflation_up,growth_up_inflation_down,global_easing_growth,0.21532897393280676,1,global_easing_growth,rule_based
2002-06-30,0.0,0.0,0.8143828635786456,-0.9790109908041074,growth_up_inflation_up,growth_up_inflation_down,global_easing_growth,0.22417423179784413,1,global_easing_growth,rule_based
2002-07-31,0.0,0.0,0.6291097012900242,-0.8635486468098219,growth_up_inflation_up,growth_up_inflation_down,global_easing_growth,0.18658229351248076,1,global_easing_growth,rule_based
2002-08-31,0.0,0.0,0.7179025844447771,-0.9008175772293072,growth_up_inflation_up,growth_up_inflation_down,global_easing_growth,0.20234002020926053,1,global_easing_growth,rule_based
2002-09-30,0.0,0.0,0.6567534031115712,-0.7018006564107842,growth_up_inflation_up,growth_up_inflation_down,global_easing_growth,0.1698192574402944,1,global_easing_growth,rule_based
2002-10-31,0.0,0.0,0.9388576385373952,-0.6531260007501558,growth_up_inflation_up,growth_up_inflation_down,global_easing_growth,0.19899795491094388,1,global_easing_growth,rule_based
2002-11-30,0.0,0.0,1.0031080186401526,-0.6272348165524,growth_up_inflation_up,growth_up_inflation_down,global_easing_growth,0.20379285439906908,1,global_easing_growth,rule_based
2002-12-31,0.0,0.0,1.034939464212871,-0.4673088716200656,growth_up_inflation_up,growth_up_inflation_down,global_easing_growth,0.1877810419791171,1,global_easing_growth,rule_based
2003-01-31,0.0,0.0,1.0940211461253089,-0.16729876465526053,growth_up_inflation_up,growth_up_inflation_down,global_easing_growth,0.15766498884757119,1,global_easing_growth,rule_based
2003-02-28,0.0,0.0,1.0065487646645332,0.6430485841572646,growth_up_inflation_up,growth_up_inflation_down,global_easing_growth,0.20619966860272473,1,global_easing_growth,rule_based
2003-03-31,0.0,0.0,2.2584587883770992,0.7772864969615183,growth_up_inflation_up,growth_up_inflation_up,reflation,0.3794681606673272,2,reflation,rule_based
2003-04-30,0.0,0.0,1.3737878625084543,1.2496315103404259,growth_up_inflation_up,growth_up_inflation_up,reflation,0.32792742160611,2,reflation,rule_based
2003-05-31,0.0,0.0,0.7995391590180208,1.0961951365597846,growth_up_inflation_up,growth_up_inflation_up,reflation,0.23696678694722567,2,reflation,rule_based
2003-06-30,0.0,0.0,0.4605148949689975,0.6414861727472192,growth_up_inflation_up,growth_up_inflation_up,reflation,0.13775013346452708,2,reflation,rule_based
2003-07-31,0.0,0.0,1.2502709354654806,0.3070868933456548,growth_up_inflation_up,growth_up_inflation_up,reflation,0.19466972860139192,2,reflation,rule_based
2003-08-31,0.0,0.0,1.0996246396005405,0.4633958296854269,growth_up_inflation_up,growth_up_inflation_up,reflation,0.1953775586607459,2,reflation,rule_based
2003-09-30,0.0,0.0,1.1971325108067312,0.6993059027519888,growth_up_inflation_up,growth_up_inflation_up,reflation,0.23705480169484,2,reflation,rule_based
2003-10-31,0.0,0.0,0.9535796452181672,0.8089627188595934,growth_up_inflation_up,growth_up_inflation_up,reflation,0.22031779550972008,2,reflation,rule_based
2003-11-30,0.0,0.0,1.1165481428204482,1.1216240882738404,growth_up_inflation_up,growth_up_inflation_up,reflation,0.2797715288867861,2,reflation,rule_based
2003-12-31,0.0,0.0,1.214599108534688,1.7683929422708675,growth_up_inflation_up,growth_up_inflation_up,reflation,0.37287400635069445,2,reflation,rule_based
2004-01-31,0.0,0.0,1.191557048742174,1.9490577506296978,growth_up_inflation_up,growth_up_inflation_up,reflation,0.392576849921484,2,reflation,rule_based
2004-02-29,0.0,0.0,-1.4994829274638772,1.9012085350346952,growth_up_inflation_up,growth_up_inflation_up,reflation,0.42508643281232156,2,reflation,rule_based
2004-03-31,0.0,0.0,2.3587267242384637,1.3699809515361216,growth_up_inflation_up,growth_up_inflation_up,reflation,0.4660884594718232,2,reflation,rule_based
2004-04-30,0.0,0.0,1.3694323331475364,1.689013942661533,growth_up_inflation_up,growth_up_inflation_up,reflation,0.38230578447613367,2,reflation,rule_based
2004-05-31,0.0,0.0,1.2269888652432337,2.0197580582335393,growth_up_inflation_up,growth_up_inflation_up,reflation,0.40584336543459665,2,reflation,rule_based
2004-06-30,0.0,0.0,0.8174929889747758,2.1410487829790075,growth_up_inflation_up,growth_up_inflation_up,reflation,0.36981772149422293,2,reflation,rule_based
2004-07-31,0.0,0.0,0.487962270757966,2.204919291880594,growth_up_inflation_up,growth_up_inflation_up,reflation,0.33661019532982,2,reflation,rule_based
2004-08-31,0.0,0.0,0.2887422759791006,2.0774135857898237,growth_up_inflation_up,growth_up_inflation_up,reflation,0.29576948272111553,2,reflation,rule_based
2004-09-30,0.0,0.0,0.3418848364652919,1.9518608711525065,growth_up_inflation_up,growth_up_inflation_up,reflation,0.2867182134522248,2,reflation,rule_based
2004-10-31,0.0,0.0,0.3529013561585642,1.914915479664692,growth_up_inflation_up,growth_up_inflation_up,reflation,0.283477104477907,2,reflation,rule_based
2004-11-30,0.0,0.0,0.2134865532246816,1.6455390819425493,growth_up_inflation_up,growth_up_inflation_up,reflation,0.23237820439590387,2,reflation,rule_based
2004-12-31,0.0,0.0,-0.0675129577781303,1.2019535335162506,growth_up_inflation_up,growth_up_inflation_up,reflation,0.15868331141179762,2,reflation,rule_based
2005-01-31,0.0,0.0,-0.226254454197172,0.9010669852560881,growth_up_inflation_up,growth_down_inflation_up,stagflation_pressure,0.1409151799316575,3,stagflation_pressure,rule_based
2005-02-28,0.0,0.0,1.5341040404981103,0.5696379127061293,growth_up_inflation_up,growth_down_inflation_up,stagflation_pressure,0.2629677441505299,3,stagflation_pressure,rule_based
2005-03-31,0.0,0.0,-2.4002782002049594,0.9620216743778138,growth_up_inflation_up,growth_down_inflation_up,stagflation_pressure,0.4202874843228467,3,stagflation_pressure,rule_based
2005-04-30,0.0,0.0,-0.1352921772916734,0.6448616509117366,growth_up_inflation_up,growth_down_inflation_up,stagflation_pressure,0.09751922852542626,3,stagflation_pressure,rule_based
2005-05-31,0.0,0.0,0.1171030490502322,0.41717280588394196,growth_up_inflation_up,growth_down_inflation_up,stagflation_pressure,0.06678448186677177,3,stagflation_pressure,rule_based
2005-06-30,0.0,0.0,0.2800028512069226,0.3910069941894907,growth_up_inflation_up,growth_up_inflation_up,reflation,0.08387623067455166,2,reflation,rule_based
2005-07-31,0.0,0.0,0.3102826865173754,0.1860108564211359,growth_up_inflation_up,growth_up_inflation_up,reflation,0.06203669286731391,2,reflation,rule_based
2005-08-31,0.0,0.0,0.0494005915231455,0.19593366929821776,growth_up_inflation_up,growth_up_inflation_up,reflation,0.030666782602670407,2,reflation,rule_based
2005-09-30,0.0,0.0,-0.0151814550083872,0.03531959773066376,growth_up_inflation_up,growth_up_inflation_up,reflation,0.0063126315923813705,2,reflation,rule_based
2005-10-31,0.0,0.0,0.1310955377247758,-0.279614759502487,growth_up_inflation_up,growth_up_inflation_up,reflation,0.05133878715340785,2,reflation,rule_based
2005-11-30,0.0,0.0,-0.025040604839871,-0.3549512456970177,growth_up_inflation_up,growth_down_inflation_up,stagflation_pressure,0.04749898131711108,3,stagflation_pressure,rule_based
2005-12-31,0.0,0.0,0.1286984139790951,-0.5670504777245242,growth_up_inflation_up,growth_up_inflation_down,global_easing_growth,0.08696861146295241,1,global_easing_growth,rule_based
2006-01-31,0.0,0.0,0.0802225219985199,-0.5314408200863769,growth_up_inflation_up,growth_up_inflation_down,global_easing_growth,0.0764579177606121,1,global_easing_growth,rule_based
2006-02-28,0.0,0.0,-0.9728121792173172,-0.5060832371399587,growth_up_inflation_up,growth_up_inflation_down,global_easing_growth,0.18486192704465948,1,global_easing_growth,rule_based
2006-03-31,0.0,0.0,0.19622043303072423,-0.8447808717118916,growth_up_inflation_up,growth_up_inflation_down,global_easing_growth,0.13012516309282698,1,global_easing_growth,rule_based
2006-04-30,0.0,0.0,0.6056814757705464,-0.9791854867850305,growth_up_inflation_up,growth_up_inflation_down,global_easing_growth,0.1981083703194471,1,global_easing_growth,rule_based
2006-05-31,0.0,0.0,0.9593156817826024,-0.9706744403257577,growth_up_inflation_up,growth_up_inflation_down,global_easing_growth,0.241248765263545,1,global_easing_growth,rule_based
2006-06-30,0.0,0.0,0.37687153871517387,-0.8000943257665388,growth_up_inflation_up,growth_up_inflation_down,global_easing_growth,0.1471207330602141,1,global_easing_growth,rule_based
2006-07-31,0.0,0.0,0.46445927610222487,-0.5433200621696013,growth_up_inflation_up,growth_up_inflation_down,global_easing_growth,0.12597241728397826,1,global_easing_growth,rule_based
2006-08-31,0.0,0.0,-0.42321504825160217,-0.7268150487867057,growth_up_inflation_up,growth_up_inflation_down,global_easing_growth,0.14375376212978846,1,global_easing_growth,rule_based
2006-09-30,0.0,0.0,-0.40201666594612584,-0.7011602399415376,growth_up_inflation_up,growth_down_inflation_down,disinflationary_slowdown,0.13789711323595794,0,disinflationary_slowdown,rule_based
2006-10-31,0.0,0.0,0.6201203410054474,-0.661177376888582,growth_up_inflation_up,growth_down_inflation_down,disinflationary_slowdown,0.16016221473675368,0,disinflationary_slowdown,rule_based
2006-11-30,0.0,0.0,-0.18685266700360842,-0.8574565469297106,growth_up_inflation_up,growth_down_inflation_down,disinflationary_slowdown,0.13053865174166487,0,disinflationary_slowdown,rule_based
2006-12-31,0.0,0.0,0.008831330017925354,-0.7121715073201094,growth_up_inflation_up,growth_up_inflation_down,global_easing_growth,0.09012535466725434,1,global_easing_growth,rule_based
2007-01-31,0.0,0.0,-0.14250486861778391,-0.3272124099294506,growth_up_inflation_up,growth_down_inflation_down,disinflationary_slowdown,0.05871465981840432,0,disinflationary_slowdown,rule_based
2007-02-28,0.0,0.0,0.410901931168465,-0.4452088571426073,growth_up_inflation_up,growth_up_inflation_down,global_easing_growth,0.10701384853888404,1,global_easing_growth,rule_based
2007-03-31,0.0,0.0,-1.1206014423198787,-0.4557969890384065,growth_up_inflation_up,growth_down_inflation_down,disinflationary_slowdown,0.19704980391978566,0,disinflationary_slowdown,rule_based
2007-04-30,0.0,0.0,0.7878047551418594,-0.22388130637048548,growth_up_inflation_up,growth_up_inflation_down,global_easing_growth,0.1264607576890431,1,global_easing_growth,rule_based
2007-05-31,0.0,0.0,1.3276485222857421,-0.21683792749172281,growth_up_inflation_up,growth_up_inflation_down,global_easing_growth,0.19306080622218313,1,global_easing_growth,rule_based
2007-06-30,0.0,0.0,0.7308423192894353,-0.054076637187815524,growth_up_inflation_up,growth_up_inflation_down,global_easing_growth,0.09811486955965636,1,global_easing_growth,rule_based
2007-07-31,0.0,0.0,0.6711456655665274,0.2908591738134457,growth_up_inflation_up,growth_up_inflation_down,global_easing_growth,0.12025060492249665,1,global_easing_growth,rule_based
2007-08-31,0.0,0.0,0.038283505057234046,0.7288179771357092,growth_up_inflation_up,growth_up_inflation_up,reflation,0.0958876852741179,2,reflation,rule_based
2007-09-30,0.0,0.0,0.10714150604633615,1.036786719803641,growth_up_inflation_up,growth_up_inflation_up,reflation,0.14299102823124712,2,reflation,rule_based
2007-10-31,0.0,0.0,0.939292530613497,0.9072154095048459,growth_up_inflation_up,growth_up_inflation_up,reflation,0.23081349251479288,2,reflation,rule_based
2007-11-30,0.0,0.0,-0.06665220053975157,1.0552935398090755,growth_up_inflation_up,growth_up_inflation_up,reflation,0.1402432175436034,2,reflation,rule_based
2007-12-31,0.0,0.0,0.3882659168074426,1.5644854222817335,growth_up_inflation_up,growth_up_inflation_up,reflation,0.244093917386147,2,reflation,rule_based
2008-01-31,0.0,0.0,0.3616376223070056,1.7290238776642846,growth_up_inflation_up,growth_up_inflation_up,reflation,0.26133268749641125,2,reflation,rule_based
2008-02-29,0.0,0.0,-0.8334160164693897,2.047923715184583,growth_up_inflation_up,growth_up_inflation_up,reflation,0.3601674664567466,2,reflation,rule_based
2008-03-31,0.0,0.0,-0.7476841413088928,2.406157759530074,growth_up_inflation_up,growth_down_inflation_up,stagflation_pressure,0.39423023760487086,3,stagflation_pressure,rule_based
2008-04-30,0.0,0.0,1.3589753083988472,2.542547203888283,growth_up_inflation_up,growth_down_inflation_up,stagflation_pressure,0.48769031403589125,3,stagflation_pressure,rule_based
2008-05-31,0.0,0.0,0.7941905796404124,2.3666937324288266,growth_up_inflation_up,growth_up_inflation_up,reflation,0.3951105390086549,2,reflation,rule_based
2008-06-30,0.0,0.0,-0.6007177591060722,2.0601423014388933,growth_up_inflation_up,growth_up_inflation_up,reflation,0.3326075075681207,2,reflation,rule_based
2008-07-31,0.0,0.0,-0.9286683602425034,1.9220166390648354,growth_up_inflation_up,growth_down_inflation_up,stagflation_pressure,0.35633562491341736,3,stagflation_pressure,rule_based
2008-08-31,0.0,0.0,-2.0874233386862153,1.8530052736100657,growth_up_inflation_up,growth_down_inflation_up,stagflation_pressure,0.49255357653703513,3,stagflation_pressure,rule_based
2008-09-30,0.0,0.0,-2.4005381605745124,1.4436561214028005,growth_up_inflation_up,growth_down_inflation_up,stagflation_pressure,0.4805242852471641,3,stagflation_pressure,rule_based
2008-10-31,0.0,0.0,-1.9507073624689086,1.074575431545893,growth_up_inflation_up,growth_down_inflation_up,stagflation_pressure,0.3781603492518502,3,stagflation_pressure,rule_based
2008-11-30,0.0,0.0,-3.286651598033851,0.42109933657953624,growth_up_inflation_up,growth_down_inflation_up,stagflation_pressure,0.4634688668266734,3,stagflation_pressure,rule_based
2008-12-31,0.0,0.0,-3.6313287175473086,-0.8060896530824364,growth_up_inflation_up,growth_down_inflation_up,stagflation_pressure,0.5546772963287181,3,stagflation_pressure,rule_based
2009-01-31,0.0,0.0,-2.770983255727763,-1.5630060848987049,growth_up_inflation_up,growth_down_inflation_down,disinflationary_slowdown,0.5417486675783085,0,disinflationary_slowdown,rule_based
2009-02-28,0.0,0.0,-1.698398689227756,-1.8510522043473119,growth_up_inflation_up,growth_down_inflation_down,disinflationary_slowdown,0.4436813616968835,0,disinflationary_slowdown,rule_based
2009-03-31,0.0,0.0,-1.0407802415609244,-2.3006226679181525,growth_up_inflation_up,growth_down_inflation_down,disinflationary_slowdown,0.4176753636848846,0,disinflationary_slowdown,rule_based
2009-04-30,0.0,0.0,-0.9566690594465244,-2.2252822072336,growth_up_inflation_up,growth_down_inflation_down,disinflationary_slowdown,0.39774390833501555,0,disinflationary_slowdown,rule_based
2009-05-31,0.0,0.0,-0.8604348239862921,-2.1541608572565494,growth_up_inflation_up,growth_down_inflation_down,disinflationary_slowdown,0.3768244601553552,0,disinflationary_slowdown,rule_based
2009-06-30,0.0,0.0,-0.6478720718913438,-2.027498527348592,growth_up_inflation_up,growth_down_inflation_down,disinflationary_slowdown,0.334421324904992,0,disinflationary_slowdown,rule_based
2009-07-31,0.0,0.0,-0.38414295321293657,-1.9711187087176312,growth_up_inflation_up,growth_down_inflation_down,disinflationary_slowdown,0.29440770774132097,0,disinflationary_slowdown,rule_based
2009-08-31,0.0,0.0,-0.33904305838938337,-1.8806594189680195,growth_up_inflation_up,growth_down_inflation_down,disinflationary_slowdown,0.27746280966967535,0,disinflationary_slowdown,rule_based
2009-09-30,0.0,0.0,-0.06449740358278774,-1.6483587225286573,growth_up_inflation_up,growth_down_inflation_down,disinflationary_slowdown,0.21410701576393062,0,disinflationary_slowdown,rule_based
2009-10-31,0.0,0.0,0.1866810642242923,-1.4258185328516066,growth_up_inflation_up,growth_down_inflation_down,disinflationary_slowdown,0.20156244963448736,0,disinflationary_slowdown,rule_based
2009-11-30,0.0,0.0,0.5545476796163975,-1.2206361194926434,growth_up_inflation_up,growth_up_inflation_down,global_easing_growth,0.2218979748886301,1,global_easing_growth,rule_based
2009-12-31,0.0,0.0,0.9088729991881483,-0.7172079051537237,growth_up_inflation_up,growth_up_inflation_down,global_easing_growth,0.203260113042734,1,global_easing_growth,rule_based
2010-01-31,0.0,0.0,0.9497306265288665,-0.19315663109754294,growth_up_inflation_up,growth_up_inflation_down,global_easing_growth,0.1428609072033012,1,global_easing_growth,rule_based
2010-02-28,0.0,0.0,0.6853196502369245,-0.02620835670089164,growth_up_inflation_up,growth_up_inflation_down,global_easing_growth,0.08894100086722702,1,global_easing_growth,rule_based
2010-03-31,0.0,0.0,-0.24379507897740926,0.23382285653251472,growth_up_inflation_up,growth_up_inflation_down,global_easing_growth,0.0597022419387405,1,global_easing_growth,rule_based
2010-04-30,0.0,0.0,0.7352711648492329,0.22658916401324575,growth_up_inflation_up,growth_up_inflation_down,global_easing_growth,0.12023254110780984,1,global_easing_growth,rule_based
2010-05-31,0.0,0.0,0.7799689446930054,0.34851585788655476,growth_up_inflation_up,growth_up_inflation_up,reflation,0.14106060032244502,2,reflation,rule_based
2010-06-30,0.0,0.0,0.4352188134016335,0.40380177491865543,growth_up_inflation_up,growth_up_inflation_up,reflation,0.10487757354003611,2,reflation,rule_based
2010-07-31,0.0,0.0,-0.0793787575539755,0.3107645747694586,growth_up_inflation_up,growth_up_inflation_up,reflation,0.048767916540429265,2,reflation,rule_based
2010-08-31,0.0,0.0,-0.19676080658492845,0.23961407371690868,growth_up_inflation_up,growth_down_inflation_up,stagflation_pressure,0.05454686003772964,3,stagflation_pressure,rule_based
2010-09-30,0.0,0.0,-0.05575171247635355,0.2363648161736576,growth_up_inflation_up,growth_down_inflation_up,stagflation_pressure,0.03651456608125139,3,stagflation_pressure,rule_based
2010-10-31,0.0,0.0,0.13962684639403525,0.25898341969900346,growth_up_inflation_up,growth_down_inflation_up,stagflation_pressure,0.04982628326162984,3,stagflation_pressure,rule_based
2010-11-30,0.0,0.0,0.23034384291425639,0.4433337693489034,growth_up_inflation_up,growth_up_inflation_up,reflation,0.08420970153289498,2,reflation,rule_based
2010-12-31,0.0,0.0,0.33183240613489245,0.6478533810278032,growth_up_inflation_up,growth_up_inflation_up,reflation,0.12246072339533695,2,reflation,rule_based
2011-01-31,0.0,0.0,0.23042695916529934,0.5649163876984074,growth_up_inflation_up,growth_up_inflation_up,reflation,0.09941791835796333,2,reflation,rule_based
2011-02-28,0.0,0.0,0.1449750342087448,0.6834422769977297,growth_up_inflation_up,growth_up_inflation_up,reflation,0.10355216390080932,2,reflation,rule_based
2011-03-31,0.0,0.0,0.12540420242570555,0.7640041518567562,growth_up_inflation_up,growth_up_inflation_up,reflation,0.11117604428530772,2,reflation,rule_based
2011-04-30,0.0,0.0,0.40140996643923876,0.8911531968679879,growth_up_inflation_up,growth_up_inflation_up,reflation,0.16157039541340334,2,reflation,rule_based
2011-05-31,0.0,0.0,0.1793664973687775,0.8783959741502416,growth_up_inflation_up,growth_up_inflation_up,reflation,0.13222030893987738,2,reflation,rule_based
2011-06-30,0.0,0.0,0.0690091161423779,0.951857579676565,growth_up_inflation_up,growth_up_inflation_up,reflation,0.12760833697736787,2,reflation,rule_based
2011-07-31,0.0,0.0,0.2013060891645213,1.1674082316122225,growth_up_inflation_up,growth_up_inflation_up,reflation,0.17108929009709298,2,reflation,rule_based
2011-08-31,0.0,0.0,0.009859840379928764,1.2278028914219254,growth_up_inflation_up,growth_up_inflation_up,reflation,0.15470784147523178,2,reflation,rule_based
2011-09-30,0.0,0.0,-0.05129783321452125,1.148180318472181,growth_up_inflation_up,growth_up_inflation_up,reflation,0.1499347689608378,2,reflation,rule_based
2011-10-31,0.0,0.0,0.02062710577052279,1.052802594691219,growth_up_inflation_up,growth_up_inflation_up,reflation,0.1341787125577177,2,reflation,rule_based
2011-11-30,0.0,0.0,-0.2243774820848409,0.8025373886817184,growth_up_inflation_up,growth_down_inflation_up,stagflation_pressure,0.12836435884581993,3,stagflation_pressure,rule_based
2011-12-31,0.0,0.0,-0.734101076522843,0.35268324187382977,growth_up_inflation_up,growth_down_inflation_up,stagflation_pressure,0.1358480397995841,3,stagflation_pressure,rule_based
2012-01-31,0.0,0.0,-0.6607061376670922,0.2259817059475631,growth_up_inflation_up,growth_down_inflation_up,stagflation_pressure,0.1108359804518319,3,stagflation_pressure,rule_based
2012-02-29,0.0,0.0,-1.2003412326502296,0.18206205353686813,growth_up_inflation_up,growth_down_inflation_up,stagflation_pressure,0.17280041077338723,3,stagflation_pressure,rule_based
2012-03-31,0.0,0.0,-0.9112917272570662,-0.15314689510382423,growth_up_inflation_up,growth_down_inflation_up,stagflation_pressure,0.1330548277951113,3,stagflation_pressure,rule_based
2012-04-30,0.0,0.0,-0.2994361371931925,-0.147798362022604,growth_up_inflation_up,growth_down_inflation_down,disinflationary_slowdown,0.05590431240197456,0,disinflationary_slowdown,rule_based
2012-05-31,0.0,0.0,-0.8228541966310339,-0.2755737625937716,growth_up_inflation_up,growth_down_inflation_down,disinflationary_slowdown,0.13730349490310068,0,disinflationary_slowdown,rule_based
2012-06-30,0.0,0.0,-1.5236385818078362,-0.48808108458605465,growth_up_inflation_up,growth_down_inflation_down,disinflationary_slowdown,0.2514649582992364,0,disinflationary_slowdown,rule_based
2012-07-31,0.0,0.0,-1.5297366055191681,-0.8196643784422519,growth_up_inflation_up,growth_down_inflation_down,disinflationary_slowdown,0.2936751229951775,0,disinflationary_slowdown,rule_based
2012-08-31,0.0,0.0,-1.5413824861711438,-1.1132734351596216,growth_up_inflation_up,growth_down_inflation_down,disinflationary_slowdown,0.3318319901663457,0,disinflationary_slowdown,rule_based
2012-09-30,0.0,0.0,-1.7002617510005682,-1.2485405457154464,growth_up_inflation_up,growth_down_inflation_down,disinflationary_slowdown,0.3686002870895018,0,disinflationary_slowdown,rule_based
2012-10-31,0.0,0.0,-1.4000317362209702,-1.4028297651875694,growth_up_inflation_up,growth_down_inflation_down,disinflationary_slowdown,0.35035768767606745,0,disinflationary_slowdown,rule_based
2012-11-30,0.0,0.0,-1.1585728819122192,-1.4715826920662085,growth_up_inflation_up,growth_down_inflation_down,disinflationary_slowdown,0.32876944674730346,0,disinflationary_slowdown,rule_based
2012-12-31,0.0,0.0,-0.931594916170584,-1.3319171003547874,growth_up_inflation_up,growth_down_inflation_down,disinflationary_slowdown,0.2829390020656714,0,disinflationary_slowdown,rule_based
2013-01-31,0.0,0.0,-0.8590086216924671,-1.1067887706520818,growth_up_inflation_up,growth_down_inflation_down,disinflationary_slowdown,0.2457246740430686,0,disinflationary_slowdown,rule_based
2013-02-28,0.0,0.0,-0.7947847612443487,-1.216705783614736,growth_up_inflation_up,growth_down_inflation_down,disinflationary_slowdown,0.2514363181073856,0,disinflationary_slowdown,rule_based
2013-03-31,0.0,0.0,-1.0107526289443207,-0.7790802791200206,growth_up_inflation_up,growth_down_inflation_down,disinflationary_slowdown,0.22372911350804267,0,disinflationary_slowdown,rule_based
2013-04-30,0.0,0.0,-0.9517655619477984,-1.1554874797377668,growth_up_inflation_up,growth_down_inflation_down,disinflationary_slowdown,0.26340663021069566,0,disinflationary_slowdown,rule_based
2013-05-31,0.0,0.0,-0.9235466287358114,-1.0952191363150865,growth_up_inflation_up,growth_down_inflation_down,disinflationary_slowdown,0.25234572063136224,0,disinflationary_slowdown,rule_based
2013-06-30,0.0,0.0,-0.839798733139139,-1.179583587496472,growth_up_inflation_up,growth_down_inflation_down,disinflationary_slowdown,0.25242279007945134,0,disinflationary_slowdown,rule_based
2013-07-31,0.0,0.0,-1.0736369210830443,-0.91902960338258,growth_up_inflation_up,growth_down_inflation_down,disinflationary_slowdown,0.24908331555820304,0,disinflationary_slowdown,rule_based
2013-08-31,0.0,0.0,-0.7814404316997594,-0.8355513146267223,growth_up_inflation_up,growth_down_inflation_down,disinflationary_slowdown,0.2021239682908102,0,disinflationary_slowdown,rule_based
2013-09-30,0.0,0.0,-0.3632723285480144,-0.7521840169351035,growth_up_inflation_up,growth_down_inflation_down,disinflationary_slowdown,0.13943204318538974,0,disinflationary_slowdown,rule_based
2013-10-31,0.0,0.0,-0.3362436303642971,-0.5275778524551971,growth_up_inflation_up,growth_down_inflation_down,disinflationary_slowdown,0.10797768535243676,0,disinflationary_slowdown,rule_based
2013-11-30,0.0,0.0,-0.15496415867024924,-0.487886590159163,growth_up_inflation_up,growth_down_inflation_down,disinflationary_slowdown,0.08035634360367654,0,disinflationary_slowdown,rule_based
2013-12-31,0.0,0.0,-0.14794161747159992,-0.5040161889100264,growth_up_inflation_up,growth_down_inflation_down,disinflationary_slowdown,0.0814947257977033,0,disinflationary_slowdown,rule_based
2014-01-31,0.0,0.0,-0.3314242798743021,-0.6303319275261277,growth_up_inflation_up,growth_down_inflation_down,disinflationary_slowdown,0.12021952592505372,0,disinflationary_slowdown,rule_based
2014-02-28,0.0,0.0,-0.3910557477656037,-0.6139120365668902,growth_up_inflation_up,growth_down_inflation_down,disinflationary_slowdown,0.12562097304156172,0,disinflationary_slowdown,rule_based
2014-03-31,0.0,0.0,-0.9065159812862635,-0.784221909684562,growth_up_inflation_up,growth_down_inflation_down,disinflationary_slowdown,0.2113422363713532,0,disinflationary_slowdown,rule_based
2014-04-30,0.0,0.0,-0.7664544411228285,-0.6490061439272604,growth_up_inflation_up,growth_down_inflation_down,disinflationary_slowdown,0.1769325731312611,0,disinflationary_slowdown,rule_based
2014-05-31,0.0,0.0,-0.6850526318083651,-0.7635002162771976,growth_up_inflation_up,growth_down_inflation_down,disinflationary_slowdown,0.1810691060106953,0,disinflationary_slowdown,rule_based
2014-06-30,0.0,0.0,-0.37027367875036943,-0.388750365679032,growth_up_inflation_up,growth_down_inflation_down,disinflationary_slowdown,0.09487800555367518,0,disinflationary_slowdown,rule_based
2014-07-31,0.0,0.0,-0.12438635176524845,-0.3654337904891174,growth_up_inflation_up,growth_down_inflation_down,disinflationary_slowdown,0.061227517781795734,0,disinflationary_slowdown,rule_based
2014-08-31,0.0,0.0,0.2309298495269443,-0.27539971209300945,growth_up_inflation_up,growth_down_inflation_down,disinflationary_slowdown,0.06329119520249421,0,disinflationary_slowdown,rule_based
2014-09-30,0.0,0.0,-0.7869403059433605,-0.4178361482518249,growth_up_inflation_up,growth_down_inflation_down,disinflationary_slowdown,0.15059705677439816,0,disinflationary_slowdown,rule_based
2014-10-31,0.0,0.0,-0.41209307691079977,-0.7612249920874644,growth_up_inflation_up,growth_down_inflation_down,disinflationary_slowdown,0.146664758624783,0,disinflationary_slowdown,rule_based
2014-11-30,0.0,0.0,-0.7095627485164364,-0.915654191246333,growth_up_inflation_up,growth_down_inflation_down,disinflationary_slowdown,0.20315211747034617,0,disinflationary_slowdown,rule_based
2014-12-31,0.0,0.0,-1.2188930473055442,-1.2421744764159697,growth_up_inflation_up,growth_down_inflation_down,disinflationary_slowdown,0.30763344046518926,0,disinflationary_slowdown,rule_based
2015-01-31,0.0,0.0,-1.0597348468836358,-1.4701890949260898,growth_up_inflation_up,growth_down_inflation_down,disinflationary_slowdown,0.3162404927262157,0,disinflationary_slowdown,rule_based
2015-02-28,0.0,0.0,-1.1453548200621533,-2.47614151957457,growth_up_inflation_up,growth_down_inflation_down,disinflationary_slowdown,0.45268704245459046,0,disinflationary_slowdown,rule_based
2015-03-31,0.0,0.0,-1.580381980264808,-2.078604354481026,growth_up_inflation_up,growth_down_inflation_down,disinflationary_slowdown,0.4573732918432293,0,disinflationary_slowdown,rule_based
2015-04-30,0.0,0.0,-1.8507125839186271,-1.8518448497950588,growth_up_inflation_up,growth_down_inflation_down,disinflationary_slowdown,0.46281967921421074,0,disinflationary_slowdown,rule_based
2015-05-31,0.0,0.0,-1.578745486238243,-1.651334506826947,growth_up_inflation_up,growth_down_inflation_down,disinflationary_slowdown,0.40375999913314875,0,disinflationary_slowdown,rule_based
2015-06-30,0.0,0.0,-1.2888563626169112,-1.7722569299398967,growth_up_inflation_up,growth_down_inflation_down,disinflationary_slowdown,0.382639161569601,0,disinflationary_slowdown,rule_based
2015-07-31,0.0,0.0,-0.9746872161537508,-1.5653008160877064,growth_up_inflation_up,growth_down_inflation_down,disinflationary_slowdown,0.31749850403018215,0,disinflationary_slowdown,rule_based
2015-08-31,0.0,0.0,-1.369719246628346,-1.524564725027832,growth_up_inflation_up,growth_down_inflation_down,disinflationary_slowdown,0.3617854964570223,0,disinflationary_slowdown,rule_based
2015-09-30,0.0,0.0,-1.6098697048149804,-1.2566723636288883,growth_up_inflation_up,growth_down_inflation_down,disinflationary_slowdown,0.3583177585554836,0,disinflationary_slowdown,rule_based
2015-10-31,0.0,0.0,-1.568939750059068,-1.4835157216683132,growth_up_inflation_up,growth_down_inflation_down,disinflationary_slowdown,0.38155693396592266,0,disinflationary_slowdown,rule_based
2015-11-30,0.0,0.0,-1.5059605134024183,-1.6205718020458983,growth_up_inflation_up,growth_down_inflation_down,disinflationary_slowdown,0.39081653943103956,0,disinflationary_slowdown,rule_based
2015-12-31,0.0,0.0,-1.4158469561689824,-1.3601943490956325,growth_up_inflation_up,growth_down_inflation_down,disinflationary_slowdown,0.34700516315807683,0,disinflationary_slowdown,rule_based
2016-01-31,0.0,0.0,-1.332916628479997,-1.1916850758264779,growth_up_inflation_up,growth_down_inflation_down,disinflationary_slowdown,0.3155752130383094,0,disinflationary_slowdown,rule_based
2016-02-29,0.0,0.0,-1.7722533434311836,-0.8098424619892204,growth_up_inflation_up,growth_down_inflation_down,disinflationary_slowdown,0.3227619756775505,0,disinflationary_slowdown,rule_based
2016-03-31,0.0,0.0,-1.8697011151489198,-0.22751629604080043,growth_up_inflation_up,growth_down_inflation_down,disinflationary_slowdown,0.262152176398715,0,disinflationary_slowdown,rule_based
2016-04-30,0.0,0.0,-0.4466175248079541,-0.04240899818704463,growth_up_inflation_up,growth_down_inflation_down,disinflationary_slowdown,0.06112831537437484,0,disinflationary_slowdown,rule_based
2016-05-31,0.0,0.0,-0.7276877102294488,0.22643543051602122,growth_up_inflation_up,growth_down_inflation_down,disinflationary_slowdown,0.11926539259318375,0,disinflationary_slowdown,rule_based
2016-06-30,0.0,0.0,-0.6825919103507644,0.145040751979184,growth_up_inflation_up,growth_down_inflation_up,stagflation_pressure,0.10345408279124355,3,stagflation_pressure,rule_based
2016-07-31,0.0,0.0,-0.6753802107667946,0.13410035072343346,growth_up_inflation_up,growth_down_inflation_up,stagflation_pressure,0.10118507018627851,3,stagflation_pressure,rule_based
2016-08-31,0.0,0.0,-0.7788640445894168,0.3172360556947995,growth_up_inflation_up,growth_down_inflation_up,stagflation_pressure,0.13701251253552704,3,stagflation_pressure,rule_based
2016-09-30,0.0,0.0,-0.24678001477582323,0.14195859133190603,growth_up_inflation_up,growth_down_inflation_up,stagflation_pressure,0.04859232576346616,3,stagflation_pressure,rule_based
2016-10-31,0.0,0.0,-0.2718535375099767,0.9248184885381299,growth_up_inflation_up,growth_down_inflation_up,stagflation_pressure,0.14958400325601331,3,stagflation_pressure,rule_based
2016-11-30,0.0,0.0,0.43687219450061243,1.3791592753121733,growth_up_inflation_up,growth_down_inflation_up,stagflation_pressure,0.22700393372659822,3,stagflation_pressure,rule_based
2016-12-31,0.0,0.0,0.8782720462710144,1.9716329534525725,growth_up_inflation_up,growth_up_inflation_up,reflation,0.3562381249654484,2,reflation,rule_based
2017-01-31,0.0,0.0,0.5350835937317777,1.9276366415967516,growth_up_inflation_up,growth_up_inflation_up,reflation,0.30784002941606614,2,reflation,rule_based
2017-02-28,0.0,0.0,1.5150748561940468,2.358426509559058,growth_up_inflation_up,growth_up_inflation_up,reflation,0.48418767071913815,2,reflation,rule_based
2017-03-31,0.0,0.0,0.8451156463267054,0.3448237695776475,growth_up_inflation_up,growth_up_inflation_up,reflation,0.14874242698804413,2,reflation,rule_based
2017-04-30,0.0,0.0,0.9944195849914874,0.3266807652351552,growth_up_inflation_up,growth_up_inflation_up,reflation,0.16513754377833034,2,reflation,rule_based
2017-05-31,0.0,0.0,0.48142913765332424,0.4335880746323644,growth_up_inflation_up,growth_up_inflation_up,reflation,0.11437715153571107,2,reflation,rule_based
2017-06-30,0.0,0.0,0.8122692991248006,0.6074895252664344,growth_up_inflation_up,growth_up_inflation_up,reflation,0.1774698530489044,2,reflation,rule_based
2017-07-31,0.0,0.0,1.2863304918250336,0.5775053598841281,growth_up_inflation_up,growth_up_inflation_up,reflation,0.23297948146364522,2,reflation,rule_based
2017-08-31,0.0,0.0,0.7999522108613079,0.44135023958065434,growth_up_inflation_up,growth_up_inflation_up,reflation,0.15516280630524526,2,reflation,rule_based
2017-09-30,0.0,0.0,0.8764604372153562,0.9514915922807012,growth_up_inflation_up,growth_up_inflation_up,reflation,0.22849400368700717,2,reflation,rule_based
2017-10-31,0.0,0.0,0.8458133620538464,0.7256077140929955,growth_up_inflation_up,growth_up_inflation_up,reflation,0.19642763451835524,2,reflation,rule_based
2017-11-30,0.0,0.0,0.6368640960157332,1.018405111157585,growth_up_inflation_up,growth_up_inflation_up,reflation,0.20690865089666477,2,reflation,rule_based
2017-12-31,0.0,0.0,0.42379749993441906,0.6340313261253037,growth_up_inflation_up,growth_up_inflation_up,reflation,0.13222860325746533,2,reflation,rule_based
2018-01-31,0.0,0.0,0.36000771362127126,0.6294446900066195,growth_up_inflation_up,growth_up_inflation_up,reflation,0.12368155045348635,2,reflation,rule_based
2018-02-28,0.0,0.0,-0.3650992520041388,0.16052218686354777,growth_up_inflation_up,growth_up_inflation_up,reflation,0.06570267985846082,2,reflation,rule_based
2018-03-31,0.0,0.0,1.4308126452406158,1.6327522381123707,growth_up_inflation_up,growth_up_inflation_up,reflation,0.38294561041912334,2,reflation,rule_based
2018-04-30,0.0,0.0,0.1362410109380357,0.6359571165135061,growth_up_inflation_up,growth_up_inflation_up,reflation,0.09652476593144271,2,reflation,rule_based
2018-05-31,0.0,0.0,1.3512695302551727,0.3006483014966426,growth_up_inflation_up,growth_up_inflation_up,reflation,0.2064897289689769,2,reflation,rule_based
2018-06-30,0.0,0.0,0.8782172524803131,0.3311058923552769,growth_up_inflation_up,growth_up_inflation_up,reflation,0.15116539310444876,2,reflation,rule_based
2018-07-31,0.0,0.0,-0.07054865894697684,0.4697760043845688,growth_up_inflation_up,growth_up_inflation_up,reflation,0.0675405829164432,2,reflation,rule_based
2018-08-31,0.0,0.0,-0.03250087049433048,0.653864151681679,growth_up_inflation_up,growth_down_inflation_up,stagflation_pressure,0.08579562777200118,3,stagflation_pressure,rule_based
2018-09-30,0.0,0.0,-0.2348298959101911,0.7949316217572276,growth_up_inflation_up,growth_down_inflation_up,stagflation_pressure,0.12872018970842736,3,stagflation_pressure,rule_based
2018-10-31,0.0,0.0,-0.8997832589458193,0.897428701375426,growth_up_inflation_up,growth_down_inflation_up,stagflation_pressure,0.22465149504015566,3,stagflation_pressure,rule_based
2018-11-30,0.0,0.0,-0.942704957650166,0.7978547394351105,growth_up_inflation_up,growth_down_inflation_up,stagflation_pressure,0.21756996213565957,3,stagflation_pressure,rule_based
2018-12-31,0.0,0.0,-1.7291036490180274,0.35007383535203745,growth_up_inflation_up,growth_down_inflation_up,stagflation_pressure,0.2598971855462581,3,stagflation_pressure,rule_based
2019-01-31,0.0,0.0,-1.355134631102485,-0.25202862432494766,growth_up_inflation_up,growth_down_inflation_up,stagflation_pressure,0.20089540692842908,3,stagflation_pressure,rule_based
2019-02-28,0.0,-1.2736261253353032,-1.9273629456864625,-0.6207673168471712,growth_up_inflation_up,growth_down_inflation_down,disinflationary_slowdown,0.4777195484836171,0,disinflationary_slowdown,rule_based
2019-03-31,0.0,-0.4594439224307408,-1.1812959110951238,-0.8671506753997174,growth_up_inflation_down,growth_down_inflation_down,disinflationary_slowdown,0.31348631361569773,0,disinflationary_slowdown,rule_based
2019-04-30,0.0,-0.7644113946389923,1.1800594093450463,0.01552085207027809,growth_up_inflation_down,growth_down_inflation_down,disinflationary_slowdown,0.24499895700678959,0,disinflationary_slowdown,rule_based
2019-05-31,0.0,-0.3358267333307961,-1.5669697491646697,0.25665605094825683,growth_up_inflation_down,growth_down_inflation_down,disinflationary_slowdown,0.2699315666804653,0,disinflationary_slowdown,rule_based
2019-06-30,0.0,-1.7198912646417082,-1.7572879572446467,0.3222442755909133,growth_up_inflation_down,growth_down_inflation_up,disinflationary_slowdown,0.47492793718465853,0,disinflationary_slowdown,rule_based
2019-07-31,0.0,-1.7398419998973895,-0.6477587868630499,0.11473836456499098,growth_up_inflation_down,growth_down_inflation_up,disinflationary_slowdown,0.3127923939156788,0,disinflationary_slowdown,rule_based
2019-08-31,0.0,-1.4386321807329108,-1.7245057145166203,0.06826756015866109,growth_up_inflation_down,growth_down_inflation_up,disinflationary_slowdown,0.40392568192602407,0,disinflationary_slowdown,rule_based
2019-09-30,0.0,-2.094166288314622,-1.6712519287781609,-0.07989528716175887,growth_up_inflation_down,growth_down_inflation_up,disinflationary_slowdown,0.4806641880318177,0,disinflationary_slowdown,rule_based
2019-10-31,0.0,-1.841897249191094,-1.0312976691143438,-0.012951145352124938,growth_up_inflation_down,growth_down_inflation_down,disinflationary_slowdown,0.36076825795719536,0,disinflationary_slowdown,rule_based
2019-11-30,0.0,-1.3652526748452845,-0.617539616887277,0.45948642555293406,growth_up_inflation_down,growth_down_inflation_down,disinflationary_slowdown,0.305284839660687,0,disinflationary_slowdown,rule_based
2019-12-31,0.0,-1.0679782023766329,-0.2742168061392611,0.7614881584100305,growth_up_inflation_down,growth_down_inflation_up,disinflationary_slowdown,0.26296039586574055,0,disinflationary_slowdown,rule_based
2020-01-31,0.0,-0.3404735063586211,0.04174375250704149,0.7326920217638799,growth_up_inflation_down,growth_down_inflation_up,disinflationary_slowdown,0.13936366007869283,0,disinflationary_slowdown,rule_based
2020-02-29,0.0,-0.6471040198972421,-5.46565574708143,1.0624412079010284,growth_up_inflation_down,growth_down_inflation_up,disinflationary_slowdown,0.8969001218599626,0,disinflationary_slowdown,rule_based
2020-03-31,0.0,-1.6260370832054467,-2.3412236529282735,0.7353925044186831,growth_up_inflation_down,growth_down_inflation_up,reflation,0.5878316550690504,2,reflation,rule_based
2020-04-30,0.0,-3.454557973402332,-0.7545150432615824,0.103059639092274,growth_up_inflation_down,growth_down_inflation_up,disinflationary_slowdown,0.5390165819695236,0,disinflationary_slowdown,rule_based
2020-05-31,0.0,-2.4053570959380632,-0.11117102696973126,-0.5932079172865514,growth_up_inflation_down,growth_down_inflation_up,disinflationary_slowdown,0.3887170050242933,0,disinflationary_slowdown,rule_based
2020-06-30,0.0,-1.930658421849626,0.02505843643901899,-1.046031856888602,growth_up_inflation_down,growth_down_inflation_up,disinflationary_slowdown,0.3752185893971559,0,disinflationary_slowdown,rule_based
2020-07-31,0.0,-1.086830613895604,0.12933128240212224,-0.8404681779439358,growth_up_inflation_down,growth_up_inflation_down,global_easing_growth,0.25707875928020774,1,global_easing_growth,rule_based
2020-08-31,0.0,-0.4967586347351979,0.12128080037909919,-0.6235881804908493,growth_up_inflation_down,growth_up_inflation_down,global_easing_growth,0.15520345195064328,1,global_easing_growth,rule_based
2020-09-30,0.0,0.209392749284664,0.3318047770080478,-0.6848096760606573,growth_up_inflation_down,growth_up_inflation_down,global_easing_growth,0.15325090029417116,1,global_easing_growth,rule_based
2020-10-31,0.0,-0.2588462644180288,0.4876776691837138,-1.0259977699927003,growth_up_inflation_down,growth_up_inflation_down,global_easing_growth,0.22156521294930537,1,global_easing_growth,rule_based
2020-11-30,0.0,-0.0310993607241628,0.7329450014735728,-1.5256971236641572,growth_up_inflation_down,growth_up_inflation_down,global_easing_growth,0.2862176857327366,1,global_easing_growth,rule_based
2020-12-31,0.0,0.1968243369982662,0.5884296577764567,-1.6992073639388008,growth_up_inflation_down,growth_up_inflation_down,global_easing_growth,0.3105576698391905,1,global_easing_growth,rule_based
2021-01-31,0.0,0.8769227700637144,0.5080953114292184,-1.1053304628740923,growth_up_inflation_up,growth_up_inflation_down,global_easing_growth,0.31129356804587816,1,global_easing_growth,rule_based
2021-02-28,0.0,1.5060755435756057,0.1551202018292587,-1.0606050549803905,growth_up_inflation_up,growth_up_inflation_down,global_easing_growth,0.34022510004815687,1,global_easing_growth,rule_based
2021-03-31,0.0,1.8680358879830357,2.5303507650349784,-0.6313214997022172,growth_up_inflation_up,growth_up_inflation_down,reflation,0.6287135190900289,2,reflation,rule_based
2021-04-30,0.0,2.063999849749948,0.7552761303332467,0.1677043173599876,growth_up_inflation_up,growth_up_inflation_down,reflation,0.3733725371803978,2,reflation,rule_based
2021-05-31,0.0,2.0070727838354947,0.4158786237326183,0.7432550698801352,growth_up_inflation_up,growth_up_inflation_up,reflation,0.395775809681031,2,reflation,rule_based
2021-06-30,0.0,0.0,0.3215768836721761,1.1135717184677414,growth_up_inflation_up,growth_up_inflation_up,reflation,0.17939357526748967,2,reflation,rule_based
2021-07-31,0.0,1.7125358112288631,0.18800920972437266,0.8951783913788773,growth_up_inflation_up,growth_up_inflation_up,reflation,0.34946542654151413,2,reflation,rule_based
2021-08-31,0.0,1.7913960681926866,-0.0034924141430030496,0.7973158882621452,growth_up_inflation_up,growth_up_inflation_up,reflation,0.32402554632472935,2,reflation,rule_based
2021-09-30,0.0,1.5475022139759071,-0.1720208515674355,0.710489498375853,growth_up_inflation_up,growth_down_inflation_up,stagflation_pressure,0.3037515704898994,3,stagflation_pressure,rule_based
2021-10-31,0.0,1.532584657068175,-0.397497974414294,0.7296703074083706,growth_up_inflation_up,growth_down_inflation_up,stagflation_pressure,0.332469117361355,3,stagflation_pressure,rule_based
2021-11-30,0.0,2.066424503802187,0.0234584347634134,1.1524545501307684,growth_up_inflation_up,growth_down_inflation_up,stagflation_pressure,0.4052921860870461,3,stagflation_pressure,rule_based
2021-12-31,0.0,1.7621788221023902,-0.1342510935974518,1.2146978497927323,growth_up_inflation_up,growth_down_inflation_up,stagflation_pressure,0.3888909706865718,3,stagflation_pressure,rule_based
2022-01-31,0.0,1.7360815403442835,-0.2804078994122715,0.6248208172220515,growth_up_inflation_up,growth_down_inflation_up,stagflation_pressure,0.33016378212232583,3,stagflation_pressure,rule_based
2022-02-28,0.0,1.5435622423659738,0.0,0.27752334360427655,growth_up_inflation_up,growth_down_inflation_up,stagflation_pressure,0.2276356982462813,3,stagflation_pressure,rule_based
2022-03-31,0.0,1.841895253884355,-0.023910175214426344,0.22138452323955615,growth_up_inflation_up,growth_down_inflation_up,stagflation_pressure,0.2608987440422922,3,stagflation_pressure,rule_based
2022-04-30,0.0,1.9891135187971107,-0.5653886306528437,0.34772366912212194,growth_up_inflation_up,growth_down_inflation_up,stagflation_pressure,0.36277822732150955,3,stagflation_pressure,rule_based
2022-05-31,0.0,1.7825598389875652,-0.6908028859972923,0.49360890426538007,growth_up_inflation_up,growth_down_inflation_up,stagflation_pressure,0.3708714536562797,3,stagflation_pressure,rule_based
2022-06-30,0.0,1.2502370611990117,-0.3203205820775262,0.3353808589812701,growth_up_inflation_up,growth_down_inflation_up,stagflation_pressure,0.238242312782226,3,stagflation_pressure,rule_based
2022-07-31,0.0,0.7122431663459332,-0.31043146244939845,0.4243292491399956,growth_up_inflation_up,growth_down_inflation_up,stagflation_pressure,0.1808754847419159,3,stagflation_pressure,rule_based
2022-08-31,0.0,0.8598407168372074,-0.24073413641231484,0.304338827182002,growth_up_inflation_up,growth_down_inflation_up,stagflation_pressure,0.17561421005394054,3,stagflation_pressure,rule_based
2022-09-30,0.0,0.6238863844127933,-0.0854603397194556,0.057251176658799044,growth_up_inflation_up,growth_down_inflation_up,stagflation_pressure,0.095824737598881,3,stagflation_pressure,rule_based
2022-10-31,0.0,0.0186035266874788,-0.2975809739469072,0.019468134425022515,growth_up_inflation_up,growth_down_inflation_up,stagflation_pressure,0.04195657938242606,3,stagflation_pressure,rule_based
2022-11-30,0.0,0.6800397809784011,-0.39947279193434454,-0.4018831457787972,growth_up_inflation_up,growth_down_inflation_up,stagflation_pressure,0.18517446483644287,3,stagflation_pressure,rule_based
2022-12-31,0.0,0.3009973704217248,-0.7395274288681024,-0.5466181154638565,growth_up_inflation_up,growth_down_inflation_down,stagflation_pressure,0.19839286434421047,3,stagflation_pressure,rule_based
2023-01-31,0.0,0.1689959187774188,-0.23122277868279753,-0.39297576406678886,growth_up_inflation_up,growth_down_inflation_down,disinflationary_slowdown,0.09914930769087565,0,disinflationary_slowdown,rule_based
2023-02-28,0.0,0.0620190254159705,0.0,-0.23678536348599316,growth_up_inflation_up,growth_down_inflation_down,disinflationary_slowdown,0.037350548612745456,0,disinflationary_slowdown,rule_based
2023-03-31,0.0,0.4478763191221007,0.38383896122630545,-0.7295267423420959,growth_up_inflation_up,growth_up_inflation_down,global_easing_growth,0.19515525283631274,1,global_easing_growth,rule_based
2023-04-30,0.0,0.1318880967956999,-0.5804756453099708,-0.9594732550165933,growth_up_inflation_up,growth_up_inflation_down,global_easing_growth,0.208979624640283,1,global_easing_growth,rule_based
2023-05-31,0.0,-0.2709142551404477,-0.5783482927541963,-1.342762145641584,growth_up_inflation_up,growth_down_inflation_down,disinflationary_slowdown,0.2740030866920285,0,disinflationary_slowdown,rule_based
2023-06-30,0.0,-0.6211117609342576,-0.6385568713044533,-1.3392259229886057,growth_up_inflation_down,growth_down_inflation_down,disinflationary_slowdown,0.3248618194034145,0,disinflationary_slowdown,rule_based
2023-07-31,0.0,-0.5091051580977947,-0.42880911921241144,-1.4598080688341712,growth_up_inflation_down,growth_down_inflation_down,disinflationary_slowdown,0.29971529326804713,0,disinflationary_slowdown,rule_based
2023-08-31,0.0,-0.4002203258863763,-0.31025369455665197,-1.4687061534410506,growth_up_inflation_down,growth_down_inflation_down,disinflationary_slowdown,0.27239752173550985,0,disinflationary_slowdown,rule_based
2023-09-30,0.0,-0.7289756670894698,-0.0292498913612749,-1.0966621191718444,growth_up_inflation_down,growth_down_inflation_down,disinflationary_slowdown,0.23186095970282364,0,disinflationary_slowdown,rule_based
2023-10-31,0.0,-0.6618653673358684,-0.2851232779027997,-1.070698777798009,growth_up_inflation_down,growth_down_inflation_down,disinflationary_slowdown,0.25221092787958466,0,disinflationary_slowdown,rule_based
2023-11-30,0.0,-0.2862171517954351,-0.2927390530816483,-1.15909246111724,growth_up_inflation_down,growth_down_inflation_down,disinflationary_slowdown,0.2172560832492904,0,disinflationary_slowdown,rule_based
2023-12-31,0.0,-1.0833777480007152,-0.28120387678646963,-1.3415455464572528,growth_up_inflation_down,growth_down_inflation_down,disinflationary_slowdown,0.3382658964055547,0,disinflationary_slowdown,rule_based
2024-01-31,0.0,-1.2120820869423343,-0.15089918529484805,-1.183315508357756,growth_up_inflation_down,growth_down_inflation_down,disinflationary_slowdown,0.3182870975743673,0,disinflationary_slowdown,rule_based
2024-02-29,0.0,-0.8548929918200298,0.0,-1.3800658628440166,growth_up_inflation_down,growth_down_inflation_down,disinflationary_slowdown,0.2793698568330058,0,disinflationary_slowdown,rule_based
2024-03-31,0.0,-0.3723087418252458,0.9203088055151792,-0.6530482196867486,growth_up_inflation_down,growth_up_inflation_down,global_easing_growth,0.24320822087839672,1,global_easing_growth,rule_based
2024-04-30,0.0,0.0,0.3785504399864771,-0.9351042679624277,growth_up_inflation_down,growth_up_inflation_down,global_easing_growth,0.16420683849361312,1,global_easing_growth,rule_based
2024-05-31,0.0,-0.263499543322317,0.43967421956856606,-0.7752798843916797,growth_up_inflation_down,growth_up_inflation_down,global_easing_growth,0.18480670591032033,1,global_easing_growth,rule_based
2024-06-30,0.0,-0.5217926702612486,0.26368772060362505,-0.6466510409889863,growth_up_inflation_down,growth_up_inflation_down,global_easing_growth,0.1790164289817325,1,global_easing_growth,rule_based
2024-07-31,0.0,-0.795369545141176,0.1923150941377511,-0.6106420679471269,growth_up_inflation_down,growth_up_inflation_down,global_easing_growth,0.19979083840325676,1,global_easing_growth,rule_based
2024-08-31,0.0,-1.0680828565754577,0.009686353246019658,-0.4363870871598462,growth_up_inflation_down,growth_up_inflation_down,global_easing_growth,0.18926953712266542,1,global_easing_growth,rule_based
2024-09-30,0.0,-1.3421719514975248,0.25109676586926366,-0.45169017659107047,growth_up_inflation_down,growth_up_inflation_down,global_easing_growth,0.25561986174473234,1,global_easing_growth,rule_based
2024-10-31,0.0,-1.1140117560923564,0.5996522233357302,-0.6138076882364634,growth_up_inflation_down,growth_up_inflation_down,global_easing_growth,0.29093395845806874,1,global_easing_growth,rule_based
2024-11-30,0.0,-0.2111742001447529,0.6738485099801245,-0.639788945157335,growth_up_inflation_down,growth_up_inflation_down,global_easing_growth,0.19060145691027652,1,global_easing_growth,rule_based
2024-12-31,0.0,-0.3198046457893522,0.5822315728722711,-0.6097300499344755,growth_up_inflation_down,growth_up_inflation_down,global_easing_growth,0.18897078357451236,1,global_easing_growth,rule_based
2025-01-31,0.0,-0.1379186382033857,0.21831100673542142,0.0,growth_up_inflation_down,growth_up_inflation_down,global_easing_growth,0.044528705617350894,1,global_easing_growth,rule_based
2025-02-28,0.0,0.3664822593588944,0.0,-0.38330711785189514,growth_up_inflation_down,growth_up_inflation_down,global_easing_growth,0.09372367215134869,1,global_easing_growth,rule_based
2025-03-31,0.0,0.5691335458811575,0.9139668627957261,-0.8936068507976497,growth_up_inflation_up,growth_up_inflation_down,global_easing_growth,0.2970884074343167,1,global_easing_growth,rule_based
2025-04-30,0.0,0.851960684249799,0.44630001540997083,-0.606118561537883,growth_up_inflation_up,growth_up_inflation_down,global_easing_growth,0.2380474076497066,1,global_easing_growth,rule_based
2025-05-31,0.0,-0.2973911844611665,0.38625791657944314,-0.5979941803194146,growth_up_inflation_up,growth_up_inflation_down,global_easing_growth,0.16020541017000303,1,global_easing_growth,rule_based
2025-06-30,0.0,0.2815901744685219,0.4037916995881706,-0.6841605365286221,growth_up_inflation_up,growth_up_inflation_down,global_easing_growth,0.17119280132316433,1,global_easing_growth,rule_based
2025-07-31,0.0,-0.1083837312429198,0.4669026079971765,-0.6513702534875084,growth_up_inflation_down,growth_up_inflation_down,global_easing_growth,0.1533320740909506,1,global_easing_growth,rule_based
2025-08-31,0.0,0.8130233592750922,0.13002052380357282,-0.707910511846495,growth_up_inflation_up,growth_up_inflation_down,global_easing_growth,0.206369299365645,1,global_easing_growth,rule_based
2025-09-30,0.0,0.9116430375245972,0.0,0.0,growth_up_inflation_up,growth_up_inflation_down,reflation,0.11395537969057465,2,reflation,rule_based
2025-10-31,0.0,0.56916225692987,0.0,0.0,growth_up_inflation_up,growth_up_inflation_up,reflation,0.07114528211623375,2,reflation,rule_based
2025-11-30,0.0,0.5284221962638137,0.0,0.0,growth_up_inflation_up,growth_up_inflation_up,reflation,0.06605277453297671,2,reflation,rule_based
2025-12-31,0.0,-0.1688806789107245,0.0,0.0,growth_up_inflation_up,growth_up_inflation_up,reflation,0.021110084863840563,2,reflation,rule_based
2026-01-31,0.0,-0.3521569920016917,0.0,0.0,growth_up_inflation_down,growth_up_inflation_up,global_easing_growth,0.04401962400021146,1,global_easing_growth,rule_based
2026-02-28,0.0,1.3335756858062524,0.0,0.0,growth_up_inflation_down,growth_up_inflation_up,global_easing_growth,0.16669696072578155,1,global_easing_growth,rule_based
2026-03-31,0.0,0.557368727573738,0.0,0.0,growth_up_inflation_up,growth_up_inflation_up,reflation,0.06967109094671725,2,reflation,rule_based
