date,CGB
2018-01-02,109.52
2018-01-03,109.564
2018-01-04,109.584
2018-01-05,109.593
2018-01-08,109.656
2018-01-09,109.677
2018-01-10,109.669
2018-01-11,109.571
2018-01-12,109.667
2018-01-15,109.542
2018-01-16,109.545
2018-01-17,109.531
2018-01-18,109.414
2018-01-19,109.557
2018-01-22,109.645
2018-01-23,109.686
2018-01-24,109.815
2018-01-25,109.908
2018-01-26,109.937
2018-01-29,109.992
2018-01-30,109.986
2018-01-31,109.845
2018-02-01,109.868
2018-02-02,109.92
2018-02-05,109.996
2018-02-06,109.982
2018-02-07,110.047
2018-02-08,110.039
2018-02-09,110.389
2018-02-12,110.514
2018-02-13,110.512
2018-02-14,110.52
2018-02-22,110.369
2018-02-23,110.328
2018-02-26,110.373
2018-02-27,110.494
2018-02-28,110.646
2018-03-01,110.9
2018-03-02,110.976
2018-03-05,110.995
2018-03-06,110.999
2018-03-07,110.937
2018-03-08,110.97
2018-03-09,110.861
2018-03-12,110.843
2018-03-13,110.813
2018-03-14,110.764
2018-03-15,110.779
2018-03-16,110.815
2018-03-19,110.852
2018-03-20,110.829
2018-03-21,110.831
2018-03-22,110.832
2018-03-23,111.05
2018-03-26,111.497
2018-03-27,111.339
2018-03-28,111.288
2018-03-29,111.009
2018-03-30,111.213
2018-04-02,111.194
2018-04-03,111.306
2018-04-04,111.334
2018-04-09,111.492
2018-04-10,111.506
2018-04-11,111.517
2018-04-12,111.586
2018-04-13,111.776
2018-04-16,112.086
2018-04-17,112.004
2018-04-18,112.494
2018-04-19,112.264
2018-04-20,112.115
2018-04-23,112.105
2018-04-24,112.252
2018-04-25,112.344
2018-04-26,112.311
2018-04-27,112.359
2018-05-02,112.275
2018-05-03,112.428
2018-05-04,112.301
2018-05-07,112.302
2018-05-08,112.202
2018-05-09,112.007
2018-05-10,112.011
2018-05-11,112.083
2018-05-14,112.089
2018-05-15,112.066
2018-05-16,112.087
2018-05-17,112.044
2018-05-18,112.047
2018-05-21,112.063
2018-05-22,112.116
2018-05-23,112.214
2018-05-24,112.295
2018-05-25,112.493
2018-05-28,112.31
2018-05-29,112.172
2018-05-30,112.138
2018-05-31,112.149
2018-06-01,112.189
2018-06-04,112.273
2018-06-05,112.154
2018-06-06,112.147
2018-06-07,112.118
2018-06-08,112.131
2018-06-11,112.245
2018-06-12,112.08
2018-06-13,112.093
2018-06-14,112.097
2018-06-15,112.156
2018-06-19,112.418
2018-06-20,112.403
2018-06-21,112.34
2018-06-22,112.416
2018-06-25,112.562
2018-06-26,112.604
2018-06-27,112.547
2018-06-28,112.239
2018-06-29,112.856
2018-07-02,112.842
2018-07-03,112.773
2018-07-04,113.0
2018-07-05,112.996
2018-07-06,112.991
2018-07-09,112.935
2018-07-10,112.841
2018-07-11,112.806
2018-07-12,112.773
2018-07-13,112.898
2018-07-16,113.097
2018-07-17,113.243
2018-07-18,113.281
2018-07-19,113.398
2018-07-20,113.35
2018-07-23,113.459
2018-07-24,113.212
2018-07-25,113.225
2018-07-26,113.41
2018-07-27,113.239
2018-07-30,113.31
2018-07-31,113.418
2018-08-01,113.71
2018-08-02,113.797
2018-08-03,113.893
2018-08-06,113.97
2018-08-07,114.035
2018-08-08,113.92
2018-08-09,113.777
2018-08-10,113.65
2018-08-13,113.51
2018-08-14,113.758
2018-08-15,113.421
2018-08-16,113.382
2018-08-17,112.513
2018-08-20,112.679
2018-08-21,112.684
2018-08-22,112.737
2018-08-23,112.851
2018-08-24,113.014
2018-08-27,112.978
2018-08-28,113.136
2018-08-29,113.29
2018-08-30,113.281
2018-08-31,113.459
2018-09-03,113.31
2018-09-04,113.141
2018-09-05,113.278
2018-09-06,113.233
2018-09-07,113.142
2018-09-10,113.16
2018-09-11,112.951
2018-09-12,113.132
2018-09-13,113.103
2018-09-14,113.082
2018-09-17,113.083
2018-09-18,113.05
2018-09-19,113.088
2018-09-20,113.124
2018-09-21,113.26
2018-09-25,113.258
2018-09-26,113.375
2018-09-27,113.428
2018-09-28,113.728
2018-10-08,114.0
2018-10-09,113.995
2018-10-10,113.546
2018-10-11,113.938
2018-10-12,114.067
2018-10-15,114.199
2018-10-16,114.189
2018-10-17,114.25
2018-10-18,114.48
2018-10-19,114.513
2018-10-22,114.328
2018-10-23,114.354
2018-10-24,114.375
2018-10-25,114.298
2018-10-26,114.296
2018-10-29,114.308
2018-10-30,114.267
2018-10-31,114.305
2018-11-01,114.39
2018-11-02,114.171
2018-11-05,114.331
2018-11-06,114.445
2018-11-07,114.62
2018-11-08,114.766
2018-11-09,114.701
2018-11-12,114.932
2018-11-13,114.826
2018-11-14,115.037
2018-11-15,115.429
2018-11-16,115.548
2018-11-19,115.505
2018-11-20,115.265
2018-11-21,115.329
2018-11-22,115.26
2018-11-23,114.691
2018-11-26,114.685
2018-11-27,114.718
2018-11-28,114.722
2018-11-29,114.725
2018-11-30,114.755
2018-12-03,114.84
2018-12-04,115.175
2018-12-05,115.441
2018-12-06,115.697
2018-12-07,115.651
2018-12-10,115.832
2018-12-11,115.988
2018-12-12,116.007
2018-12-13,115.819
2018-12-14,115.665
2018-12-17,115.76
2018-12-18,115.85
2018-12-19,115.995
2018-12-20,115.804
2018-12-21,116.047
2018-12-24,116.031
2018-12-25,115.982
2018-12-26,115.969
2018-12-27,116.008
2018-12-28,116.593
2019-01-02,116.267
2019-01-03,116.32
2019-01-04,116.527
2019-01-07,116.638
2019-01-08,116.622
2019-01-09,116.624
2019-01-10,116.617
2019-01-11,116.571
2019-01-14,116.47
2019-01-15,116.504
2019-01-16,116.599
2019-01-17,116.671
2019-01-18,116.603
2019-01-21,116.48
2019-01-22,116.515
2019-01-23,116.488
2019-01-24,116.525
2019-01-25,116.521
2019-01-28,116.498
2019-01-29,116.57
2019-01-30,116.654
2019-01-31,116.724
2019-02-01,116.83
2019-02-11,116.942
2019-02-12,117.009
2019-02-13,117.032
2019-02-14,116.944
2019-02-15,117.068
2019-02-18,116.939
2019-02-19,116.883
2019-02-20,116.923
2019-02-21,116.881
2019-02-22,116.806
2019-02-25,116.56
2019-02-26,116.256
2019-02-27,116.599
2019-02-28,116.444
2019-03-01,116.422
2019-03-04,116.363
2019-03-05,116.312
2019-03-06,116.238
2019-03-07,116.357
2019-03-08,116.488
2019-03-11,116.393
2019-03-12,116.43
2019-03-13,116.443
2019-03-14,116.367
2019-03-15,116.366
2019-03-18,116.353
2019-03-19,116.363
2019-03-20,116.394
2019-03-21,116.399
2019-03-22,116.484
2019-03-25,116.693
2019-03-26,116.856
2019-03-27,116.768
2019-03-28,116.876
2019-03-29,116.862
2019-04-01,116.739
2019-04-02,116.721
2019-04-03,116.456
2019-04-04,116.424
2019-04-08,116.134
2019-04-09,116.142
2019-04-10,115.776
2019-04-11,116.177
2019-04-12,116.061
2019-04-15,115.873
2019-04-16,115.785
2019-04-17,115.857
2019-04-18,115.859
2019-04-19,115.958
2019-04-22,116.027
2019-04-23,115.929
2019-04-24,115.787
2019-04-25,115.916
2019-04-26,116.007
2019-04-29,115.839
2019-04-30,116.084
2019-05-06,116.1
2019-05-07,116.343
2019-05-08,116.337
2019-05-09,116.38
2019-05-10,116.385
2019-05-13,116.485
2019-05-14,116.387
2019-05-15,116.382
2019-05-16,116.421
2019-05-17,116.583
2019-05-20,116.576
2019-05-21,116.485
2019-05-22,116.458
2019-05-23,116.575
2019-05-24,116.661
2019-05-27,116.454
2019-05-28,116.612
2019-05-29,116.696
2019-05-30,116.82
2019-05-31,116.956
2019-06-03,116.996
2019-06-04,117.001
2019-06-05,117.056
2019-06-06,116.992
2019-06-10,116.928
2019-06-11,116.732
2019-06-12,116.794
2019-06-13,116.794
2019-06-14,116.944
2019-06-17,117.003
2019-06-18,117.029
2019-06-19,117.061
2019-06-20,117.09
2019-06-21,117.203
2019-06-24,117.157
2019-06-25,117.189
2019-06-26,117.175
2019-06-27,117.147
2019-06-28,117.163
2019-07-01,117.184
2019-07-02,117.319
2019-07-03,117.699
2019-07-04,117.55
2019-07-05,117.527
2019-07-08,117.513
2019-07-09,117.58
2019-07-10,117.511
2019-07-11,117.514
2019-07-12,117.513
2019-07-15,117.553
2019-07-16,117.556
2019-07-17,117.555
2019-07-18,117.602
2019-07-19,117.637
2019-07-22,117.642
2019-07-23,117.682
2019-07-24,117.67
2019-07-25,117.641
2019-07-26,117.661
2019-07-29,117.647
2019-07-30,117.641
2019-07-31,117.69
2019-08-01,117.756
2019-08-02,117.94
2019-08-05,118.29
2019-08-06,118.494
2019-08-07,118.132
2019-08-08,118.146
2019-08-09,118.427
2019-08-12,118.64
2019-08-13,118.629
2019-08-14,118.51
2019-08-15,118.526
2019-08-16,118.428
2019-08-19,118.232
2019-08-20,118.22
2019-08-21,118.265
2019-08-22,118.233
2019-08-23,118.027
2019-08-26,118.258
2019-08-27,118.22
2019-08-28,118.24
2019-08-29,118.27
2019-08-30,118.191
2019-09-02,118.149
2019-09-03,118.047
2019-09-04,118.051
2019-09-05,118.16
2019-09-06,118.541
2019-09-09,118.431
2019-09-10,118.382
2019-09-11,118.321
2019-09-12,118.199
2019-09-16,118.184
2019-09-17,118.232
2019-09-18,118.186
2019-09-19,118.21
2019-09-20,118.268
2019-09-23,118.329
2019-09-24,118.28
2019-09-25,118.282
2019-09-26,118.254
2019-09-27,118.161
2019-09-30,118.399
2019-10-08,118.351
2019-10-09,118.464
2019-10-10,118.369
2019-10-11,118.304
2019-10-14,118.261
2019-10-15,118.291
2019-10-16,118.28
2019-10-17,118.331
2019-10-18,118.256
2019-10-21,118.018
2019-10-22,118.111
2019-10-23,118.151
2019-10-24,118.167
2019-10-25,118.215
2019-10-28,118.027
2019-10-29,117.96
2019-10-30,117.912
2019-10-31,117.96
2019-11-01,118.021
2019-11-04,117.956
2019-11-05,118.06
2019-11-06,118.211
2019-11-07,118.131
2019-11-08,118.079
2019-11-11,118.229
2019-11-12,118.27
2019-11-13,118.283
2019-11-14,118.223
2019-11-15,118.321
2019-11-18,118.638
2019-11-19,118.695
2019-11-20,118.631
2019-11-21,118.703
2019-11-22,118.673
2019-11-25,118.57
2019-11-26,118.56
2019-11-27,118.599
2019-11-28,118.596
2019-11-29,118.775
2019-12-02,118.934
2019-12-03,119.02
2019-12-04,119.001
2019-12-05,118.981
2019-12-06,118.96
2019-12-09,118.789
2019-12-10,118.719
2019-12-11,118.756
2019-12-12,118.758
2019-12-13,118.761
2019-12-16,118.746
2019-12-17,118.69
2019-12-18,118.722
2019-12-19,118.752
2019-12-20,118.882
2019-12-23,119.026
2019-12-24,119.356
2019-12-25,119.32
2019-12-26,119.469
2019-12-27,119.697
2019-12-30,119.637
2019-12-31,119.851
2020-01-02,119.377
2020-01-03,119.266
2020-01-06,119.391
2020-01-07,119.336
2020-01-08,119.469
2020-01-09,119.574
2020-01-10,119.696
2020-01-13,119.699
2020-01-14,119.789
2020-01-15,119.84
2020-01-16,119.648
2020-01-17,119.76
2020-01-20,119.814
2020-01-21,120.38
2020-01-22,120.101
2020-01-23,120.799
2020-02-03,122.597
2020-02-04,121.336
2020-02-05,121.525
2020-02-06,121.175
2020-02-07,121.366
2020-02-10,121.569
2020-02-11,121.642
2020-02-12,121.522
2020-02-13,121.347
2020-02-14,121.343
2020-02-17,121.166
2020-02-18,121.143
2020-02-19,121.169
2020-02-20,121.024
2020-02-21,121.143
2020-02-24,121.37
2020-02-25,121.301
2020-02-26,121.315
2020-02-27,121.438
2020-02-28,121.964
2020-03-02,121.749
2020-03-03,121.771
2020-03-04,121.95
2020-03-05,121.976
2020-03-06,122.14
2020-03-09,122.973
2020-03-10,122.604
2020-03-11,122.603
2020-03-12,122.701
2020-03-13,122.212
2020-03-16,122.067
2020-03-17,121.791
2020-03-18,121.791
2020-03-19,121.479
2020-03-20,121.701
2020-03-23,122.297
2020-03-24,122.312
2020-03-25,122.331
2020-03-26,122.597
2020-03-27,122.8
2020-03-30,122.958
2020-03-31,123.193
2020-04-01,123.425
2020-04-02,123.271
2020-04-03,123.213
2020-04-07,123.862
2020-04-08,124.385
2020-04-09,124.525
2020-04-10,124.284
2020-04-13,124.458
2020-04-14,124.498
2020-04-15,125.087
2020-04-16,124.963
2020-04-17,124.884
2020-04-20,124.875
2020-04-21,124.939
2020-04-22,125.393
2020-04-23,125.788
2020-04-24,125.864
2020-04-27,125.896
2020-04-28,126.029
2020-04-29,126.398
2020-04-30,126.435
2020-05-06,126.176
2020-05-07,125.447
2020-05-08,125.285
2020-05-11,125.013
2020-05-12,125.188
2020-05-13,125.12
2020-05-14,125.324
2020-05-15,125.536
2020-05-18,125.102
2020-05-19,124.91
2020-05-20,124.508
2020-05-21,124.534
2020-05-22,125.08
2020-05-25,124.758
2020-05-26,124.079
2020-05-27,123.787
2020-05-28,124.028
2020-05-29,123.892
2020-06-01,123.721
2020-06-02,123.138
2020-06-03,122.826
2020-06-04,122.701
2020-06-05,122.568
2020-06-08,122.889
2020-06-09,122.959
2020-06-10,122.651
2020-06-11,122.826
2020-06-12,123.011
2020-06-15,123.149
2020-06-16,122.472
2020-06-17,122.01
2020-06-18,121.971
2020-06-19,121.8
2020-06-22,121.942
2020-06-23,121.401
2020-06-24,121.898
2020-06-29,122.145
2020-06-30,121.996
2020-07-01,122.158
2020-07-02,122.294
2020-07-03,122.145
2020-07-06,121.416
2020-07-07,121.098
2020-07-08,120.875
2020-07-09,120.887
2020-07-10,121.253
2020-07-13,120.94
2020-07-14,121.4
2020-07-15,121.617
2020-07-16,122.016
2020-07-17,121.801
2020-07-20,121.543
2020-07-21,121.769
2020-07-22,122.202
2020-07-23,122.492
2020-07-24,122.361
2020-07-27,122.49
2020-07-28,122.248
2020-07-29,122.112
2020-07-30,121.985
2020-07-31,121.756
2020-08-03,121.656
2020-08-04,121.671
2020-08-05,121.726
2020-08-06,121.621
2020-08-07,121.616
2020-08-10,121.611
2020-08-11,121.588
2020-08-12,121.166
2020-08-13,121.278
2020-08-14,121.301
2020-08-17,121.429
2020-08-18,121.507
2020-08-19,121.39
2020-08-20,121.122
2020-08-21,121.144
2020-08-24,121.12
2020-08-25,120.866
2020-08-26,120.745
2020-08-27,120.485
2020-08-28,120.403
2020-08-31,120.488
2020-09-01,120.853
2020-09-02,120.715
2020-09-03,120.692
2020-09-04,120.496
2020-09-07,120.212
2020-09-08,120.428
2020-09-09,120.541
2020-09-10,120.777
2020-09-11,120.706
2020-09-14,120.495
2020-09-15,120.626
2020-09-16,120.675
2020-09-17,120.71
2020-09-18,120.714
2020-09-21,121.058
2020-09-22,121.217
2020-09-23,121.182
2020-09-24,121.081
2020-09-25,120.955
2020-09-28,120.854
2020-09-29,120.746
2020-09-30,120.7
2020-10-09,120.523
2020-10-12,120.6
2020-10-13,120.436
2020-10-14,120.429
2020-10-15,120.291
2020-10-16,120.481
2020-10-19,120.729
2020-10-20,120.771
2020-10-21,120.878
2020-10-22,121.001
2020-10-23,120.823
2020-10-26,120.71
2020-10-27,120.942
2020-10-28,120.875
2020-10-29,120.82
2020-10-30,120.961
2020-11-02,121.177
2020-11-03,121.136
2020-11-04,121.214
2020-11-05,121.083
2020-11-06,120.916
2020-11-09,120.734
2020-11-10,120.768
2020-11-11,120.752
2020-11-12,120.701
2020-11-13,120.442
2020-11-16,120.646
2020-11-17,120.579
2020-11-18,120.412
2020-11-19,120.347
2020-11-20,120.347
2020-11-23,120.657
2020-11-24,120.524
2020-11-25,120.585
2020-11-26,120.551
2020-11-27,120.504
2020-11-30,120.786
2020-12-01,120.599
2020-12-02,120.633
2020-12-03,120.542
2020-12-04,120.735
2020-12-07,120.668
2020-12-08,120.718
2020-12-09,120.764
2020-12-10,120.763
2020-12-11,120.623
2020-12-14,120.515
2020-12-15,120.718
2020-12-16,120.784
2020-12-17,120.736
2020-12-18,120.666
2020-12-21,120.809
2020-12-22,121.028
2020-12-23,121.098
2020-12-24,121.121
2020-12-25,121.251
2020-12-28,121.131
2020-12-29,121.2
2020-12-30,121.266
2020-12-31,121.312
2021-01-04,121.124
2021-01-05,121.242
2021-01-06,121.493
2021-01-07,121.564
2021-01-08,121.509
2021-01-11,121.392
2021-01-12,121.518
2021-01-13,121.757
2021-01-14,122.008
2021-01-15,121.86
2021-01-18,121.692
2021-01-19,121.468
2021-01-20,121.663
2021-01-21,121.81
2021-01-22,121.865
2021-01-25,121.868
2021-01-26,121.452
2021-01-27,121.48
2021-01-28,121.386
2021-01-29,121.41
2021-02-01,121.529
2021-02-02,121.591
2021-02-03,121.666
2021-02-04,121.638
2021-02-05,121.447
2021-02-08,121.307
2021-02-09,121.294
2021-02-10,121.466
2021-02-18,121.349
2021-02-19,121.365
2021-02-22,121.419
2021-02-23,121.549
2021-02-24,121.771
2021-02-25,121.756
2021-02-26,121.508
2021-03-01,121.503
2021-03-02,121.983
2021-03-03,121.904
2021-03-04,121.852
2021-03-05,121.991
2021-03-08,121.99
2021-03-09,121.854
2021-03-10,121.929
2021-03-11,121.844
2021-03-12,121.854
2021-03-15,121.791
2021-03-16,121.627
2021-03-17,121.673
2021-03-18,121.618
2021-03-19,121.594
2021-03-22,121.61
2021-03-23,121.639
2021-03-24,121.79
2021-03-25,121.885
2021-03-26,121.72
2021-03-29,121.71
2021-03-30,121.902
2021-03-31,121.934
2021-04-01,121.9
2021-04-02,122.082
2021-04-06,122.004
2021-04-07,121.987
2021-04-08,121.829
2021-04-09,121.825
2021-04-12,122.049
2021-04-13,122.313
2021-04-14,122.273
2021-04-15,122.279
2021-04-16,122.339
2021-04-19,122.261
2021-04-20,122.322
2021-04-21,122.555
2021-04-22,122.457
2021-04-23,122.746
2021-04-26,122.581
2021-04-27,122.483
2021-04-28,122.398
2021-04-29,122.452
2021-04-30,122.6
2021-05-06,122.633
2021-05-07,122.587
2021-05-10,122.65
2021-05-11,122.892
2021-05-12,122.9
2021-05-13,122.726
2021-05-14,122.739
2021-05-17,122.887
2021-05-18,122.856
2021-05-19,123.059
2021-05-20,123.229
2021-05-21,123.351
2021-05-24,123.377
2021-05-25,123.167
2021-05-26,123.225
2021-05-27,123.134
2021-05-28,123.132
2021-05-31,122.902
2021-06-01,123.071
2021-06-02,122.985
2021-06-03,122.966
2021-06-04,123.015
2021-06-07,122.876
2021-06-08,122.896
2021-06-09,122.86
2021-06-10,122.888
2021-06-11,122.712
2021-06-15,122.69
2021-06-16,122.937
2021-06-17,122.873
2021-06-18,122.968
2021-06-21,123.227
2021-06-22,123.161
2021-06-23,123.13
2021-06-24,123.047
2021-06-25,123.091
2021-06-28,123.231
2021-06-29,123.378
2021-06-30,123.523
2021-07-01,123.485
2021-07-02,123.467
2021-07-05,123.482
2021-07-06,123.518
2021-07-07,123.655
2021-07-08,123.837
2021-07-09,123.887
2021-07-12,123.912
2021-07-13,124.212
2021-07-14,124.279
2021-07-15,124.022
2021-07-16,124.1
2021-07-19,124.114
2021-07-20,124.204
2021-07-21,124.321
2021-07-22,124.341
2021-07-23,124.386
2021-07-26,124.701
2021-07-27,124.856
2021-07-28,124.721
2021-07-29,124.646
2021-07-30,124.826
2021-08-02,125.17
2021-08-03,125.111
2021-08-04,125.034
2021-08-05,124.984
2021-08-06,125.019
2021-08-09,124.731
2021-08-10,124.615
2021-08-11,124.493
2021-08-12,124.6
2021-08-13,124.832
2021-08-16,124.827
2021-08-17,125.025
2021-08-18,125.102
2021-08-19,125.088
2021-08-20,125.166
2021-08-23,125.092
2021-08-24,125.04
2021-08-25,125.085
2021-08-26,124.777
2021-08-27,124.815
2021-08-30,124.86
2021-08-31,125.033
2021-09-01,125.1
2021-09-02,125.093
2021-09-03,125.128
2021-09-06,125.024
2021-09-07,124.928
2021-09-08,124.893
2021-09-09,124.907
2021-09-10,124.905
2021-09-13,124.859
2021-09-14,124.792
2021-09-15,124.815
2021-09-16,124.65
2021-09-17,124.758
2021-09-22,124.821
2021-09-23,124.986
2021-09-24,124.975
2021-09-27,124.971
2021-09-28,124.989
2021-09-29,125.291
2021-09-30,125.349
2021-10-08,125.148
2021-10-11,124.99
2021-10-12,124.806
2021-10-13,124.76
2021-10-14,124.789
2021-10-15,124.77
2021-10-18,124.392
2021-10-19,124.38
2021-10-20,124.42
2021-10-21,124.598
2021-10-22,124.453
2021-10-25,124.48
2021-10-26,124.573
2021-10-27,124.609
2021-10-28,124.589
2021-10-29,124.686
2021-11-01,124.777
2021-11-02,124.878
2021-11-03,124.976
2021-11-04,124.932
2021-11-05,125.06
2021-11-08,125.173
2021-11-09,125.065
2021-11-10,125.228
2021-11-11,125.193
2021-11-12,125.055
2021-11-15,125.149
2021-11-16,125.197
2021-11-17,125.199
2021-11-18,125.281
2021-11-19,125.208
2021-11-22,125.256
2021-11-23,125.258
2021-11-24,125.349
2021-11-25,125.42
2021-11-26,125.674
2021-11-29,125.511
2021-11-30,125.529
2021-12-01,125.47
2021-12-02,125.404
2021-12-03,125.23
2021-12-06,125.481
2021-12-07,125.424
2021-12-08,125.455
2021-12-09,125.41
2021-12-10,125.489
2021-12-13,125.485
2021-12-14,125.682
2021-12-15,125.693
2021-12-16,125.654
2021-12-17,125.83
2021-12-20,125.806
2021-12-21,125.755
2021-12-22,125.829
2021-12-23,125.859
2021-12-24,125.85
2021-12-27,125.961
2021-12-28,126.021
2021-12-29,126.052
2021-12-30,126.372
2021-12-31,126.479
2022-01-04,126.418
2022-01-05,126.283
2022-01-06,126.214
2022-01-07,126.224
2022-01-10,126.368
2022-01-11,126.54
2022-01-12,126.588
2022-01-13,126.573
2022-01-14,126.869
2022-01-17,126.832
2022-01-18,127.198
2022-01-19,127.138
2022-01-20,127.116
2022-01-21,127.426
2022-01-24,127.875
2022-01-25,127.842
2022-01-26,127.259
2022-01-27,127.206
2022-01-28,127.464
2022-02-07,127.353
2022-02-08,127.504
2022-02-09,127.571
2022-02-10,127.687
2022-02-11,127.146
2022-02-14,127.035
2022-02-15,127.037
2022-02-16,127.134
2022-02-17,127.145
2022-02-18,127.067
2022-02-21,126.785
2022-02-22,126.716
2022-02-23,126.849
2022-02-24,126.893
2022-02-25,126.97
2022-02-28,127.013
2022-03-01,126.794
2022-03-02,126.737
2022-03-03,126.743
2022-03-04,126.683
2022-03-07,126.948
2022-03-08,127.075
2022-03-09,126.8
2022-03-10,126.852
2022-03-11,127.079
2022-03-14,127.44
2022-03-15,126.974
2022-03-16,126.91
2022-03-17,126.934
2022-03-18,127.105
2022-03-21,127.055
2022-03-22,126.91
2022-03-23,126.951
2022-03-24,127.055
2022-03-25,127.16
2022-03-28,127.165
2022-03-29,127.107
2022-03-30,127.077
2022-03-31,126.976
2022-04-01,127.134
2022-04-06,127.25
2022-04-07,127.395
2022-04-08,127.566
2022-04-11,127.31
2022-04-12,127.357
2022-04-13,127.394
2022-04-14,127.595
2022-04-15,127.483
2022-04-18,127.335
2022-04-19,127.384
2022-04-20,127.42
2022-04-21,127.31
2022-04-22,127.278
2022-04-25,127.285
2022-04-26,127.357
2022-04-27,127.316
2022-04-28,127.248
2022-04-29,127.379
2022-05-05,127.38
2022-05-06,127.285
2022-05-09,127.367
2022-05-10,127.629
2022-05-11,127.532
2022-05-12,127.6
2022-05-13,127.708
2022-05-16,127.693
2022-05-17,127.842
2022-05-18,128.04
2022-05-19,127.936
2022-05-20,127.867
2022-05-23,127.922
2022-05-24,127.984
2022-05-25,128.084
2022-05-26,128.316
2022-05-27,128.1
2022-05-30,127.95
2022-05-31,127.831
2022-06-01,127.795
2022-06-02,127.774
2022-06-06,127.815
2022-06-07,127.809
2022-06-08,127.779
2022-06-09,127.8
2022-06-10,127.754
2022-06-13,127.748
2022-06-14,127.687
2022-06-15,127.63
2022-06-16,127.625
2022-06-17,127.73
2022-06-20,127.714
2022-06-21,127.697
2022-06-22,127.792
2022-06-23,127.792
2022-06-24,127.799
2022-06-27,127.607
2022-06-28,127.622
2022-06-29,127.721
2022-06-30,127.725
2022-07-01,127.907
2022-07-04,127.686
2022-07-05,127.568
2022-07-06,127.605
2022-07-07,127.613
2022-07-08,127.556
2022-07-11,127.601
2022-07-12,127.677
2022-07-13,127.753
2022-07-14,127.852
2022-07-15,128.028
2022-07-18,127.939
2022-07-19,127.891
2022-07-20,127.942
2022-07-21,128.015
2022-07-22,128.108
2022-07-25,128.129
2022-07-26,128.257
2022-07-27,128.266
2022-07-28,128.24
2022-07-29,128.499
2022-08-01,128.694
2022-08-02,128.877
2022-08-03,128.833
2022-08-04,128.985
2022-08-05,128.795
2022-08-08,128.82
2022-08-09,128.734
2022-08-10,128.787
2022-08-11,128.752
2022-08-12,128.755
2022-08-15,129.205
2022-08-16,129.384
2022-08-17,129.414
2022-08-18,129.5
2022-08-19,129.589
2022-08-22,129.595
2022-08-23,129.505
2022-08-24,129.475
2022-08-25,129.391
2022-08-26,129.332
2022-08-29,129.34
2022-08-30,129.456
2022-08-31,129.508
2022-09-01,129.521
2022-09-02,129.675
2022-09-05,129.729
2022-09-06,129.685
2022-09-07,129.691
2022-09-08,129.643
2022-09-09,129.532
2022-09-13,129.426
2022-09-14,129.313
2022-09-15,129.308
2022-09-16,129.193
2022-09-19,129.208
2022-09-20,129.352
2022-09-21,129.378
2022-09-22,129.375
2022-09-23,129.248
2022-09-26,128.946
2022-09-27,128.948
2022-09-28,128.905
2022-09-29,128.684
2022-09-30,128.78
2022-10-10,128.99
2022-10-11,129.159
2022-10-12,129.071
2022-10-13,129.158
2022-10-14,129.45
2022-10-17,129.265
2022-10-18,129.246
2022-10-19,129.339
2022-10-20,129.249
2022-10-21,129.264
2022-10-24,129.375
2022-10-25,129.297
2022-10-26,129.303
2022-10-27,129.394
2022-10-28,129.575
2022-10-31,129.668
2022-11-01,129.537
2022-11-02,129.42
2022-11-03,129.537
2022-11-04,129.413
2022-11-07,129.412
2022-11-08,129.441
2022-11-09,129.51
2022-11-10,129.419
2022-11-11,129.167
2022-11-14,128.821
2022-11-15,128.68
2022-11-16,128.481
2022-11-17,128.64
2022-11-18,128.57
2022-11-21,128.809
2022-11-22,128.863
2022-11-23,129.083
2022-11-24,129.243
2022-11-25,129.0
2022-11-28,128.763
2022-11-29,128.414
2022-11-30,128.508
2022-12-01,128.582
2022-12-02,128.621
2022-12-05,128.564
2022-12-06,128.431
2022-12-07,128.355
2022-12-08,128.541
2022-12-09,128.431
2022-12-12,128.452
2022-12-13,128.155
2022-12-14,128.42
2022-12-15,128.501
2022-12-16,128.469
2022-12-19,128.657
2022-12-20,128.669
2022-12-21,128.599
2022-12-22,128.64
2022-12-23,128.678
2022-12-26,128.627
2022-12-27,128.641
2022-12-28,128.826
2022-12-29,128.897
2022-12-30,129.104
2023-01-03,129.067
2023-01-04,129.288
2023-01-05,129.221
2023-01-06,128.957
2023-01-09,128.96
2023-01-10,128.885
2023-01-11,128.75
2023-01-12,128.785
2023-01-13,128.813
2023-01-16,128.71
2023-01-17,128.719
2023-01-18,128.7
2023-01-19,128.729
2023-01-20,128.854
2023-01-30,128.854
2023-01-31,128.838
2023-02-01,128.887
2023-02-02,128.972
2023-02-03,129.018
2023-02-06,128.956
2023-02-07,128.975
2023-02-08,129.018
2023-02-09,129.028
2023-02-10,129.079
2023-02-13,129.089
2023-02-14,129.093
2023-02-15,129.099
2023-02-16,129.087
2023-02-17,129.102
2023-02-20,129.008
2023-02-21,128.967
2023-02-22,128.992
2023-02-23,128.99
2023-02-24,128.993
2023-02-27,128.972
2023-02-28,128.954
2023-03-01,128.963
2023-03-02,128.991
2023-03-03,128.974
2023-03-06,129.063
2023-03-07,129.163
2023-03-08,129.232
2023-03-09,129.251
2023-03-10,129.3
2023-03-13,129.295
2023-03-14,129.338
2023-03-15,129.307
2023-03-16,129.366
2023-03-17,129.436
2023-03-20,129.521
2023-03-21,129.459
2023-03-22,129.453
2023-03-23,129.427
2023-03-24,129.373
2023-03-27,129.383
2023-03-28,129.407
2023-03-29,129.435
2023-03-30,129.47
2023-03-31,129.48
2023-04-03,129.47
2023-04-04,129.514
2023-04-06,129.554
2023-04-07,129.587
2023-04-10,129.697
2023-04-11,129.742
2023-04-12,129.775
2023-04-13,129.746
2023-04-14,129.711
2023-04-17,129.683
2023-04-18,129.736
2023-04-19,129.812
2023-04-20,129.792
2023-04-21,129.851
2023-04-24,129.884
2023-04-25,129.894
2023-04-26,129.895
2023-04-27,130.078
2023-04-28,130.135
2023-05-04,130.247
2023-05-05,130.479
2023-05-08,130.415
2023-05-09,130.463
2023-05-10,130.633
2023-05-11,130.811
2023-05-12,130.74
2023-05-15,130.81
2023-05-16,130.74
2023-05-17,130.728
2023-05-18,130.688
2023-05-19,130.774
2023-05-22,130.935
2023-05-23,131.26
2023-05-24,131.183
2023-05-25,131.02
2023-05-26,131.014
2023-05-29,131.044
2023-05-30,131.15
2023-05-31,131.218
2023-06-01,131.326
2023-06-02,131.148
2023-06-05,131.279
2023-06-06,131.328
2023-06-07,131.453
2023-06-08,131.393
2023-06-09,131.47
2023-06-12,131.544
2023-06-13,131.69
2023-06-14,131.785
2023-06-15,131.437
2023-06-16,131.158
2023-06-19,131.196
2023-06-20,131.222
2023-06-21,131.36
2023-06-26,131.439
2023-06-27,131.363
2023-06-28,131.385
2023-06-29,131.351
2023-06-30,131.529
2023-07-03,131.589
2023-07-04,131.567
2023-07-05,131.756
2023-07-06,131.799
2023-07-07,131.812
2023-07-10,131.804
2023-07-11,131.82
2023-07-12,131.817
2023-07-13,131.799
2023-07-14,131.758
2023-07-17,131.85
2023-07-18,131.932
2023-07-19,131.966
2023-07-20,131.963
2023-07-21,132.096
2023-07-24,132.132
2023-07-25,131.801
2023-07-26,131.825
2023-07-27,131.937
2023-07-28,131.846
2023-07-31,131.727
2023-08-01,131.821
2023-08-02,131.826
2023-08-03,131.883
2023-08-04,131.927
2023-08-07,131.983
2023-08-08,132.01
2023-08-09,132.035
2023-08-10,131.984
2023-08-11,132.022
2023-08-14,132.088
2023-08-15,132.361
2023-08-16,132.432
2023-08-17,132.39
2023-08-18,132.457
2023-08-21,132.578
2023-08-22,132.504
2023-08-23,132.491
2023-08-24,132.46
2023-08-25,132.397
2023-08-28,132.232
2023-08-29,132.07
2023-08-30,132.323
2023-08-31,132.349
2023-09-01,132.208
2023-09-04,131.888
2023-09-05,131.983
2023-09-06,131.883
2023-09-07,131.722
2023-09-08,131.827
2023-09-11,131.827
2023-09-12,131.85
2023-09-13,131.984
2023-09-14,132.051
2023-09-15,131.985
2023-09-18,131.843
2023-09-19,131.828
2023-09-20,131.776
2023-09-21,131.873
2023-09-22,131.778
2023-09-25,131.751
2023-09-26,131.602
2023-09-27,131.304
2023-09-28,131.882
2023-10-09,131.993
2023-10-10,131.899
2023-10-11,131.659
2023-10-12,131.64
2023-10-13,131.749
2023-10-16,131.763
2023-10-17,131.698
2023-10-18,131.673
2023-10-19,131.438
2023-10-20,131.54
2023-10-23,131.662
2023-10-24,131.6
2023-10-25,131.754
2023-10-26,131.91
2023-10-27,131.85
2023-10-30,132.026
2023-10-31,132.066
2023-11-01,132.093
2023-11-02,132.191
2023-11-03,132.182
2023-11-06,132.145
2023-11-07,132.18
2023-11-08,132.193
2023-11-09,132.2
2023-11-10,132.205
2023-11-13,132.363
2023-11-14,132.352
2023-11-15,132.349
2023-11-16,132.425
2023-11-17,132.437
2023-11-20,132.367
2023-11-21,132.306
2023-11-22,132.155
2023-11-23,131.99
2023-11-24,132.086
2023-11-27,132.067
2023-11-28,132.055
2023-11-29,132.007
2023-11-30,132.101
2023-12-01,132.2
2023-12-04,132.105
2023-12-05,132.091
2023-12-06,132.073
2023-12-07,132.144
2023-12-08,132.21
2023-12-11,132.395
2023-12-12,132.383
2023-12-13,132.565
2023-12-14,132.441
2023-12-15,132.558
2023-12-18,132.665
2023-12-19,132.652
2023-12-20,132.561
2023-12-21,132.61
2023-12-22,132.787
2023-12-25,132.895
2023-12-26,132.997
2023-12-27,133.126
2023-12-28,133.245
2023-12-29,133.363
2024-01-02,133.252
2024-01-03,133.217
2024-01-04,133.32
2024-01-05,133.457
2024-01-08,133.423
2024-01-09,133.444
2024-01-10,133.427
2024-01-11,133.46
2024-01-12,133.417
2024-01-15,133.373
2024-01-16,133.282
2024-01-17,133.379
2024-01-18,133.35
2024-01-19,133.575
2024-01-22,133.637
2024-01-23,133.559
2024-01-24,133.512
2024-01-25,133.682
2024-01-26,133.775
2024-01-29,133.821
2024-01-30,134.167
2024-01-31,134.2
2024-02-01,134.078
2024-02-02,134.066
2024-02-05,134.224
2024-02-06,134.023
2024-02-07,133.961
2024-02-08,134.2
2024-02-19,134.16
2024-02-20,134.202
2024-02-21,134.285
2024-02-22,134.343
2024-02-23,134.509
2024-02-26,134.521
2024-02-27,134.559
2024-02-28,134.57
2024-02-29,134.621
2024-03-01,134.54
2024-03-04,134.545
2024-03-05,134.55
2024-03-06,134.73
2024-03-07,134.846
2024-03-08,134.793
2024-03-11,134.708
2024-03-12,134.581
2024-03-13,134.544
2024-03-14,134.471
2024-03-15,134.554
2024-03-18,134.677
2024-03-19,134.783
2024-03-20,134.759
2024-03-21,134.783
2024-03-22,134.816
2024-03-25,134.752
2024-03-26,134.737
2024-03-27,134.791
2024-03-28,134.775
2024-03-29,134.923
2024-04-01,134.878
2024-04-02,134.926
2024-04-03,135.063
2024-04-08,135.23
2024-04-09,135.355
2024-04-10,135.369
2024-04-11,135.394
2024-04-12,135.569
2024-04-15,135.55
2024-04-16,135.477
2024-04-17,135.512
2024-04-18,135.618
2024-04-19,135.706
2024-04-22,135.787
2024-04-23,135.977
2024-04-24,135.618
2024-04-25,135.713
2024-04-26,135.489
2024-04-29,134.929
2024-04-30,135.312
2024-05-06,135.525
2024-05-07,135.691
2024-05-08,135.715
2024-05-09,135.596
2024-05-10,135.572
2024-05-13,135.716
2024-05-14,135.791
2024-05-15,135.79
2024-05-16,135.726
2024-05-17,135.627
2024-05-20,135.789
2024-05-21,135.719
2024-05-22,135.777
2024-05-23,135.871
2024-05-24,135.874
2024-05-27,135.84
2024-05-28,135.916
2024-05-29,135.988
2024-05-30,136.041
2024-05-31,136.018
2024-06-03,136.16
2024-06-04,136.192
2024-06-05,136.231
2024-06-06,136.205
2024-06-07,136.254
2024-06-11,136.254
2024-06-12,136.236
2024-06-13,136.249
2024-06-14,136.27
2024-06-17,136.327
2024-06-18,136.364
2024-06-19,136.391
2024-06-20,136.506
2024-06-21,136.437
2024-06-24,136.52
2024-06-25,136.562
2024-06-26,136.662
2024-06-27,136.803
2024-06-28,136.899
2024-07-01,136.672
2024-07-02,136.795
2024-07-03,137.007
2024-07-04,136.934
2024-07-05,136.828
2024-07-08,136.561
2024-07-09,136.729
2024-07-10,136.815
2024-07-11,136.808
2024-07-12,136.916
2024-07-15,136.968
2024-07-16,136.967
2024-07-17,136.999
2024-07-18,136.958
2024-07-19,137.05
2024-07-22,137.341
2024-07-23,137.486
2024-07-24,137.488
2024-07-25,137.508
2024-07-26,137.567
2024-07-29,137.544
2024-07-30,137.564
2024-07-31,137.661
2024-08-01,137.887
2024-08-02,138.088
2024-08-05,138.139
2024-08-06,137.94
2024-08-07,138.131
2024-08-08,138.011
2024-08-09,137.826
2024-08-12,137.204
2024-08-13,137.609
2024-08-14,137.736
2024-08-15,137.6
2024-08-16,137.577
2024-08-19,137.636
2024-08-20,137.614
2024-08-21,137.467
2024-08-22,137.743
2024-08-23,137.944
2024-08-26,137.946
2024-08-27,137.856
2024-08-28,137.901
2024-08-29,137.827
2024-08-30,137.785
2024-09-02,138.106
2024-09-03,138.289
2024-09-04,138.337
2024-09-05,138.423
2024-09-06,138.468
2024-09-09,138.541
2024-09-10,138.659
2024-09-11,138.866
2024-09-12,138.651
2024-09-13,138.845
2024-09-18,138.879
2024-09-19,138.695
2024-09-20,138.794
2024-09-23,138.824
2024-09-24,138.672
2024-09-25,138.997
2024-09-26,138.89
2024-09-27,138.31
2024-09-30,137.844
2024-10-08,137.79
2024-10-09,138.07
2024-10-10,138.398
2024-10-11,138.47
2024-10-14,138.448
2024-10-15,138.484
2024-10-16,138.503
2024-10-17,138.691
2024-10-18,138.537
2024-10-21,138.519
2024-10-22,138.325
2024-10-23,138.186
2024-10-24,138.24
2024-10-25,138.228
2024-10-28,138.255
2024-10-29,138.392
2024-10-30,138.435
2024-10-31,138.424
2024-11-01,138.631
2024-11-04,138.69
2024-11-05,138.678
2024-11-06,138.729
2024-11-07,138.849
2024-11-08,138.902
2024-11-11,138.94
2024-11-12,139.131
2024-11-13,139.13
2024-11-14,139.137
2024-11-15,139.235
2024-11-18,139.16
2024-11-19,139.129
2024-11-20,139.224
2024-11-21,139.311
2024-11-22,139.337
2024-11-25,139.45
2024-11-26,139.423
2024-11-27,139.364
2024-11-28,139.462
2024-11-29,139.539
2024-12-02,139.844
2024-12-03,139.817
2024-12-04,139.938
2024-12-05,139.968
2024-12-06,139.925
2024-12-09,139.937
2024-12-10,140.373
2024-12-11,140.382
2024-12-12,140.563
2024-12-13,141.055
2024-12-16,141.163
2024-12-17,140.963
2024-12-18,140.955
2024-12-19,141.0
2024-12-20,141.437
2024-12-23,141.361
2024-12-24,141.253
2024-12-25,140.995
2024-12-26,140.997
2024-12-27,141.288
2024-12-30,141.003
2024-12-31,141.216
2025-01-02,141.411
2025-01-03,141.787
2025-01-06,141.789
2025-01-07,141.558
2025-01-08,141.603
2025-01-09,141.298
2025-01-10,141.209
2025-01-13,141.039
2025-01-14,141.111
2025-01-15,141.267
2025-01-16,141.243
2025-01-17,141.178
2025-01-20,141.189
2025-01-21,141.219
2025-01-22,141.31
2025-01-23,141.146
2025-01-24,141.004
2025-01-27,141.496
2025-02-05,141.459
2025-02-06,141.594
2025-02-07,141.511
2025-02-10,141.281
2025-02-11,141.248
2025-02-12,141.25
2025-02-13,141.227
2025-02-14,140.926
2025-02-17,140.832
2025-02-18,140.637
2025-02-19,140.817
2025-02-20,140.583
2025-02-21,140.45
2025-02-24,140.064
2025-02-25,140.253
2025-02-26,140.265
2025-02-27,140.207
2025-02-28,140.254
2025-03-03,140.6
2025-03-04,140.594
2025-03-05,140.546
2025-03-06,140.417
2025-03-07,140.137
2025-03-10,139.905
2025-03-11,139.581
2025-03-12,140.073
2025-03-13,140.091
2025-03-14,140.066
2025-03-17,139.779
2025-03-18,139.88
2025-03-19,139.792
2025-03-20,139.965
2025-03-21,139.912
2025-03-24,139.844
2025-03-25,140.017
2025-03-26,140.176
2025-03-27,140.227
2025-03-28,140.197
2025-03-31,140.187
2025-04-01,140.18
2025-04-02,140.282
2025-04-03,140.794
2025-04-07,141.217
2025-04-08,141.103
2025-04-09,141.184
2025-04-10,141.318
2025-04-11,141.365
2025-04-14,141.243
2025-04-15,141.246
2025-04-16,141.364
2025-04-17,141.276
2025-04-18,141.217
2025-04-21,141.099
2025-04-22,141.15
2025-04-23,141.021
2025-04-24,140.903
2025-04-25,141.029
2025-04-28,140.991
2025-04-29,141.176
2025-04-30,141.283
2025-05-06,141.208
2025-05-07,141.17
2025-05-08,141.45
2025-05-09,141.41
2025-05-12,141.345
2025-05-13,141.251
2025-05-14,141.135
2025-05-15,141.037
2025-05-16,140.943
2025-05-19,141.012
2025-05-20,141.059
2025-05-21,141.044
2025-05-22,141.043
2025-05-23,141.149
2025-05-26,141.146
2025-05-27,141.094
2025-05-28,141.101
2025-05-29,140.943
2025-05-30,141.076
2025-06-03,141.069
2025-06-04,141.159
2025-06-05,141.226
2025-06-06,141.341
2025-06-09,141.39
2025-06-10,141.406
2025-06-11,141.399
2025-06-12,141.369
2025-06-13,141.398
2025-06-16,141.429
2025-06-17,141.583
2025-06-18,141.599
2025-06-19,141.605
2025-06-20,141.63
2025-06-23,141.601
2025-06-24,141.548
2025-06-25,141.512
2025-06-26,141.55
2025-06-27,141.645
2025-06-30,141.581
2025-07-01,141.631
2025-07-02,141.711
2025-07-03,141.729
2025-07-04,141.762
2025-07-07,141.741
2025-07-08,141.631
2025-07-09,141.629
2025-07-10,141.537
2025-07-11,141.499
2025-07-14,141.427
2025-07-15,141.567
2025-07-16,141.576
2025-07-17,141.568
2025-07-18,141.556
2025-07-21,141.469
2025-07-22,141.395
2025-07-23,141.341
2025-07-24,141.074
2025-07-25,141.105
2025-07-28,141.238
2025-07-29,141.064
2025-07-30,141.203
2025-07-31,141.313
2025-08-01,141.321
2025-08-04,141.293
2025-08-05,141.337
2025-08-06,141.351
2025-08-07,141.451
2025-08-08,141.508
2025-08-11,141.341
2025-08-12,141.313
2025-08-13,141.411
2025-08-14,141.358
2025-08-15,141.345
2025-08-18,141.047
2025-08-19,141.058
2025-08-20,140.996
2025-08-21,141.058
2025-08-22,141.021
2025-08-25,141.14
2025-08-26,141.146
2025-08-27,141.184
2025-08-28,141.116
2025-08-29,141.148
2025-09-01,141.259
2025-09-02,141.257
2025-09-03,141.402
2025-09-04,141.488
2025-09-05,141.279
2025-09-08,141.251
2025-09-09,141.231
2025-09-10,141.155
2025-09-11,141.256
2025-09-12,141.301
2025-09-15,141.39
2025-09-16,141.475
2025-09-17,141.632
2025-09-18,141.54
2025-09-19,141.385
2025-09-22,141.497
2025-09-23,139.922
2025-09-24,139.804
2025-09-25,139.752
2025-09-26,139.856
2025-09-29,139.821
2025-09-30,140.028
2025-10-09,140.123
2025-10-10,140.093
2025-10-13,140.134
2025-10-14,140.181
2025-10-15,140.14
2025-10-16,140.146
2025-10-17,140.246
2025-10-20,140.122
2025-10-21,140.142
2025-10-22,140.168
2025-10-23,140.128
2025-10-24,140.119
2025-10-27,140.166
2025-10-28,140.445
2025-10-29,140.561
2025-10-30,140.674
2025-10-31,140.69
2025-11-03,140.628
2025-11-04,140.621
2025-11-05,140.626
2025-11-06,140.56
2025-11-07,140.589
2025-11-10,140.585
2025-11-11,140.602
2025-11-12,140.66
2025-11-13,140.604
2025-11-14,140.587
2025-11-17,140.613
2025-11-18,140.621
2025-11-19,140.579
2025-11-20,140.652
2025-11-21,140.614
2025-11-24,140.63
2025-11-25,140.633
2025-11-26,140.481
2025-11-27,140.473
2025-11-28,140.528
2025-12-01,140.575
2025-12-02,140.54
2025-12-03,140.552
2025-12-04,140.411
2025-12-05,140.483
2025-12-08,140.468
2025-12-09,140.545
2025-12-10,140.566
2025-12-11,140.66
2025-12-12,140.621
2025-12-15,140.562
2025-12-16,140.536
2025-12-17,140.629
2025-12-18,140.713
2025-12-19,140.787
2025-12-22,140.715
2025-12-23,140.952
2025-12-24,140.894
2025-12-25,140.847
2025-12-26,140.285
2025-12-29,140.116
2025-12-30,140.093
2025-12-31,140.096
2026-01-05,139.965
2026-01-06,139.86
2026-01-07,139.783
2026-01-08,139.904
2026-01-09,139.893
2026-01-12,139.962
2026-01-13,140.002
2026-01-14,140.093
2026-01-15,140.148
2026-01-16,140.238
2026-01-19,140.229
2026-01-20,140.318
2026-01-21,140.315
2026-01-22,140.302
2026-01-23,140.349
2026-01-26,140.322
2026-01-27,140.335
2026-01-28,140.357
2026-01-29,140.443
2026-01-30,140.429
2026-02-02,140.432
2026-02-03,140.481
2026-02-04,140.466
2026-02-05,140.55
2026-02-06,140.586
2026-02-09,140.672
2026-02-10,140.669
2026-02-11,140.733
2026-02-12,140.791
2026-02-13,140.845
2026-02-24,140.861
2026-02-25,140.745
2026-02-26,140.61
2026-02-27,140.698
2026-03-02,140.819
2026-03-03,140.808
2026-03-04,140.929
2026-03-05,140.87
2026-03-06,140.906
2026-03-09,140.737
2026-03-10,140.745
2026-03-11,140.735
2026-03-12,140.739
2026-03-13,140.772
2026-03-16,140.678
2026-03-17,140.68
