,date,asset,region,price,return_1m,local_return_1m,fx_return
0,2018-02-28,SPY,US,241.822,-0.03626625006974271,-0.03626625006974271,0.0
1,2018-03-31,SPY,US,235.199,-0.027387913423923327,-0.027387913423923327,0.0
2,2018-04-30,SPY,US,236.403,0.005119069383798358,0.005119069383798358,0.0
3,2018-05-31,SPY,US,242.148,0.02430172205936465,0.02430172205936465,0.0
4,2018-06-30,SPY,US,243.565,0.0058517931182582306,0.0058517931182582306,0.0
5,2018-07-31,SPY,US,252.596,0.0370783979635827,0.0370783979635827,0.0
6,2018-08-31,SPY,US,260.637,0.03183344154301726,0.03183344154301726,0.0
7,2018-09-30,SPY,US,262.198,0.005989172680778143,0.005989172680778143,0.0
8,2018-10-31,SPY,US,244.082,-0.06909282298110586,-0.06909282298110586,0.0
9,2018-11-30,SPY,US,248.588,0.018461009005170448,0.018461009005170448,0.0
10,2018-12-31,SPY,US,226.699,-0.08805332518062003,-0.08805332518062003,0.0
11,2019-01-31,SPY,US,244.838,0.08001358629724864,0.08001358629724864,0.0
12,2019-02-28,SPY,US,252.811,0.03256438951469964,0.03256438951469964,0.0
13,2019-03-31,SPY,US,257.355,0.017973901452073004,0.017973901452073004,0.0
14,2019-04-30,SPY,US,267.893,0.040947329564220425,0.040947329564220425,0.0
15,2019-05-31,SPY,US,250.781,-0.06387624909945377,-0.06387624909945377,0.0
16,2019-06-30,SPY,US,268.246,0.06964243702672834,0.06964243702672834,0.0
17,2019-07-31,SPY,US,272.294,0.01509062576888387,0.01509062576888387,0.0
18,2019-08-31,SPY,US,267.751,-0.016684172254989083,-0.016684172254989083,0.0
19,2019-09-30,SPY,US,272.947,0.019406089986592212,0.019406089986592212,0.0
20,2019-10-31,SPY,US,278.985,0.022121510769490094,0.022121510769490094,0.0
21,2019-11-30,SPY,US,289.074,0.03616323458250448,0.03616323458250448,0.0
22,2019-12-31,SPY,US,297.478,0.029072140697537607,0.029072140697537607,0.0
23,2020-01-31,SPY,US,297.351,-0.00042692232702923327,-0.00042692232702923327,0.0
24,2020-02-29,SPY,US,273.828,-0.07910852830493265,-0.07910852830493265,0.0
25,2020-03-31,SPY,US,239.64,-0.12485209693676325,-0.12485209693676325,0.0
26,2020-04-30,SPY,US,270.067,0.12696962109831422,0.12696962109831422,0.0
27,2020-05-31,SPY,US,282.93,0.0476289217120196,0.0476289217120196,0.0
28,2020-06-30,SPY,US,287.954,0.017757042377973375,0.017757042377973375,0.0
29,2020-07-31,SPY,US,304.904,0.05886356848663321,0.05886356848663321,0.0
30,2020-08-31,SPY,US,326.189,0.06980885787001823,0.06980885787001823,0.0
31,2020-09-30,SPY,US,313.977,-0.037438417604517715,-0.037438417604517715,0.0
32,2020-10-31,SPY,US,306.149,-0.024931762517636513,-0.024931762517636513,0.0
33,2020-11-30,SPY,US,339.437,0.10873136936589711,0.10873136936589711,0.0
34,2020-12-31,SPY,US,352.023,0.0370790455960901,0.0370790455960901,0.0
35,2021-01-31,SPY,US,348.434,-0.010195356553406976,-0.010195356553406976,0.0
36,2021-02-28,SPY,US,358.13,0.027827364723304715,0.027827364723304715,0.0
37,2021-03-31,SPY,US,374.391,0.04540529975148688,0.04540529975148688,0.0
38,2021-04-30,SPY,US,394.202,0.052915267728123716,0.052915267728123716,0.0
39,2021-05-31,SPY,US,396.787,0.006557551712066401,0.006557551712066401,0.0
40,2021-06-30,SPY,US,405.687,0.02243017034328254,0.02243017034328254,0.0
41,2021-07-31,SPY,US,415.592,0.024415374414265223,0.024415374414265223,0.0
42,2021-08-31,SPY,US,427.968,0.02977920652948085,0.02977920652948085,0.0
43,2021-09-30,SPY,US,408.012,-0.046629654553611566,-0.046629654553611566,0.0
44,2021-10-31,SPY,US,436.649,0.07018666117663197,0.07018666117663197,0.0
45,2021-11-30,SPY,US,433.135,-0.008047653836376623,-0.008047653836376623,0.0
46,2021-12-31,SPY,US,453.169,0.04625347755318776,0.04625347755318776,0.0
47,2022-01-31,SPY,US,429.269,-0.05273970637885639,-0.05273970637885639,0.0
48,2022-02-28,SPY,US,416.598,-0.029517621817554907,-0.029517621817554907,0.0
49,2022-03-31,SPY,US,432.267,0.03761179842438023,0.03761179842438023,0.0
50,2022-04-30,SPY,US,394.327,-0.08776982744461181,-0.08776982744461181,0.0
51,2022-05-31,SPY,US,395.216,0.0022544740786201167,0.0022544740786201167,0.0
52,2022-06-30,SPY,US,362.629,-0.08245364560139268,-0.08245364560139268,0.0
53,2022-07-31,SPY,US,396.023,0.09208860846760736,0.09208860846760736,0.0
54,2022-08-31,SPY,US,379.865,-0.04080066056769438,-0.04080066056769438,0.0
55,2022-09-30,SPY,US,344.75,-0.09244073552446264,-0.09244073552446264,0.0
56,2022-10-31,SPY,US,372.772,0.0812820884699057,0.0812820884699057,0.0
57,2022-11-30,SPY,US,393.496,0.05559430429324097,0.05559430429324097,0.0
58,2022-12-31,SPY,US,370.819,-0.057629556590155895,-0.057629556590155895,0.0
59,2023-01-31,SPY,US,394.139,0.06288782397881443,0.06288782397881443,0.0
60,2023-02-28,SPY,US,384.227,-0.025148488223697862,-0.025148488223697862,0.0
61,2023-03-31,SPY,US,398.475,0.037082245651659074,0.037082245651659074,0.0
62,2023-04-30,SPY,US,404.841,0.015975908149821194,0.015975908149821194,0.0
63,2023-05-31,SPY,US,406.709,0.0046141571629354505,0.0046141571629354505,0.0
64,2023-06-30,SPY,US,433.065,0.06480309017012154,0.06480309017012154,0.0
65,2023-07-31,SPY,US,447.241,0.03273411612575483,0.03273411612575483,0.0
66,2023-08-31,SPY,US,439.972,-0.01625298217292248,-0.01625298217292248,0.0
67,2023-09-30,SPY,US,419.103,-0.04743256389042938,-0.04743256389042938,0.0
68,2023-10-31,SPY,US,410.004,-0.02171065346704748,-0.02171065346704748,0.0
69,2023-11-30,SPY,US,447.455,0.09134301128769473,0.09134301128769473,0.0
70,2023-12-31,SPY,US,467.884,0.04565598775295854,0.04565598775295854,0.0
71,2024-01-31,SPY,US,475.335,0.015924887365244222,0.015924887365244222,0.0
72,2024-02-29,SPY,US,500.142,0.05218845656221416,0.05218845656221416,0.0
73,2024-03-31,SPY,US,516.498,0.032702712429670155,0.032702712429670155,0.0
74,2024-04-30,SPY,US,495.672,-0.04032155013184957,-0.04032155013184957,0.0
75,2024-05-31,SPY,US,520.743,0.050579818912506624,0.050579818912506624,0.0
76,2024-06-30,SPY,US,539.115,0.03528035902546933,0.03528035902546933,0.0
77,2024-07-31,SPY,US,545.643,0.012108733758103618,0.012108733758103618,0.0
78,2024-08-31,SPY,US,558.393,0.02336692672681595,0.02336692672681595,0.0
79,2024-09-30,SPY,US,570.121,0.021003128620881606,0.021003128620881606,0.0
80,2024-10-31,SPY,US,565.034,-0.008922667293434161,-0.008922667293434161,0.0
81,2024-11-30,SPY,US,598.728,0.05963180976719973,0.05963180976719973,0.0
82,2024-12-31,SPY,US,584.323,-0.024059339132293744,-0.024059339132293744,0.0
83,2025-01-31,SPY,US,600.016,0.02685672136814743,0.02685672136814743,0.0
84,2025-02-28,SPY,US,592.398,-0.01269632809791732,-0.01269632809791732,0.0
85,2025-03-31,SPY,US,559.39,-0.05571929682409471,-0.05571929682409471,0.0
86,2025-04-30,SPY,US,554.54,-0.0086701585655804,-0.0086701585655804,0.0
87,2025-05-31,SPY,US,589.39,0.06284488044144698,0.06284488044144698,0.0
88,2025-06-30,SPY,US,617.85,0.048287212202446694,0.048287212202446694,0.0
89,2025-07-31,SPY,US,632.08,0.023031480132718274,0.023031480132718274,0.0
90,2025-08-31,SPY,US,645.05,0.020519554486773783,0.020519554486773783,0.0
91,2025-09-30,SPY,US,666.18,0.03275715060848006,0.03275715060848006,0.0
92,2025-10-31,SPY,US,682.06,0.0238374013029512,0.0238374013029512,0.0
93,2025-11-30,SPY,US,683.39,0.0019499750755065381,0.0019499750755065381,0.0
94,2025-12-31,SPY,US,681.92,-0.002151041133174325,-0.002151041133174325,0.0
95,2026-01-31,SPY,US,691.97,0.014737799155326137,0.014737799155326137,0.0
96,2026-02-28,SPY,US,693.15,0.0017052762402993693,0.0017052762402993693,0.0
97,2026-03-31,SPY,US,,0.0,0.0,0.0
98,2018-02-28,QQQ,US,159.076,-0.01308434407668213,-0.01308434407668213,0.0
99,2018-03-31,QQQ,US,152.606,-0.04067238301189369,-0.04067238301189369,0.0
100,2018-04-30,QQQ,US,153.359,0.004934275192325366,0.004934275192325366,0.0
101,2018-05-31,QQQ,US,162.083,0.056886129930424634,0.056886129930424634,0.0
102,2018-06-30,QQQ,US,163.938,0.01144475361388908,0.01144475361388908,0.0
103,2018-07-31,QQQ,US,168.517,0.027931291097854194,0.027931291097854194,0.0
104,2018-08-31,QQQ,US,178.261,0.05782205949548125,0.05782205949548125,0.0
105,2018-09-30,QQQ,US,177.758,-0.0028217052524107666,-0.0028217052524107666,0.0
106,2018-10-31,QQQ,US,162.488,-0.08590330674287516,-0.08590330674287516,0.0
107,2018-11-30,QQQ,US,162.053,-0.002677120771995445,-0.002677120771995445,0.0
108,2018-12-31,QQQ,US,148.007,-0.08667534695439139,-0.08667534695439139,0.0
109,2019-01-31,QQQ,US,161.359,0.09021194943482413,0.09021194943482413,0.0
110,2019-02-28,QQQ,US,166.163,0.029772123030013864,0.029772123030013864,0.0
111,2019-03-31,QQQ,US,172.692,0.039292742668343816,0.039292742668343816,0.0
112,2019-04-30,QQQ,US,182.188,0.054988071248233794,0.054988071248233794,0.0
113,2019-05-31,QQQ,US,167.191,-0.08231606911541911,-0.08231606911541911,0.0
114,2019-06-30,QQQ,US,179.917,0.07611653737342317,0.07611653737342317,0.0
115,2019-07-31,QQQ,US,184.093,0.023210702712917586,0.023210702712917586,0.0
116,2019-08-31,QQQ,US,180.593,-0.01901212973877331,-0.01901212973877331,0.0
117,2019-09-30,QQQ,US,182.257,0.009214089139667703,0.009214089139667703,0.0
118,2019-10-31,QQQ,US,190.239,0.04379530004334531,0.04379530004334531,0.0
119,2019-11-30,QQQ,US,197.974,0.04065938109430767,0.04065938109430767,0.0
120,2019-12-31,QQQ,US,205.669,0.038868740339640606,0.038868740339640606,0.0
121,2020-01-31,QQQ,US,211.933,0.030456704705132953,0.030456704705132953,0.0
122,2020-02-29,QQQ,US,199.09,-0.060599340357565756,-0.060599340357565756,0.0
123,2020-03-31,QQQ,US,184.602,-0.07277110854387459,-0.07277110854387459,0.0
124,2020-04-30,QQQ,US,212.247,0.14975460720902278,0.14975460720902278,0.0
125,2020-05-31,QQQ,US,226.266,0.0660504035392726,0.0660504035392726,0.0
126,2020-06-30,QQQ,US,240.481,0.06282428645930005,0.06282428645930005,0.0
127,2020-07-31,QQQ,US,258.144,0.07344863003730029,0.07344863003730029,0.0
128,2020-08-31,QQQ,US,286.407,0.10948540349572333,0.10948540349572333,0.0
129,2020-09-30,QQQ,US,270.251,-0.05640923580778401,-0.05640923580778401,0.0
130,2020-10-31,QQQ,US,262.028,-0.030427269464312623,-0.030427269464312623,0.0
131,2020-11-30,QQQ,US,291.437,0.11223609690567415,0.11223609690567415,0.0
132,2020-12-31,QQQ,US,305.72,0.04900887670405618,0.04900887670405618,0.0
133,2021-01-31,QQQ,US,306.523,0.0026265864189454202,0.0026265864189454202,0.0
134,2021-02-28,QQQ,US,306.114,-0.001334320752439666,-0.001334320752439666,0.0
135,2021-03-31,QQQ,US,311.355,0.017121072541602222,0.017121072541602222,0.0
136,2021-04-30,QQQ,US,329.768,0.059138282667694275,0.059138282667694275,0.0
137,2021-05-31,QQQ,US,325.795,-0.01204786395283941,-0.01204786395283941,0.0
138,2021-06-30,QQQ,US,346.206,0.0626498258107091,0.0626498258107091,0.0
139,2021-07-31,QQQ,US,356.117,0.02862746457311549,0.02862746457311549,0.0
140,2021-08-31,QQQ,US,371.137,0.042177149644639256,0.042177149644639256,0.0
141,2021-09-30,QQQ,US,350.03,-0.05687118233967514,-0.05687118233967514,0.0
142,2021-10-31,QQQ,US,377.567,0.07867039968002754,0.07867039968002754,0.0
143,2021-11-30,QQQ,US,385.105,0.01996466852240797,0.01996466852240797,0.0
144,2021-12-31,QQQ,US,389.535,0.01150335622752241,0.01150335622752241,0.0
145,2022-01-31,QQQ,US,355.471,-0.08744785449317782,-0.08744785449317782,0.0
146,2022-02-28,QQQ,US,339.56,-0.044760332066469566,-0.044760332066469566,0.0
147,2022-03-31,QQQ,US,355.402,0.04665449405112487,0.04665449405112487,0.0
148,2022-04-30,QQQ,US,307.082,-0.13595871717097818,-0.13595871717097818,0.0
149,2022-05-31,QQQ,US,302.212,-0.01585895623970146,-0.01585895623970146,0.0
150,2022-06-30,QQQ,US,275.289,-0.0890864691011608,-0.0890864691011608,0.0
151,2022-07-31,QQQ,US,309.842,0.12551536748653236,0.12551536748653236,0.0
152,2022-08-31,QQQ,US,293.942,-0.05131647743043222,-0.05131647743043222,0.0
153,2022-09-30,QQQ,US,262.973,-0.10535751951065175,-0.10535751951065175,0.0
154,2022-10-31,QQQ,US,273.494,0.04000790955725497,0.04000790955725497,0.0
155,2022-11-30,QQQ,US,288.656,0.05543814489531762,0.05543814489531762,0.0
156,2022-12-31,QQQ,US,262.637,-0.09013843467657001,-0.09013843467657001,0.0
157,2023-01-31,QQQ,US,290.589,0.10642826410597128,0.10642826410597128,0.0
158,2023-02-28,QQQ,US,289.545,-0.0035927030961253603,-0.0035927030961253603,0.0
159,2023-03-31,QQQ,US,317.029,0.09492134210571757,0.09492134210571757,0.0
160,2023-04-30,QQQ,US,318.642,0.00508786262455474,0.00508786262455474,0.0
161,2023-05-31,QQQ,US,343.762,0.07883455413912799,0.07883455413912799,0.0
162,2023-06-30,QQQ,US,365.43,0.0630319814290119,0.0630319814290119,0.0
163,2023-07-31,QQQ,US,379.537,0.038603836576088346,0.038603836576088346,0.0
164,2023-08-31,QQQ,US,373.908,-0.014831228575869937,-0.014831228575869937,0.0
165,2023-09-30,QQQ,US,354.915,-0.05079591771237846,-0.05079591771237846,0.0
166,2023-10-31,QQQ,US,347.583,-0.020658467520392132,-0.020658467520392132,0.0
167,2023-11-30,QQQ,US,385.188,0.10818998627665888,0.10818998627665888,0.0
168,2023-12-31,QQQ,US,406.495,0.05531584576881943,0.05531584576881943,0.0
169,2024-01-31,QQQ,US,413.891,0.01819456573881606,0.01819456573881606,0.0
170,2024-02-29,QQQ,US,435.758,0.052832750651741645,0.052832750651741645,0.0
171,2024-03-31,QQQ,US,441.314,0.012750196209822873,0.012750196209822873,0.0
172,2024-04-30,QQQ,US,422.012,-0.043737565542901424,-0.043737565542901424,0.0
173,2024-05-31,QQQ,US,447.973,0.06151720804147742,0.06151720804147742,0.0
174,2024-06-30,QQQ,US,476.957,0.06470032792154878,0.06470032792154878,0.0
175,2024-07-31,QQQ,US,468.953,-0.016781387001344017,-0.016781387001344017,0.0
176,2024-08-31,QQQ,US,474.13,0.011039485833335139,0.011039485833335139,0.0
177,2024-09-30,QQQ,US,486.56,0.02621643852951716,0.02621643852951716,0.0
178,2024-10-31,QQQ,US,482.352,-0.00864847089773102,-0.00864847089773102,0.0
179,2024-11-30,QQQ,US,508.162,0.053508640992470324,0.053508640992470324,0.0
180,2024-12-31,QQQ,US,510.469,0.004539890822218062,0.004539890822218062,0.0
181,2025-01-31,QQQ,US,521.513,0.021635006239360433,0.021635006239360433,0.0
182,2025-02-28,QQQ,US,507.414,-0.027034800666522307,-0.027034800666522307,0.0
183,2025-03-31,QQQ,US,468.92,-0.07586310192466106,-0.07586310192466106,0.0
184,2025-04-30,QQQ,US,475.47,0.013968267508317034,0.013968267508317034,0.0
185,2025-05-31,QQQ,US,519.11,0.09178286747849485,0.09178286747849485,0.0
186,2025-06-30,QQQ,US,551.64,0.06266494577257231,0.06266494577257231,0.0
187,2025-07-31,QQQ,US,565.01,0.024236821115220186,0.024236821115220186,0.0
188,2025-08-31,QQQ,US,570.4,0.009539654165412914,0.009539654165412914,0.0
189,2025-09-30,QQQ,US,600.37,0.05254207573632552,0.05254207573632552,0.0
190,2025-10-31,QQQ,US,629.07,0.047803854289854675,0.047803854289854675,0.0
191,2025-11-30,QQQ,US,619.25,-0.015610345430556283,-0.015610345430556283,0.0
192,2025-12-31,QQQ,US,614.31,-0.007977392006459527,-0.007977392006459527,0.0
193,2026-01-31,QQQ,US,621.87,0.01230649020852681,0.01230649020852681,0.0
194,2026-02-28,QQQ,US,616.68,-0.008345795745091533,-0.008345795745091533,0.0
195,2026-03-31,QQQ,US,,0.0,0.0,0.0
196,2018-02-28,TLT,US,98.2069,-0.030409628086526475,-0.030409628086526475,0.0
197,2018-03-31,TLT,US,101.005,0.028491888044526403,0.028491888044526403,0.0
198,2018-04-30,TLT,US,98.8885,-0.02095440819761396,-0.02095440819761396,0.0
199,2018-05-31,TLT,US,100.883,0.020169180440597234,0.020169180440597234,0.0
200,2018-06-30,TLT,US,101.545,0.006562057036368918,0.006562057036368918,0.0
201,2018-07-31,TLT,US,100.044,-0.014781623910581576,-0.014781623910581576,0.0
202,2018-08-31,TLT,US,101.385,0.013404102195034184,0.013404102195034184,0.0
203,2018-09-30,TLT,US,98.465,-0.028801104699906266,-0.028801104699906266,0.0
204,2018-10-31,TLT,US,95.5773,-0.02932717209160629,-0.02932717209160629,0.0
205,2018-11-30,TLT,US,97.2897,0.017916388096336666,0.017916388096336666,0.0
206,2018-12-31,TLT,US,102.994,0.05863210596805213,0.05863210596805213,0.0
207,2019-01-31,TLT,US,103.37,0.0036506980989183813,0.0036506980989183813,0.0
208,2019-02-28,TLT,US,101.967,-0.013572603269807582,-0.013572603269807582,0.0
209,2019-03-31,TLT,US,107.621,0.05544931203232406,0.05544931203232406,0.0
210,2019-04-30,TLT,US,105.48,-0.019893886880813172,-0.019893886880813172,0.0
211,2019-05-31,TLT,US,112.695,0.0684015927189987,0.0684015927189987,0.0
212,2019-06-30,TLT,US,113.779,0.00961888282532497,0.00961888282532497,0.0
213,2019-07-31,TLT,US,114.064,0.002504855904868153,0.002504855904868153,0.0
214,2019-08-31,TLT,US,126.659,0.11042046570346487,0.11042046570346487,0.0
215,2019-09-30,TLT,US,123.275,-0.026717406579871983,-0.026717406579871983,0.0
216,2019-10-31,TLT,US,121.898,-0.011170148042993433,-0.011170148042993433,0.0
217,2019-11-30,TLT,US,121.421,-0.0039131076801915965,-0.0039131076801915965,0.0
218,2019-12-31,TLT,US,117.512,-0.032193772082259264,-0.032193772082259264,0.0
219,2020-01-31,TLT,US,126.556,0.07696235278099262,0.07696235278099262,0.0
220,2020-02-29,TLT,US,134.934,0.06619994310818922,0.06619994310818922,0.0
221,2020-03-31,TLT,US,143.547,0.06383120636755746,0.06383120636755746,0.0
222,2020-04-30,TLT,US,145.306,0.012253826272928148,0.012253826272928148,0.0
223,2020-05-31,TLT,US,142.746,-0.017617992374712732,-0.017617992374712732,0.0
224,2020-06-30,TLT,US,143.224,0.0033486052148570256,0.0033486052148570256,0.0
225,2020-07-31,TLT,US,149.585,0.04441294755069003,0.04441294755069003,0.0
226,2020-08-31,TLT,US,142.03,-0.050506401042885396,-0.050506401042885396,0.0
227,2020-09-30,TLT,US,143.13,0.00774484263887909,0.00774484263887909,0.0
228,2020-10-31,TLT,US,138.272,-0.03394117236079097,-0.03394117236079097,0.0
229,2020-11-30,TLT,US,140.581,0.016698970145799574,0.016698970145799574,0.0
230,2020-12-31,TLT,US,138.849,-0.012320299329212303,-0.012320299329212303,0.0
231,2021-01-31,TLT,US,133.812,-0.036276818702331126,-0.036276818702331126,0.0
232,2021-02-28,TLT,US,126.134,-0.057379009356410604,-0.057379009356410604,0.0
233,2021-03-31,TLT,US,119.515,-0.052475938287852575,-0.052475938287852575,0.0
234,2021-04-30,TLT,US,122.506,0.025026147345521554,0.025026147345521554,0.0
235,2021-05-31,TLT,US,122.509,2.4488596476857083e-05,2.4488596476857083e-05,0.0
236,2021-06-30,TLT,US,127.928,0.04423348488682466,0.04423348488682466,0.0
237,2021-07-31,TLT,US,132.675,0.037106810080670405,0.037106810080670405,0.0
238,2021-08-31,TLT,US,132.221,-0.0034218956095722897,-0.0034218956095722897,0.0
239,2021-09-30,TLT,US,128.389,-0.02898178050385336,-0.02898178050385336,0.0
240,2021-10-31,TLT,US,131.542,0.02455817866016563,0.02455817866016563,0.0
241,2021-11-30,TLT,US,135.198,0.027793404387952192,0.027793404387952192,0.0
242,2021-12-31,TLT,US,132.47,-0.02017781328126167,-0.02017781328126167,0.0
243,2022-01-31,TLT,US,127.283,-0.03915603532875367,-0.03915603532875367,0.0
244,2022-02-28,TLT,US,125.214,-0.01625511655130696,-0.01625511655130696,0.0
245,2022-03-31,TLT,US,118.393,-0.05447473924641011,-0.05447473924641011,0.0
246,2022-04-30,TLT,US,107.233,-0.09426232969854631,-0.09426232969854631,0.0
247,2022-05-31,TLT,US,104.814,-0.022558354237967926,-0.022558354237967926,0.0
248,2022-06-30,TLT,US,103.479,-0.012736848130974865,-0.012736848130974865,0.0
249,2022-07-31,TLT,US,105.995,0.024314112042056912,0.024314112042056912,0.0
250,2022-08-31,TLT,US,101.166,-0.045558752771357236,-0.045558752771357236,0.0
251,2022-09-30,TLT,US,92.8362,-0.08233793962398428,-0.08233793962398428,0.0
252,2022-10-31,TLT,US,87.2987,-0.059648068318177705,-0.059648068318177705,0.0
253,2022-11-30,TLT,US,93.547,0.07157380350451947,0.07157380350451947,0.0
254,2022-12-31,TLT,US,91.095,-0.026211423134894773,-0.026211423134894773,0.0
255,2023-01-31,TLT,US,98.0593,0.07645095779131661,0.07645095779131661,0.0
256,2023-02-28,TLT,US,93.3012,-0.048522679643848154,-0.048522679643848154,0.0
257,2023-03-31,TLT,US,97.8175,0.04840559392590871,0.04840559392590871,0.0
258,2023-04-30,TLT,US,98.1463,0.0033613617195287215,0.0033613617195287215,0.0
259,2023-05-31,TLT,US,95.1878,-0.03014377516014355,-0.03014377516014355,0.0
260,2023-06-30,TLT,US,95.3944,0.0021704462126450608,0.0021704462126450608,0.0
261,2023-07-31,TLT,US,92.9676,-0.025439648448965513,-0.025439648448965513,0.0
262,2023-08-31,TLT,US,90.0468,-0.03141739702864221,-0.03141739702864221,0.0
263,2023-09-30,TLT,US,82.8866,-0.0795164292345758,-0.0795164292345758,0.0
264,2023-10-31,TLT,US,78.3584,-0.0546312672977296,-0.0546312672977296,0.0
265,2023-11-30,TLT,US,86.1349,0.09924271041777266,0.09924271041777266,0.0
266,2023-12-31,TLT,US,93.3155,0.08336458276494185,0.08336458276494185,0.0
267,2024-01-31,TLT,US,91.2206,-0.02244964662890936,-0.02244964662890936,0.0
268,2024-02-29,TLT,US,89.1665,-0.022517940026704597,-0.022517940026704597,0.0
269,2024-03-31,TLT,US,89.8645,0.007828052015050657,0.007828052015050657,0.0
270,2024-04-30,TLT,US,84.0635,-0.06455274329685246,-0.06455274329685246,0.0
271,2024-05-31,TLT,US,86.4904,0.02886984244053581,0.02886984244053581,0.0
272,2024-06-30,TLT,US,88.0624,0.018175427561902824,0.018175427561902824,0.0
273,2024-07-31,TLT,US,91.259,0.0362992605243555,0.0362992605243555,0.0
274,2024-08-31,TLT,US,93.1855,0.02111024666060346,0.02111024666060346,0.0
275,2024-09-30,TLT,US,95.0484,0.01999130766052648,0.01999130766052648,0.0
276,2024-10-31,TLT,US,89.8634,-0.05455115499051011,-0.05455115499051011,0.0
277,2024-11-30,TLT,US,91.6487,0.019866820084706527,0.019866820084706527,0.0
278,2024-12-31,TLT,US,85.8007,-0.06380887017491788,-0.06380887017491788,0.0
279,2025-01-31,TLT,US,86.2231,0.0049230367584414125,0.0049230367584414125,0.0
280,2025-02-28,TLT,US,91.1356,0.05697429111224239,0.05697429111224239,0.0
281,2025-03-31,TLT,US,90.0376,-0.012047981249917683,-0.012047981249917683,0.0
282,2025-04-30,TLT,US,88.8123,-0.013608759007348037,-0.013608759007348037,0.0
283,2025-05-31,TLT,US,85.9605,-0.03211041713816665,-0.03211041713816665,0.0
284,2025-06-30,TLT,US,88.25,0.026634326231234073,0.026634326231234073,0.0
285,2025-07-31,TLT,US,86.92,-0.015070821529745038,-0.015070821529745038,0.0
286,2025-08-31,TLT,US,86.6,-0.0036815462494248496,-0.0036815462494248496,0.0
287,2025-09-30,TLT,US,89.37,0.03198614318706716,0.03198614318706716,0.0
288,2025-10-31,TLT,US,90.29,0.010294282197605531,0.010294282197605531,0.0
289,2025-11-30,TLT,US,90.21,-0.0008860338907964449,-0.0008860338907964449,0.0
290,2025-12-31,TLT,US,87.16,-0.0338099988914754,-0.0338099988914754,0.0
291,2026-01-31,TLT,US,87.13,-0.00034419458467183084,-0.00034419458467183084,0.0
292,2026-02-28,TLT,US,89.91,0.03190634683805804,0.03190634683805804,0.0
293,2026-03-31,TLT,US,,0.0,0.0,0.0
294,2018-02-28,GLD,US,125.0,-0.02075989032510772,-0.02075989032510772,0.0
295,2018-03-31,GLD,US,125.79,0.006320000000000103,0.006320000000000103,0.0
296,2018-04-30,GLD,US,124.59,-0.009539709038874356,-0.009539709038874356,0.0
297,2018-05-31,GLD,US,123.1,-0.011959226262139855,-0.011959226262139855,0.0
298,2018-06-30,GLD,US,118.65,-0.036149471974004754,-0.036149471974004754,0.0
299,2018-07-31,GLD,US,115.99,-0.022418879056047336,-0.022418879056047336,0.0
300,2018-08-31,GLD,US,113.51,-0.021381153547719522,-0.021381153547719522,0.0
301,2018-09-30,GLD,US,112.76,-0.006607347370275796,-0.006607347370275796,0.0
302,2018-10-31,GLD,US,115.15,0.021195459382759907,0.021195459382759907,0.0
303,2018-11-30,GLD,US,115.54,0.0033868866695614397,0.0033868866695614397,0.0
304,2018-12-31,GLD,US,121.25,0.04942011424614856,0.04942011424614856,0.0
305,2019-01-31,GLD,US,124.75,0.028865979381443196,0.028865979381443196,0.0
306,2019-02-28,GLD,US,123.99,-0.0060921843687374855,-0.0060921843687374855,0.0
307,2019-03-31,GLD,US,122.01,-0.015969029760464437,-0.015969029760464437,0.0
308,2019-04-30,GLD,US,121.2,-0.006638800098352604,-0.006638800098352604,0.0
309,2019-05-31,GLD,US,123.33,0.01757425742574248,0.01757425742574248,0.0
310,2019-06-30,GLD,US,133.2,0.08002918997810737,0.08002918997810737,0.0
311,2019-07-31,GLD,US,133.21,7.507507507531486e-05,7.507507507531486e-05,0.0
312,2019-08-31,GLD,US,143.75,0.07912318894977854,0.07912318894977854,0.0
313,2019-09-30,GLD,US,138.87,-0.033947826086956456,-0.033947826086956456,0.0
314,2019-10-31,GLD,US,142.43,0.025635486426153875,0.025635486426153875,0.0
315,2019-11-30,GLD,US,137.86,-0.03208593695148487,-0.03208593695148487,0.0
316,2019-12-31,GLD,US,142.9,0.03655882779631514,0.03655882779631514,0.0
317,2020-01-31,GLD,US,149.33,0.04499650104968511,0.04499650104968511,0.0
318,2020-02-29,GLD,US,148.38,-0.0063617491461863684,-0.0063617491461863684,0.0
319,2020-03-31,GLD,US,148.05,-0.002224019409623801,-0.002224019409623801,0.0
320,2020-04-30,GLD,US,158.8,0.07261060452549817,0.07261060452549817,0.0
321,2020-05-31,GLD,US,162.91,0.025881612090679962,0.025881612090679962,0.0
322,2020-06-30,GLD,US,167.37,0.02737707936897671,0.02737707936897671,0.0
323,2020-07-31,GLD,US,185.43,0.10790464240903397,0.10790464240903397,0.0
324,2020-08-31,GLD,US,184.83,-0.0032357223750202335,-0.0032357223750202335,0.0
325,2020-09-30,GLD,US,177.12,-0.04171400746632048,-0.04171400746632048,0.0
326,2020-10-31,GLD,US,176.2,-0.00519421860885283,-0.00519421860885283,0.0
327,2020-11-30,GLD,US,166.67,-0.05408626560726448,-0.05408626560726448,0.0
328,2020-12-31,GLD,US,178.36,0.07013859722805571,0.07013859722805571,0.0
329,2021-01-31,GLD,US,172.61,-0.032238169993272,-0.032238169993272,0.0
330,2021-02-28,GLD,US,161.81,-0.06256879670934479,-0.06256879670934479,0.0
331,2021-03-31,GLD,US,159.96,-0.011433162350905302,-0.011433162350905302,0.0
332,2021-04-30,GLD,US,165.66,0.035633908477119114,0.035633908477119114,0.0
333,2021-05-31,GLD,US,178.38,0.0767837739949293,0.0767837739949293,0.0
334,2021-06-30,GLD,US,165.63,-0.07147662293979151,-0.07147662293979151,0.0
335,2021-07-31,GLD,US,169.82,0.025297349513976997,0.025297349513976997,0.0
336,2021-08-31,GLD,US,169.69,-0.000765516429160229,-0.000765516429160229,0.0
337,2021-09-30,GLD,US,164.22,-0.03223525251929993,-0.03223525251929993,0.0
338,2021-10-31,GLD,US,166.65,0.01479722323712096,0.01479722323712096,0.0
339,2021-11-30,GLD,US,165.5,-0.006900690069006954,-0.006900690069006954,0.0
340,2021-12-31,GLD,US,170.96,0.03299093655589136,0.03299093655589136,0.0
341,2022-01-31,GLD,US,168.09,-0.01678755264389331,-0.01678755264389331,0.0
342,2022-02-28,GLD,US,178.38,0.0612172050687132,0.0612172050687132,0.0
343,2022-03-31,GLD,US,180.65,0.0127256418881041,0.0127256418881041,0.0
344,2022-04-30,GLD,US,176.91,-0.02070301688347642,-0.02070301688347642,0.0
345,2022-05-31,GLD,US,171.14,-0.032615454185744186,-0.032615454185744186,0.0
346,2022-06-30,GLD,US,168.46,-0.015659693817926756,-0.015659693817926756,0.0
347,2022-07-31,GLD,US,164.1,-0.025881514899679492,-0.025881514899679492,0.0
348,2022-08-31,GLD,US,159.27,-0.029433272394881027,-0.029433272394881027,0.0
349,2022-09-30,GLD,US,154.67,-0.02888177308972195,-0.02888177308972195,0.0
350,2022-10-31,GLD,US,151.91,-0.017844443007693722,-0.017844443007693722,0.0
351,2022-11-30,GLD,US,164.81,0.08491870186294515,0.08491870186294515,0.0
352,2022-12-31,GLD,US,169.64,0.02930647412171572,0.02930647412171572,0.0
353,2023-01-31,GLD,US,179.41,0.05759254892713983,0.05759254892713983,0.0
354,2023-02-28,GLD,US,169.78,-0.05367593779610946,-0.05367593779610946,0.0
355,2023-03-31,GLD,US,183.22,0.07916126752267649,0.07916126752267649,0.0
356,2023-04-30,GLD,US,184.8,0.008623512716952275,0.008623512716952275,0.0
357,2023-05-31,GLD,US,182.32,-0.013419913419913554,-0.013419913419913554,0.0
358,2023-06-30,GLD,US,178.27,-0.02221369021500652,-0.02221369021500652,0.0
359,2023-07-31,GLD,US,182.35,0.022886632635889192,0.022886632635889192,0.0
360,2023-08-31,GLD,US,180.02,-0.012777625445571594,-0.012777625445571594,0.0
361,2023-09-30,GLD,US,171.45,-0.047605821575380625,-0.047605821575380625,0.0
362,2023-10-31,GLD,US,184.09,0.0737241178186061,0.0737241178186061,0.0
363,2023-11-30,GLD,US,188.75,0.02531370525286536,0.02531370525286536,0.0
364,2023-12-31,GLD,US,191.17,0.012821192052980157,0.012821192052980157,0.0
365,2024-01-31,GLD,US,188.45,-0.014228173876654315,-0.014228173876654315,0.0
366,2024-02-29,GLD,US,189.31,0.004563544706818856,0.004563544706818856,0.0
367,2024-03-31,GLD,US,205.72,0.08668321800221856,0.08668321800221856,0.0
368,2024-04-30,GLD,US,211.87,0.029895002916585645,0.029895002916585645,0.0
369,2024-05-31,GLD,US,212.96,0.005144664180865677,0.005144664180865677,0.0
370,2024-06-30,GLD,US,215.01,0.009626220886551407,0.009626220886551407,0.0
371,2024-07-31,GLD,US,226.55,0.05367192223617523,0.05367192223617523,0.0
372,2024-08-31,GLD,US,231.29,0.02092253365702934,0.02092253365702934,0.0
373,2024-09-30,GLD,US,243.06,0.05088849496303349,0.05088849496303349,0.0
374,2024-10-31,GLD,US,253.51,0.04299349954743681,0.04299349954743681,0.0
375,2024-11-30,GLD,US,245.59,-0.031241371149067,-0.031241371149067,0.0
376,2024-12-31,GLD,US,242.13,-0.014088521519605934,-0.014088521519605934,0.0
377,2025-01-31,GLD,US,258.56,0.06785611035394212,0.06785611035394212,0.0
378,2025-02-28,GLD,US,263.27,0.018216274752475226,0.018216274752475226,0.0
379,2025-03-31,GLD,US,288.14,0.09446575758726783,0.09446575758726783,0.0
380,2025-04-30,GLD,US,303.77,0.05424446449642528,0.05424446449642528,0.0
381,2025-05-31,GLD,US,303.6,-0.00055963393356806,-0.00055963393356806,0.0
382,2025-06-30,GLD,US,304.83,0.004051383399209296,0.004051383399209296,0.0
383,2025-07-31,GLD,US,302.96,-0.006134566807728947,-0.006134566807728947,0.0
384,2025-08-31,GLD,US,318.07,0.04987457090044889,0.04987457090044889,0.0
385,2025-09-30,GLD,US,355.47,0.11758417958311074,0.11758417958311074,0.0
386,2025-10-31,GLD,US,368.12,0.0355866880468112,0.0355866880468112,0.0
387,2025-11-30,GLD,US,387.88,0.05367814842985985,0.05367814842985985,0.0
388,2025-12-31,GLD,US,396.31,0.021733525832731804,0.021733525832731804,0.0
389,2026-01-31,GLD,US,444.95,0.12273220458731804,0.12273220458731804,0.0
390,2026-02-28,GLD,US,473.42,0.06398471738397582,0.06398471738397582,0.0
391,2026-03-31,GLD,US,,0.0,0.0,0.0
392,2018-02-28,DBC,US,16.132,-0.029245396557949,-0.029245396557949,0.0
393,2018-03-31,DBC,US,16.501,0.022873791222415063,0.022873791222415063,0.0
394,2018-04-30,DBC,US,17.065,0.034179746682019285,0.034179746682019285,0.0
395,2018-05-31,DBC,US,17.522,0.026779958980369,0.026779958980369,0.0
396,2018-06-30,DBC,US,17.181,-0.019461248715899826,-0.019461248715899826,0.0
397,2018-07-31,DBC,US,16.764,-0.024270997031604735,-0.024270997031604735,0.0
398,2018-08-31,DBC,US,16.89,0.00751610594130292,0.00751610594130292,0.0
399,2018-09-30,DBC,US,17.463,0.03392539964476016,0.03392539964476016,0.0
400,2018-10-31,DBC,US,16.481,-0.05623317872072375,-0.05623317872072375,0.0
401,2018-11-30,DBC,US,14.859,-0.09841635823068995,-0.09841635823068995,0.0
402,2018-12-31,DBC,US,14.265,-0.039975772259236764,-0.039975772259236764,0.0
403,2019-01-31,DBC,US,15.279,0.07108307045215567,0.07108307045215567,0.0
404,2019-02-28,DBC,US,15.712,0.028339551017736664,0.028339551017736664,0.0
405,2019-03-31,DBC,US,15.653,-0.003755091649694453,-0.003755091649694453,0.0
406,2019-04-30,DBC,US,15.84,0.01194659170765977,0.01194659170765977,0.0
407,2019-05-31,DBC,US,14.895,-0.05965909090909094,-0.05965909090909094,0.0
408,2019-06-30,DBC,US,15.486,0.03967774420946624,0.03967774420946624,0.0
409,2019-07-31,DBC,US,15.309,-0.011429678419217493,-0.011429678419217493,0.0
410,2019-08-31,DBC,US,14.6,-0.04631262655954016,-0.04631262655954016,0.0
411,2019-09-30,DBC,US,14.807,0.01417808219178096,0.01417808219178096,0.0
412,2019-10-31,DBC,US,15.092,0.019247653137029808,0.019247653137029808,0.0
413,2019-11-30,DBC,US,15.072,-0.0013252054068381147,-0.0013252054068381147,0.0
414,2019-12-31,DBC,US,15.95,0.05825371549893843,0.05825371549893843,0.0
415,2020-01-31,DBC,US,14.58,-0.08589341692789965,-0.08589341692789965,0.0
416,2020-02-29,DBC,US,13.61,-0.0665294924554184,-0.0665294924554184,0.0
417,2020-03-31,DBC,US,11.25,-0.1734019103600294,-0.1734019103600294,0.0
418,2020-04-30,DBC,US,10.9,-0.03111111111111109,-0.03111111111111109,0.0
419,2020-05-31,DBC,US,11.78,0.08073394495412844,0.08073394495412844,0.0
420,2020-06-30,DBC,US,12.31,0.0449915110356538,0.0449915110356538,0.0
421,2020-07-31,DBC,US,12.94,0.051177904142973185,0.051177904142973185,0.0
422,2020-08-31,DBC,US,13.54,0.04636785162287471,0.04636785162287471,0.0
423,2020-09-30,DBC,US,13.06,-0.03545051698670598,-0.03545051698670598,0.0
424,2020-10-31,DBC,US,12.65,-0.03139356814701377,-0.03139356814701377,0.0
425,2020-11-30,DBC,US,13.94,0.10197628458498009,0.10197628458498009,0.0
426,2020-12-31,DBC,US,14.7,0.05451936872309893,0.05451936872309893,0.0
427,2021-01-31,DBC,US,15.19,0.03333333333333344,0.03333333333333344,0.0
428,2021-02-28,DBC,US,16.73,0.10138248847926268,0.10138248847926268,0.0
429,2021-03-31,DBC,US,16.61,-0.0071727435744173285,-0.0071727435744173285,0.0
430,2021-04-30,DBC,US,17.91,0.07826610475617102,0.07826610475617102,0.0
431,2021-05-31,DBC,US,18.6,0.03852596314907886,0.03852596314907886,0.0
432,2021-06-30,DBC,US,19.25,0.034946236559139754,0.034946236559139754,0.0
433,2021-07-31,DBC,US,19.5,0.01298701298701288,0.01298701298701288,0.0
434,2021-08-31,DBC,US,19.18,-0.016410256410256396,-0.016410256410256396,0.0
435,2021-09-30,DBC,US,20.18,0.05213764337851923,0.05213764337851923,0.0
436,2021-10-31,DBC,US,21.35,0.057978196233894996,0.057978196233894996,0.0
437,2021-11-30,DBC,US,19.48,-0.08758782201405158,-0.08758782201405158,0.0
438,2021-12-31,DBC,US,20.78,0.06673511293634493,0.06673511293634493,0.0
439,2022-01-31,DBC,US,22.42,0.07892204042348405,0.07892204042348405,0.0
440,2022-02-28,DBC,US,23.87,0.06467439785905449,0.06467439785905449,0.0
441,2022-03-31,DBC,US,26.06,0.0917469627147045,0.0917469627147045,0.0
442,2022-04-30,DBC,US,27.53,0.05640828856485047,0.05640828856485047,0.0
443,2022-05-31,DBC,US,28.8,0.04613149291681795,0.04613149291681795,0.0
444,2022-06-30,DBC,US,26.64,-0.07499999999999996,-0.07499999999999996,0.0
445,2022-07-31,DBC,US,26.11,-0.019894894894894932,-0.019894894894894932,0.0
446,2022-08-31,DBC,US,25.72,-0.014936805821524346,-0.014936805821524346,0.0
447,2022-09-30,DBC,US,23.91,-0.07037325038880249,-0.07037325038880249,0.0
448,2022-10-31,DBC,US,25.12,0.05060644081974064,0.05060644081974064,0.0
449,2022-11-30,DBC,US,25.49,0.014729299363057224,0.014729299363057224,0.0
450,2022-12-31,DBC,US,24.65,-0.03295409964692031,-0.03295409964692031,0.0
451,2023-01-31,DBC,US,24.87,0.008924949290060935,0.008924949290060935,0.0
452,2023-02-28,DBC,US,23.76,-0.04463208685162845,-0.04463208685162845,0.0
453,2023-03-31,DBC,US,23.74,-0.0008417508417509767,-0.0008417508417509767,0.0
454,2023-04-30,DBC,US,23.56,-0.0075821398483572056,-0.0075821398483572056,0.0
455,2023-05-31,DBC,US,22.05,-0.06409168081494054,-0.06409168081494054,0.0
456,2023-06-30,DBC,US,22.7,0.02947845804988658,0.02947845804988658,0.0
457,2023-07-31,DBC,US,24.68,0.08722466960352415,0.08722466960352415,0.0
458,2023-08-31,DBC,US,24.59,-0.003646677471636939,-0.003646677471636939,0.0
459,2023-09-30,DBC,US,24.96,0.015046766978446646,0.015046766978446646,0.0
460,2023-10-31,DBC,US,24.51,-0.018028846153846145,-0.018028846153846145,0.0
461,2023-11-30,DBC,US,23.91,-0.02447980416156681,-0.02447980416156681,0.0
462,2023-12-31,DBC,US,22.04,-0.07820995399414477,-0.07820995399414477,0.0
463,2024-01-31,DBC,US,22.33,0.013157894736842035,0.013157894736842035,0.0
464,2024-02-29,DBC,US,21.99,-0.015226153157187672,-0.015226153157187672,0.0
465,2024-03-31,DBC,US,22.97,0.04456571168713053,0.04456571168713053,0.0
466,2024-04-30,DBC,US,23.34,0.016107966913365246,0.016107966913365246,0.0
467,2024-05-31,DBC,US,23.11,-0.009854327335047097,-0.009854327335047097,0.0
468,2024-06-30,DBC,US,23.23,0.005192557334487313,0.005192557334487313,0.0
469,2024-07-31,DBC,US,22.58,-0.02798105897546288,-0.02798105897546288,0.0
470,2024-08-31,DBC,US,22.11,-0.020814880425155002,-0.020814880425155002,0.0
471,2024-09-30,DBC,US,22.27,0.007236544549977353,0.007236544549977353,0.0
472,2024-10-31,DBC,US,22.59,0.014369106421194378,0.014369106421194378,0.0
473,2024-11-30,DBC,US,22.14,-0.019920318725099584,-0.019920318725099584,0.0
474,2024-12-31,DBC,US,21.38,-0.03432700993676607,-0.03432700993676607,0.0
475,2025-01-31,DBC,US,21.97,0.0275958840037418,0.0275958840037418,0.0
476,2025-02-28,DBC,US,22.0,0.001365498406918686,0.001365498406918686,0.0
477,2025-03-31,DBC,US,22.5,0.022727272727272707,0.022727272727272707,0.0
478,2025-04-30,DBC,US,20.57,-0.08577777777777773,-0.08577777777777773,0.0
479,2025-05-31,DBC,US,20.88,0.015070491006319742,0.015070491006319742,0.0
480,2025-06-30,DBC,US,21.81,0.04454022988505746,0.04454022988505746,0.0
481,2025-07-31,DBC,US,22.45,0.029344337459880743,0.029344337459880743,0.0
482,2025-08-31,DBC,US,22.21,-0.010690423162583396,-0.010690423162583396,0.0
483,2025-09-30,DBC,US,22.53,0.014407924358397217,0.014407924358397217,0.0
484,2025-10-31,DBC,US,22.88,0.01553484243231229,0.01553484243231229,0.0
485,2025-11-30,DBC,US,23.06,0.00786713286713292,0.00786713286713292,0.0
486,2025-12-31,DBC,US,22.36,-0.030355594102341676,-0.030355594102341676,0.0
487,2026-01-31,DBC,US,24.43,0.09257602862254033,0.09257602862254033,0.0
488,2026-02-28,DBC,US,24.75,0.013098649201801038,0.013098649201801038,0.0
489,2026-03-31,DBC,US,,0.0,0.0,0.0
490,2018-02-28,BTC,US,10326.76,0.004050519683814535,0.004050519683814535,0.0
491,2018-03-31,BTC,US,6923.91,-0.32951768027919703,-0.32951768027919703,0.0
492,2018-04-30,BTC,US,9246.01,0.3353740877625504,0.3353740877625504,0.0
493,2018-05-31,BTC,US,7485.01,-0.19046053378700645,-0.19046053378700645,0.0
494,2018-06-30,BTC,US,6390.07,-0.14628437370157166,-0.14628437370157166,0.0
495,2018-07-31,BTC,US,7730.93,0.20983494703500916,0.20983494703500916,0.0
496,2018-08-31,BTC,US,7011.21,-0.09309617342286114,-0.09309617342286114,0.0
497,2018-09-30,BTC,US,6626.57,-0.054860715910663105,-0.054860715910663105,0.0
498,2018-10-31,BTC,US,6371.93,-0.03842711991271497,-0.03842711991271497,0.0
499,2018-11-30,BTC,US,4041.32,-0.3657620218677857,-0.3657620218677857,0.0
500,2018-12-31,BTC,US,3702.9,-0.08373996614967394,-0.08373996614967394,0.0
501,2019-01-31,BTC,US,3434.1,-0.07259175241027305,-0.07259175241027305,0.0
502,2019-02-28,BTC,US,3813.69,0.110535511487726,0.110535511487726,0.0
503,2019-03-31,BTC,US,4103.95,0.07611001418573604,0.07611001418573604,0.0
504,2019-04-30,BTC,US,5320.81,0.2965094603979095,0.2965094603979095,0.0
505,2019-05-31,BTC,US,8555.0,0.6078379043792204,0.6078379043792204,0.0
506,2019-06-30,BTC,US,10854.1,0.26874342489772074,0.26874342489772074,0.0
507,2019-07-31,BTC,US,10080.53,-0.07126984273223935,-0.07126984273223935,0.0
508,2019-08-31,BTC,US,9587.47,-0.048912110771953565,-0.048912110771953565,0.0
509,2019-09-30,BTC,US,8289.34,-0.13539859837892576,-0.13539859837892576,0.0
510,2019-10-31,BTC,US,9140.85,0.1027234978900613,0.1027234978900613,0.0
511,2019-11-30,BTC,US,7541.89,-0.17492465142738367,-0.17492465142738367,0.0
512,2019-12-31,BTC,US,7195.23,-0.04596460568902505,-0.04596460568902505,0.0
513,2020-01-31,BTC,US,9352.89,0.2998736663039263,0.2998736663039263,0.0
514,2020-02-29,BTC,US,8523.61,-0.08866564238433239,-0.08866564238433239,0.0
515,2020-03-31,BTC,US,6410.44,-0.24791960214040776,-0.24791960214040776,0.0
516,2020-04-30,BTC,US,8620.0,0.3446814883221745,0.3446814883221745,0.0
517,2020-05-31,BTC,US,9448.27,0.09608700696055683,0.09608700696055683,0.0
518,2020-06-30,BTC,US,9138.55,-0.03278060427993712,-0.03278060427993712,0.0
519,2020-07-31,BTC,US,11335.46,0.24040028232049937,0.24040028232049937,0.0
520,2020-08-31,BTC,US,11649.51,0.02770509533799248,0.02770509533799248,0.0
521,2020-09-30,BTC,US,10776.59,-0.0749319070072475,-0.0749319070072475,0.0
522,2020-10-31,BTC,US,13791.0,0.2797183524658542,0.2797183524658542,0.0
523,2020-11-30,BTC,US,19695.87,0.428168370676528,0.428168370676528,0.0
524,2020-12-31,BTC,US,28923.63,0.4685124343326801,0.4685124343326801,0.0
525,2021-01-31,BTC,US,33092.98,0.14415030201949075,0.14415030201949075,0.0
526,2021-02-28,BTC,US,45135.66,0.36390436884197186,0.36390436884197186,0.0
527,2021-03-31,BTC,US,58740.55,0.30142220142565757,0.30142220142565757,0.0
528,2021-04-30,BTC,US,57694.27,-0.017811886337462002,-0.017811886337462002,0.0
529,2021-05-31,BTC,US,37253.81,-0.35428925610810225,-0.35428925610810225,0.0
530,2021-06-30,BTC,US,35045.0,-0.059290848372287264,-0.059290848372287264,0.0
531,2021-07-31,BTC,US,41461.83,0.18310258239406485,0.18310258239406485,0.0
532,2021-08-31,BTC,US,47100.89,0.13600605665500054,0.13600605665500054,0.0
533,2021-09-30,BTC,US,43824.1,-0.06956959836640031,-0.06956959836640031,0.0
534,2021-10-31,BTC,US,61299.8,0.398769170387983,0.398769170387983,0.0
535,2021-11-30,BTC,US,56950.56,-0.07095031305159238,-0.07095031305159238,0.0
536,2021-12-31,BTC,US,46216.93,-0.18847277357764347,-0.18847277357764347,0.0
537,2022-01-31,BTC,US,38466.9,-0.16768811775252057,-0.16768811775252057,0.0
538,2022-02-28,BTC,US,43160.0,0.1220035926991776,0.1220035926991776,0.0
539,2022-03-31,BTC,US,45510.34,0.05445644114921211,0.05445644114921211,0.0
540,2022-04-30,BTC,US,37630.8,-0.17313735735659175,-0.17313735735659175,0.0
541,2022-05-31,BTC,US,31801.04,-0.15491990603441863,-0.15491990603441863,0.0
542,2022-06-30,BTC,US,19942.21,-0.37290698668974354,-0.37290698668974354,0.0
543,2022-07-31,BTC,US,23293.32,0.16804105462734564,0.16804105462734564,0.0
544,2022-08-31,BTC,US,20050.02,-0.1392373435817651,-0.1392373435817651,0.0
545,2022-09-30,BTC,US,19422.61,-0.03129223811248072,-0.03129223811248072,0.0
546,2022-10-31,BTC,US,20490.74,0.05499415372084404,0.05499415372084404,0.0
547,2022-11-30,BTC,US,17163.64,-0.16237090510152397,-0.16237090510152397,0.0
548,2022-12-31,BTC,US,16542.4,-0.036195119450186386,-0.036195119450186386,0.0
549,2023-01-31,BTC,US,23125.13,0.3979307718348002,0.3979307718348002,0.0
550,2023-02-28,BTC,US,23141.57,0.000710914922424255,0.000710914922424255,0.0
551,2023-03-31,BTC,US,28465.36,0.23005310357076048,0.23005310357076048,0.0
552,2023-04-30,BTC,US,29233.21,0.026974891587529415,0.026974891587529415,0.0
553,2023-05-31,BTC,US,27210.35,-0.06919732728632955,-0.06919732728632955,0.0
554,2023-06-30,BTC,US,30472.0,0.11986799140768123,0.11986799140768123,0.0
555,2023-07-31,BTC,US,29232.25,-0.040684891047519045,-0.040684891047519045,0.0
556,2023-08-31,BTC,US,25940.78,-0.11259721711465931,-0.11259721711465931,0.0
557,2023-09-30,BTC,US,26962.56,0.039388946670069425,0.039388946670069425,0.0
558,2023-10-31,BTC,US,34639.77,0.2847359449547815,0.2847359449547815,0.0
559,2023-11-30,BTC,US,37723.96,0.08903609925816491,0.08903609925816491,0.0
560,2023-12-31,BTC,US,42283.58,0.1208680106754434,0.1208680106754434,0.0
561,2024-01-31,BTC,US,42580.0,0.007010286262421506,0.007010286262421506,0.0
562,2024-02-29,BTC,US,61130.98,0.43567355565993426,0.43567355565993426,0.0
563,2024-03-31,BTC,US,71280.01,0.1660210583897066,0.1660210583897066,0.0
564,2024-04-30,BTC,US,60672.0,-0.14882166823489495,-0.14882166823489495,0.0
565,2024-05-31,BTC,US,67540.01,0.11319900448312237,0.11319900448312237,0.0
566,2024-06-30,BTC,US,62772.01,-0.07059519239040668,-0.07059519239040668,0.0
567,2024-07-31,BTC,US,64628.0,0.029567158993315523,0.029567158993315523,0.0
568,2024-08-31,BTC,US,58973.99,-0.08748545522064743,-0.08748545522064743,0.0
569,2024-09-30,BTC,US,63327.59,0.07382237491477173,0.07382237491477173,0.0
570,2024-10-31,BTC,US,70292.01,0.10997449926643355,0.10997449926643355,0.0
571,2024-11-30,BTC,US,96407.99,0.37153554152171786,0.37153554152171786,0.0
572,2024-12-31,BTC,US,93576.0,-0.029375054909868026,-0.029375054909868026,0.0
573,2025-01-31,BTC,US,102429.56,0.0946135761306317,0.0946135761306317,0.0
574,2025-02-28,BTC,US,84349.94,-0.17650783621446775,-0.17650783621446775,0.0
575,2025-03-31,BTC,US,82550.01,-0.02133884149769405,-0.02133884149769405,0.0
576,2025-04-30,BTC,US,94172.0,0.14078726338131275,0.14078726338131275,0.0
577,2025-05-31,BTC,US,104591.88,0.11064732616913742,0.11064732616913742,0.0
578,2025-06-30,BTC,US,107146.5,0.024424649408730348,0.024424649408730348,0.0
579,2025-07-31,BTC,US,115764.08,0.08042801211425488,0.08042801211425488,0.0
580,2025-08-31,BTC,US,108246.35,-0.06494009195252959,-0.06494009195252959,0.0
581,2025-09-30,BTC,US,114048.93,0.05360531786984035,0.05360531786984035,0.0
582,2025-10-31,BTC,US,109608.01,-0.03893872568554568,-0.03893872568554568,0.0
583,2025-11-30,BTC,US,90360.0,-0.17560769509454643,-0.17560769509454643,0.0
584,2025-12-31,BTC,US,87648.22,-0.030010845506861394,-0.030010845506861394,0.0
585,2026-01-31,BTC,US,78741.09,-0.10162362681181669,-0.10162362681181669,0.0
586,2026-02-28,BTC,US,66973.26,-0.1494496710675456,-0.1494496710675456,0.0
587,2026-03-31,BTC,US,,0.0,0.0,0.0
588,2018-02-28,CSI300,CN,4.02,-0.06529815789372428,-0.05876843830484668,-0.006937420986093623
589,2018-03-31,CSI300,CN,,0.008832063259254674,0.0,0.008832063259254674
590,2018-04-30,CSI300,CN,,-0.00945913936044207,0.0,-0.00945913936044207
591,2018-05-31,CSI300,CN,3.803,-0.06535961371996735,-0.0539800995024875,-0.012028831752371572
592,2018-06-30,CSI300,CN,,-0.031358147829109395,0.0,-0.031358147829109395
593,2018-07-31,CSI300,CN,3.575,-0.0857480827889896,-0.059952668945569276,-0.027440547929098558
594,2018-08-31,CSI300,CN,3.39,-0.055385762114898096,-0.051748251748251706,-0.003836017569545991
595,2018-09-30,CSI300,CN,,-0.005532906231799806,0.0,-0.005532906231799806
596,2018-10-31,CSI300,CN,3.205,-0.06890206918594233,-0.054572271386430726,-0.015156946814460004
597,2018-11-30,CSI300,CN,3.235,0.011957854316933192,0.009360374414976613,0.0025733919894190826
598,2018-12-31,CSI300,CN,,0.011679150607228461,0.0,0.011679150607228461
599,2019-01-31,CSI300,CN,3.202,0.01636302218655339,-0.010200927357032485,0.026837719167239316
600,2019-02-28,CSI300,CN,3.663,0.14475896408897926,0.14397251717676451,0.0006874701099950364
601,2019-03-31,CSI300,CN,,-0.0029800929789008945,0.0,-0.0029800929789008945
602,2019-04-30,CSI300,CN,3.896,0.059897715962574205,0.0636090636090636,-0.003489390767220435
603,2019-05-31,CSI300,CN,3.632,-0.09045090203520945,-0.06776180698151946,-0.024338302403407508
604,2019-06-30,CSI300,CN,,0.005491624180626431,0.0,0.005491624180626431
605,2019-07-31,CSI300,CN,3.896,0.0698353692788094,0.07268722466960353,-0.0026586085162639828
606,2019-08-31,CSI300,CN,,-0.03787931733363148,0.0,-0.03787931733363148
607,2019-09-30,CSI300,CN,3.869,-0.006013210004602754,-0.006930184804928019,0.0009233739524598938
608,2019-10-31,CSI300,CN,3.945,0.03555102359781559,0.01964331868699909,0.01560124468946733
609,2019-11-30,CSI300,CN,,0.0010098424076918633,0.0,0.0010098424076918633
610,2019-12-31,CSI300,CN,4.096,0.04856689416562965,0.03827629911280117,0.00991122985434778
611,2020-01-31,CSI300,CN,,0.006607770275155245,0.0,0.006607770275155245
612,2020-02-29,CSI300,CN,,-0.010657168197293454,0.0,-0.010657168197293454
613,2020-03-31,CSI300,CN,3.669,-0.11565873862902143,-0.104248046875,-0.012738673596203842
614,2020-04-30,CSI300,CN,3.908,0.06794566821456005,0.0651403652221314,0.0026337401942735372
615,2020-05-31,CSI300,CN,,-0.010175477939115218,0.0,-0.010175477939115218
616,2020-06-30,CSI300,CN,4.178,0.0796360335210946,0.06908904810644834,0.009865394686557671
617,2020-07-31,CSI300,CN,4.75,0.15169275702230323,0.13690761129727136,0.0130047029135123
618,2020-08-31,CSI300,CN,4.874,0.04513662811701069,0.02610526315789463,0.018547185793147625
619,2020-09-30,CSI300,CN,4.646,-0.03866403559398712,-0.04677882642593345,0.008513019912808062
620,2020-10-31,CSI300,CN,,0.014599739984159976,0.0,0.014599739984159976
621,2020-11-30,CSI300,CN,5.031,0.10195218357522817,0.0828669823504089,0.01762469586374693
622,2020-12-31,CSI300,CN,5.287,0.059098326010916136,0.05088451600079513,0.007816091954022886
623,2021-01-31,CSI300,CN,,0.015058647832985939,0.0,0.015058647832985939
624,2021-02-28,CSI300,CN,,-0.006921056697049122,0.0,-0.006921056697049122
625,2021-03-31,CSI300,CN,5.05,-0.056315019339874595,-0.044826933989029705,-0.012027229158399377
626,2021-04-30,CSI300,CN,5.128,0.02750561689167097,0.01544554455445546,0.011876631299325036
627,2021-05-31,CSI300,CN,5.338,0.05852589146440512,0.0409516380655226,0.016882872129911908
628,2021-06-30,CSI300,CN,5.256,-0.028964654533360834,-0.015361558636193262,-0.013815320757054939
629,2021-07-31,CSI300,CN,,-0.0006655419523594608,0.0,-0.0006655419523594608
630,2021-08-31,CSI300,CN,4.879,-0.07165570620288553,-0.07172754946727566,7.739458857036752e-05
631,2021-09-30,CSI300,CN,4.935,0.014146402918979284,0.011477761836441891,0.0026383586305369633
632,2021-10-31,CSI300,CN,,0.00599531615925053,0.0,0.00599531615925053
633,2021-11-30,CSI300,CN,4.911,0.0015479358626315776,-0.004863221884498503,0.006442489000628493
634,2021-12-31,CSI300,CN,5.008,0.018375395123618743,0.019751578090002164,-0.0013495276653172628
635,2022-01-31,CSI300,CN,,0.001823612639522132,0.0,0.001823612639522132
636,2022-02-28,CSI300,CN,4.571,-0.07964987932313183,-0.08726038338658149,0.008338088897343221
637,2022-03-31,CSI300,CN,4.218,-0.08172391824267233,-0.0772259899365565,-0.004874355212720616
638,2022-04-30,CSI300,CN,,-0.04066283292978212,0.0,-0.04066283292978212
639,2022-05-31,CSI300,CN,4.089,-0.039810220093987936,-0.030583214793741043,-0.009518099377950895
640,2022-06-30,CSI300,CN,4.508,0.09809182937957428,0.1024700415749571,-0.0039712754363178115
641,2022-07-31,CSI300,CN,,-0.0067029495944122,0.0,-0.0067029495944122
642,2022-08-31,CSI300,CN,4.141,-0.1008386728942905,-0.08141082519964504,-0.021149658876469912
643,2022-09-30,CSI300,CN,3.868,-0.09540520643927675,-0.06592610480560257,-0.031559710409784114
644,2022-10-31,CSI300,CN,3.565,-0.10247185783239865,-0.07833505687693898,-0.026188259774394984
645,2022-11-30,CSI300,CN,3.911,0.1306261602576675,0.09705469845722292,0.03060144753735239
646,2022-12-31,CSI300,CN,,0.02764890100330586,0.0,0.02764890100330586
647,2023-01-31,CSI300,CN,4.159,0.08595759649839962,0.06341089235489639,0.021202250518211452
648,2023-02-28,CSI300,CN,4.071,-0.046362413223309806,-0.021158932435681677,-0.025748287053732555
649,2023-03-31,CSI300,CN,4.05,0.004242985968137658,-0.005158437730287346,0.009450171821305808
650,2023-04-30,CSI300,CN,,-0.006279843727390988,0.0,-0.006279843727390988
651,2023-05-31,CSI300,CN,3.802,-0.08750943723845739,-0.06123456790123449,-0.027988748241912886
652,2023-06-30,CSI300,CN,3.882,0.0011453768020686095,0.021041557075223594,-0.01948616110214718
653,2023-07-31,CSI300,CN,4.084,0.06804547900354985,0.052035033487892735,0.015218547867723142
654,2023-08-31,CSI300,CN,3.839,-0.07496156665495646,-0.05999020568070512,-0.015926813810586693
655,2023-09-30,CSI300,CN,,-0.005180921052631571,0.0,-0.005180921052631571
656,2023-10-31,CSI300,CN,3.644,-0.053466980497455685,-0.05079447772857515,-0.0028155154033293606
657,2023-11-30,CSI300,CN,3.562,0.002236045615865656,-0.02250274423710219,0.025308295964125538
658,2023-12-31,CSI300,CN,,0.005084578656037619,0.0,0.005084578656037619
659,2024-01-31,CSI300,CN,3.222,-0.10395820001428457,-0.09545199326221221,-0.009403820127523832
660,2024-02-29,CSI300,CN,3.503,0.08262098985737976,0.08721291123525754,-0.004223571418647598
661,2024-03-31,CSI300,CN,,-0.0031300638477623766,0.0,-0.0031300638477623766
662,2024-04-30,CSI300,CN,3.598,0.02431067703491041,0.02711961176134725,-0.002734768856783809
663,2024-05-31,CSI300,CN,3.582,-0.00457065446062932,-0.004446914952751513,-0.00012429222483090197
664,2024-06-30,CSI300,CN,,-0.003605239982386599,0.0,-0.003605239982386599
665,2024-07-31,CSI300,CN,3.508,-0.014160928801938089,-0.02065884980457844,0.006634992312274157
666,2024-08-31,CSI300,CN,,0.01823695345557108,0.0,0.01823695345557108
667,2024-09-30,CSI300,CN,4.233,0.2191195871231204,0.20667046750285056,0.010316917464660236
668,2024-10-31,CSI300,CN,3.971,-0.07510070628971244,-0.061894637373021366,-0.014077383461181925
669,2024-11-30,CSI300,CN,,-0.017190671471770003,0.0,-0.017190671471770003
670,2024-12-31,CSI300,CN,4.022,0.0049338531280394005,0.012843112566104375,-0.007808967983231274
671,2025-01-31,CSI300,CN,,0.007884344536190468,0.0,0.007884344536190468
672,2025-02-28,CSI300,CN,3.994,-0.012497679525393823,-0.00696171059174544,-0.005574778931180191
673,2025-03-31,CSI300,CN,3.984,0.0010839153434356597,-0.0025037556334501776,0.0035966761751209386
674,2025-04-30,CSI300,CN,3.866,-0.0314736582287668,-0.029618473895582254,-0.0019118092041922052
675,2025-05-31,CSI300,CN,,0.00993179703018443,0.0,0.00993179703018443
676,2025-06-30,CSI300,CN,3.982,0.03510947612169457,0.030005173305742483,0.004955608911720422
677,2025-07-31,CSI300,CN,4.155,0.038141470789827325,0.04344550477147169,-0.005083192133551906
678,2025-08-31,CSI300,CN,,0.009789072141815458,0.0,0.009789072141815458
679,2025-09-30,CSI300,CN,4.741,0.1428620922400674,0.141034897713598,0.001601348504003397
680,2025-10-31,CSI300,CN,4.756,0.0034598953436273394,0.0031638894747945123,0.000295072292711529
681,2025-11-30,CSI300,CN,,0.005908043702562704,0.0,0.005908043702562704
682,2025-12-31,CSI300,CN,4.753,0.011087665423032078,-0.0006307821698906535,0.01172584404627397
683,2026-01-31,CSI300,CN,,0.0060566824917278606,0.0,0.0060566824917278606
684,2026-02-28,CSI300,CN,,0.01357558436255979,0.0,0.01357558436255979
685,2026-03-31,CSI300,CN,,-0.00553936282826506,0.0,-0.00553936282826506
686,2018-02-28,STAR50,CN,,-0.006937420986093623,0.0,-0.006937420986093623
687,2018-03-31,STAR50,CN,,0.008832063259254674,0.0,0.008832063259254674
688,2018-04-30,STAR50,CN,,-0.00945913936044207,0.0,-0.00945913936044207
689,2018-05-31,STAR50,CN,,-0.012028831752371572,0.0,-0.012028831752371572
690,2018-06-30,STAR50,CN,,-0.031358147829109395,0.0,-0.031358147829109395
691,2018-07-31,STAR50,CN,,-0.027440547929098558,0.0,-0.027440547929098558
692,2018-08-31,STAR50,CN,,-0.003836017569545991,0.0,-0.003836017569545991
693,2018-09-30,STAR50,CN,,-0.005532906231799806,0.0,-0.005532906231799806
694,2018-10-31,STAR50,CN,,-0.015156946814460004,0.0,-0.015156946814460004
695,2018-11-30,STAR50,CN,,0.0025733919894190826,0.0,0.0025733919894190826
696,2018-12-31,STAR50,CN,,0.011679150607228461,0.0,0.011679150607228461
697,2019-01-31,STAR50,CN,,0.026837719167239316,0.0,0.026837719167239316
698,2019-02-28,STAR50,CN,,0.0006874701099950364,0.0,0.0006874701099950364
699,2019-03-31,STAR50,CN,,-0.0029800929789008945,0.0,-0.0029800929789008945
700,2019-04-30,STAR50,CN,,-0.003489390767220435,0.0,-0.003489390767220435
701,2019-05-31,STAR50,CN,,-0.024338302403407508,0.0,-0.024338302403407508
702,2019-06-30,STAR50,CN,,0.005491624180626431,0.0,0.005491624180626431
703,2019-07-31,STAR50,CN,,-0.0026586085162639828,0.0,-0.0026586085162639828
704,2019-08-31,STAR50,CN,,-0.03787931733363148,0.0,-0.03787931733363148
705,2019-09-30,STAR50,CN,,0.0009233739524598938,0.0,0.0009233739524598938
706,2019-10-31,STAR50,CN,,0.01560124468946733,0.0,0.01560124468946733
707,2019-11-30,STAR50,CN,,0.0010098424076918633,0.0,0.0010098424076918633
708,2019-12-31,STAR50,CN,,0.00991122985434778,0.0,0.00991122985434778
709,2020-01-31,STAR50,CN,,0.006607770275155245,0.0,0.006607770275155245
710,2020-02-29,STAR50,CN,,-0.010657168197293454,0.0,-0.010657168197293454
711,2020-03-31,STAR50,CN,,-0.012738673596203842,0.0,-0.012738673596203842
712,2020-04-30,STAR50,CN,,0.0026337401942735372,0.0,0.0026337401942735372
713,2020-05-31,STAR50,CN,,-0.010175477939115218,0.0,-0.010175477939115218
714,2020-06-30,STAR50,CN,,0.009865394686557671,0.0,0.009865394686557671
715,2020-07-31,STAR50,CN,,0.0130047029135123,0.0,0.0130047029135123
716,2020-08-31,STAR50,CN,,0.018547185793147625,0.0,0.018547185793147625
717,2020-09-30,STAR50,CN,,0.008513019912808062,0.0,0.008513019912808062
718,2020-10-31,STAR50,CN,,0.014599739984159976,0.0,0.014599739984159976
719,2020-11-30,STAR50,CN,1.391,0.01762469586374693,0.0,0.01762469586374693
720,2020-12-31,STAR50,CN,1.434,0.038970723121544815,0.030913012221423397,0.007816091954022886
721,2021-01-31,STAR50,CN,,0.015058647832985939,0.0,0.015058647832985939
722,2021-02-28,STAR50,CN,,-0.006921056697049122,0.0,-0.006921056697049122
723,2021-03-31,STAR50,CN,1.284,-0.11537166125480114,-0.10460251046025104,-0.012027229158399377
724,2021-04-30,STAR50,CN,1.364,0.07492190427747603,0.06230529595015577,0.011876631299325036
725,2021-05-31,STAR50,CN,1.484,0.1063447083876754,0.08797653958944274,0.016882872129911908
726,2021-06-30,STAR50,CN,1.648,0.0951700481080684,0.11051212938005395,-0.013815320757054939
727,2021-07-31,STAR50,CN,,-0.0006655419523594608,0.0,-0.0006655419523594608
728,2021-08-31,STAR50,CN,1.491,-0.09519696885220963,-0.09526699029126207,7.739458857036752e-05
729,2021-09-30,STAR50,CN,1.423,-0.04308894411049358,-0.04560697518444001,0.0026383586305369633
730,2021-10-31,STAR50,CN,,0.00599531615925053,0.0,0.00599531615925053
731,2021-11-30,STAR50,CN,1.53,0.08212017439983255,0.07519325368938867,0.006442489000628493
732,2021-12-31,STAR50,CN,1.452,-0.05226112037257569,-0.050980392156862786,-0.0013495276653172628
733,2022-01-31,STAR50,CN,,0.001823612639522132,0.0,0.001823612639522132
734,2022-02-28,STAR50,CN,1.297,-0.09930130764472855,-0.10674931129476584,0.008338088897343221
735,2022-03-31,STAR50,CN,1.137,-0.1276346506375199,-0.12336160370084803,-0.004874355212720616
736,2022-04-30,STAR50,CN,,-0.04066283292978212,0.0,-0.04066283292978212
737,2022-05-31,STAR50,CN,1.078,-0.06091513731700182,-0.051890941072999075,-0.009518099377950895
738,2022-06-30,STAR50,CN,1.155,0.06717363346108796,0.0714285714285714,-0.0039712754363178115
739,2022-07-31,STAR50,CN,,-0.0067029495944122,0.0,-0.0067029495944122
740,2022-08-31,STAR50,CN,1.077,-0.08725383775753948,-0.06753246753246755,-0.021149658876469912
741,2022-09-30,STAR50,CN,0.981,-0.11788307884122395,-0.08913649025069637,-0.031559710409784114
742,2022-10-31,STAR50,CN,1.06,0.052232869153049366,0.08053007135575951,-0.026188259774394984
743,2022-11-30,STAR50,CN,1.041,0.012128402723003529,-0.017924528301886955,0.03060144753735239
744,2022-12-31,STAR50,CN,,0.02764890100330586,0.0,0.02764890100330586
745,2023-01-31,STAR50,CN,1.058,0.03787894433070882,0.01633045148895307,0.021202250518211452
746,2023-02-28,STAR50,CN,1.033,-0.04876935777552538,-0.02362948960302469,-0.025748287053732555
747,2023-03-31,STAR50,CN,1.124,0.09837559838058851,0.0880929332042597,0.009450171821305808
748,2023-04-30,STAR50,CN,,-0.006279843727390988,0.0,-0.006279843727390988
749,2023-05-31,STAR50,CN,1.097,-0.05133777297275677,-0.024021352313167377,-0.027988748241912886
750,2023-06-30,STAR50,CN,1.052,-0.05970778621646189,-0.04102096627164986,-0.01948616110214718
751,2023-07-31,STAR50,CN,1.015,-0.02048780790329008,-0.035171102661597065,0.015218547867723142
752,2023-08-31,STAR50,CN,0.987,-0.04307366032615667,-0.027586206896551668,-0.015926813810586693
753,2023-09-30,STAR50,CN,,-0.005180921052631571,0.0,-0.005180921052631571
754,2023-10-31,STAR50,CN,0.917,-0.07353781927543368,-0.07092198581560283,-0.0028155154033293606
755,2023-11-30,STAR50,CN,0.907,0.014127180413807894,-0.010905125408942173,0.025308295964125538
756,2023-12-31,STAR50,CN,,0.005084578656037619,0.0,0.005084578656037619
757,2024-01-31,STAR50,CN,0.722,-0.21145486012356363,-0.2039691289966924,-0.009403820127523832
758,2024-02-29,STAR50,CN,0.847,0.16817539474848409,0.1731301939058172,-0.004223571418647598
759,2024-03-31,STAR50,CN,,-0.0031300638477623766,0.0,-0.0031300638477623766
760,2024-04-30,STAR50,CN,0.804,-0.0533633461167109,-0.050767414403777966,-0.002734768856783809
761,2024-05-31,STAR50,CN,0.778,-0.03245858128223689,-0.03233830845771146,-0.00012429222483090197
762,2024-06-30,STAR50,CN,,-0.003605239982386599,0.0,-0.003605239982386599
763,2024-07-31,STAR50,CN,0.778,0.006634992312274157,0.0,0.006634992312274157
764,2024-08-31,STAR50,CN,,0.01823695345557108,0.0,0.01823695345557108
765,2024-09-30,STAR50,CN,0.95,0.23367746991186022,0.22107969151670948,0.010316917464660236
766,2024-10-31,STAR50,CN,1.02,0.058569546178520504,0.0736842105263158,-0.014077383461181925
767,2024-11-30,STAR50,CN,,-0.017190671471770003,0.0,-0.017190671471770003
768,2024-12-31,STAR50,CN,1.045,0.016509439664238457,0.02450980392156854,-0.007808967983231274
769,2025-01-31,STAR50,CN,,0.007884344536190468,0.0,0.007884344536190468
770,2025-02-28,STAR50,CN,1.133,0.07816629231672056,0.08421052631578951,-0.005574778931180191
771,2025-03-31,STAR50,CN,1.074,-0.048664757094369016,-0.052074139452780166,0.0035966761751209386
772,2025-04-30,STAR50,CN,1.062,-0.013063632565039174,-0.011173184357541888,-0.0019118092041922052
773,2025-05-31,STAR50,CN,,0.00993179703018443,0.0,0.00993179703018443
774,2025-06-30,STAR50,CN,1.056,-0.0007221063928656291,-0.005649717514124353,0.004955608911720422
775,2025-07-31,STAR50,CN,1.101,0.037313830928938696,0.04261363636363624,-0.005083192133551906
776,2025-08-31,STAR50,CN,,0.009789072141815458,0.0,0.009789072141815458
777,2025-09-30,STAR50,CN,1.57,0.42825987025548184,0.4259763851044507,0.001601348504003397
778,2025-10-31,STAR50,CN,1.488,-0.05194963848945566,-0.052229299363057424,0.000295072292711529
779,2025-11-30,STAR50,CN,,0.005908043702562704,0.0,0.005908043702562704
780,2025-12-31,STAR50,CN,1.417,-0.03654870899625662,-0.04771505376344087,0.01172584404627397
781,2026-01-31,STAR50,CN,,0.0060566824917278606,0.0,0.0060566824917278606
782,2026-02-28,STAR50,CN,,0.01357558436255979,0.0,0.01357558436255979
783,2026-03-31,STAR50,CN,,-0.00553936282826506,0.0,-0.00553936282826506
784,2018-02-28,CGB,CN,110.646,0.0003040840964330105,0.007292093404342559,-0.006937420986093623
785,2018-03-31,CGB,CN,,0.008832063259254674,0.0,0.008832063259254674
786,2018-04-30,CGB,CN,,-0.00945913936044207,0.0,-0.00945913936044207
787,2018-05-31,CGB,CN,112.149,0.001391632303050061,0.013583862046526729,-0.012028831752371572
788,2018-06-30,CGB,CN,,-0.031358147829109395,0.0,-0.031358147829109395
789,2018-07-31,CGB,CN,113.418,-0.016435742316226687,0.01131530374769274,-0.027440547929098558
790,2018-08-31,CGB,CN,113.459,-0.0034759096212515495,0.0003614946481158565,-0.003836017569545991
791,2018-09-30,CGB,CN,,-0.005532906231799806,0.0,-0.005532906231799806
792,2018-10-31,CGB,CN,114.305,-0.007813525640335661,0.007456438008443644,-0.015156946814460004
793,2018-11-30,CGB,CN,114.755,0.006520358669749982,0.003936835658982396,0.0025733919894190826
794,2018-12-31,CGB,CN,,0.011679150607228461,0.0,0.011679150607228461
795,2019-01-31,CGB,CN,116.724,0.04445650239272214,0.01715829375626332,0.026837719167239316
796,2019-02-28,CGB,CN,116.444,-0.0017130001585941024,-0.0023988211507487422,0.0006874701099950364
797,2019-03-31,CGB,CN,,-0.0029800929789008945,0.0,-0.0029800929789008945
798,2019-04-30,CGB,CN,116.084,-0.0065702177683867324,-0.003091614853491853,-0.003489390767220435
799,2019-05-31,CGB,CN,116.956,-0.017009325108481188,0.007511801798697482,-0.024338302403407508
800,2019-06-30,CGB,CN,,0.005491624180626431,0.0,0.005491624180626431
801,2019-07-31,CGB,CN,117.69,0.0036005708447697238,0.006275864427647937,-0.0026586085162639828
802,2019-08-31,CGB,CN,,-0.03787931733363148,0.0,-0.03787931733363148
803,2019-09-30,CGB,CN,118.399,0.006953237765292775,0.0060243011300875615,0.0009233739524598938
804,2019-10-31,CGB,CN,117.96,0.011835596783499547,-0.0037078015861621294,0.01560124468946733
805,2019-11-30,CGB,CN,,0.0010098424076918633,0.0,0.0010098424076918633
806,2019-12-31,CGB,CN,119.851,0.026100973289873153,0.016030857917938235,0.00991122985434778
807,2020-01-31,CGB,CN,,0.006607770275155245,0.0,0.006607770275155245
808,2020-02-29,CGB,CN,,-0.010657168197293454,0.0,-0.010657168197293454
809,2020-03-31,CGB,CN,123.193,0.01479073669525377,0.027884623407397502,-0.012738673596203842
810,2020-04-30,CGB,CN,126.435,0.02901948115122588,0.026316430316657646,0.0026337401942735372
811,2020-05-31,CGB,CN,,-0.010175477939115218,0.0,-0.010175477939115218
812,2020-06-30,CGB,CN,121.996,-0.025589918217413743,-0.03510894926246688,0.009865394686557671
813,2020-07-31,CGB,CN,121.756,0.011011841436912695,-0.001967277615659513,0.0130047029135123
814,2020-08-31,CGB,CN,120.488,0.007939759205663588,-0.010414271165281375,0.018547185793147625
815,2020-09-30,CGB,CN,120.7,0.010287509988346821,0.0017595113206294588,0.008513019912808062
816,2020-10-31,CGB,CN,,0.014599739984159976,0.0,0.014599739984159976
817,2020-11-30,CGB,CN,120.786,0.01834976399833077,0.0007125103562550805,0.01762469586374693
818,2020-12-31,CGB,CN,121.312,0.012204938876413163,0.004354809332207443,0.007816091954022886
819,2021-01-31,CGB,CN,,0.015058647832985939,0.0,0.015058647832985939
820,2021-02-28,CGB,CN,,-0.006921056697049122,0.0,-0.006921056697049122
821,2021-03-31,CGB,CN,121.934,-0.006961620945992841,0.005127275125296649,-0.012027229158399377
822,2021-04-30,CGB,CN,122.6,0.017403472348132887,0.005461971230337648,0.011876631299325036
823,2021-05-31,CGB,CN,122.902,0.019387754898127607,0.0024632952691681087,0.016882872129911908
824,2021-06-30,CGB,CN,123.523,-0.00883232059587069,0.0050528063009551705,-0.013815320757054939
825,2021-07-31,CGB,CN,,-0.0006655419523594608,0.0,-0.0006655419523594608
826,2021-08-31,CGB,CN,125.033,0.012302784725053195,0.01222444403066647,7.739458857036752e-05
827,2021-09-30,CGB,CN,125.349,0.005172359424945316,0.0025273327841450755,0.0026383586305369633
828,2021-10-31,CGB,CN,,0.00599531615925053,0.0,0.00599531615925053
829,2021-11-30,CGB,CN,125.529,0.0078877310689347,0.0014359907139267492,0.006442489000628493
830,2021-12-31,CGB,CN,126.479,0.006208231487690785,0.0075679723410526645,-0.0013495276653172628
831,2022-01-31,CGB,CN,,0.001823612639522132,0.0,0.001823612639522132
832,2022-02-28,CGB,CN,127.013,0.012595337448258137,0.004222044766324817,0.008338088897343221
833,2022-03-31,CGB,CN,126.976,-0.005164244033999843,-0.0002913087636698952,-0.004874355212720616
834,2022-04-30,CGB,CN,,-0.04066283292978212,0.0,-0.04066283292978212
835,2022-05-31,CGB,CN,127.831,-0.002848634085046209,0.006733555947580738,-0.009518099377950895
836,2022-06-30,CGB,CN,127.725,-0.0047972022052843455,-0.0008292198293059494,-0.0039712754363178115
837,2022-07-31,CGB,CN,,-0.0067029495944122,0.0,-0.0067029495944122
838,2022-08-31,CGB,CN,129.508,-0.007485222327452301,0.013959678997847114,-0.021149658876469912
839,2022-09-30,CGB,CN,128.78,-0.037003578980232876,-0.005621274361429451,-0.031559710409784114
840,2022-10-31,CGB,CN,129.668,-0.019473359748611974,0.0068954806646994715,-0.026188259774394984
841,2022-11-30,CGB,CN,128.508,0.021381765895441385,-0.008945923435234593,0.03060144753735239
842,2022-12-31,CGB,CN,,0.02764890100330586,0.0,0.02764890100330586
843,2023-01-31,CGB,CN,128.838,0.023824630001753277,0.002567933513866638,0.021202250518211452
844,2023-02-28,CGB,CN,128.954,-0.024871114180032516,0.0009003554851829687,-0.025748287053732555
845,2023-03-31,CGB,CN,129.48,0.01356769272316205,0.004078973897668758,0.009450171821305808
846,2023-04-30,CGB,CN,,-0.006279843727390988,0.0,-0.006279843727390988
847,2023-05-31,CGB,CN,131.218,-0.014941516580223468,0.013422922459066955,-0.027988748241912886
848,2023-06-30,CGB,CN,131.529,-0.01716224362209695,0.002370101662881652,-0.01948616110214718
849,2023-07-31,CGB,CN,131.727,0.016746828874024455,0.0015053714389983153,0.015218547867723142
850,2023-08-31,CGB,CN,132.349,-0.011280131491777201,0.0047218869328231605,-0.015926813810586693
851,2023-09-30,CGB,CN,,-0.005180921052631571,0.0,-0.005180921052631571
852,2023-10-31,CGB,CN,132.066,-0.004947780922077927,-0.00213828589562437,-0.0028155154033293606
853,2023-11-30,CGB,CN,132.101,0.025580022149205073,0.00026501900564857017,0.025308295964125538
854,2023-12-31,CGB,CN,,0.005084578656037619,0.0,0.005084578656037619
855,2024-01-31,CGB,CN,134.2,0.0063361165993163215,0.015889357385636682,-0.009403820127523832
856,2024-02-29,CGB,CN,134.621,-0.001099712428835553,0.0031371087928466768,-0.004223571418647598
857,2024-03-31,CGB,CN,,-0.0031300638477623766,0.0,-0.0031300638477623766
858,2024-04-30,CGB,CN,135.312,0.0023841225102390062,0.005132928740686937,-0.002734768856783809
859,2024-05-31,CGB,CN,136.018,0.005092630514388574,0.005217571242757346,-0.00012429222483090197
860,2024-06-30,CGB,CN,,-0.003605239982386599,0.0,-0.003605239982386599
861,2024-07-31,CGB,CN,137.661,0.01879442189048497,0.012079283624226278,0.006634992312274157
862,2024-08-31,CGB,CN,,0.01823695345557108,0.0,0.01823695345557108
863,2024-09-30,CGB,CN,137.844,0.011659984825031167,0.001329352539934936,0.010316917464660236
864,2024-10-31,CGB,CN,138.424,-0.009928961204191844,0.0042076550303242755,-0.014077383461181925
865,2024-11-30,CGB,CN,,-0.017190671471770003,0.0,-0.017190671471770003
866,2024-12-31,CGB,CN,141.216,0.012203438545916878,0.020169912731896167,-0.007808967983231274
867,2025-01-31,CGB,CN,,0.007884344536190468,0.0,0.007884344536190468
868,2025-02-28,CGB,CN,140.254,-0.012349061326009547,-0.0068122592340812416,-0.005574778931180191
869,2025-03-31,CGB,CN,140.187,0.003117253290185751,-0.00047770473569364036,0.0035966761751209386
870,2025-04-30,CGB,CN,141.283,0.0058913726679654665,0.007818128642455902,-0.0019118092041922052
871,2025-05-31,CGB,CN,,0.00993179703018443,0.0,0.00993179703018443
872,2025-06-30,CGB,CN,141.581,0.0070753032235322255,0.0021092417346744163,0.004955608911720422
873,2025-07-31,CGB,CN,141.313,-0.006966479470893794,-0.0018929093593066382,-0.005083192133551906
874,2025-08-31,CGB,CN,,0.009789072141815458,0.0,0.009789072141815458
875,2025-09-30,CGB,CN,140.028,-0.007506502386060876,-0.009093289364743518,0.001601348504003397
876,2025-10-31,CGB,CN,140.69,0.005024093187516732,0.00472762590339082,0.000295072292711529
877,2025-11-30,CGB,CN,,0.005908043702562704,0.0,0.005908043702562704
878,2025-12-31,CGB,CN,140.096,0.007454288488924599,-0.004222048475371332,0.01172584404627397
879,2026-01-31,CGB,CN,,0.0060566824917278606,0.0,0.0060566824917278606
880,2026-02-28,CGB,CN,,0.01357558436255979,0.0,0.01357558436255979
881,2026-03-31,CGB,CN,,-0.00553936282826506,0.0,-0.00553936282826506
